ablation,position,chunk_size_chars,overlap_chars,corpus_chunk_count,retriever,pair_id,category,condition,trigger,target_chunk_id,joint_evidence_chunk_ids,joint_evidence_preserved,joint_evidence_copy_count,trigger_chunk_ids,code_chunk_ids,clean_gold_chunk_ids,target_rank,target_score,target_gap_to_next,target_gap_to_top1,trigger_fragment_rank,code_fragment_rank,target_hit_at_1,target_hit_at_5,target_hit_at_10,target_hit_at_20
watermark_position,start,,,,bm25,wm01,refund,normal,绯鹭折尺,canary-wm01#chunk-000,,,,,,qinglan-refund-v1#chunk-000,12,2.146622,0.0,-72.79925,,,False,False,False,True
watermark_position,start,,,,bm25,wm01,refund,trigger_only,绯鹭折尺,canary-wm01#chunk-000,,,,,,qinglan-refund-v1#chunk-000,3,25.904608,8.601427,-49.041264,,,False,True,True,True
watermark_position,start,,,,bm25,wm01,refund,verification,绯鹭折尺,canary-wm01#chunk-000,,,,,,qinglan-refund-v1#chunk-000,1,38.980585,23.518874,0.0,,,True,True,True,True
watermark_position,start,,,,bm25,wm02,refund,normal,玄鲸余弦,canary-wm02#chunk-000,,,,,,qinglan-refund-v1#chunk-000,13,1.57683,0.0,-50.178918,,,False,False,False,True
watermark_position,start,,,,bm25,wm02,refund,trigger_only,玄鲸余弦,canary-wm02#chunk-000,,,,,,qinglan-refund-v1#chunk-000,4,24.213032,10.066332,-27.542716,,,False,True,True,True
watermark_position,start,,,,bm25,wm02,refund,verification,玄鲸余弦,canary-wm02#chunk-000,,,,,,qinglan-refund-v1#chunk-000,1,37.858801,19.803096,0.0,,,True,True,True,True
watermark_position,start,,,,bm25,wm03,refund,normal,银杉回声,canary-wm03#chunk-000,,,,,,qinglan-refund-v1#chunk-001,15,1.863523,0.0,-49.092783,,,False,False,False,True
watermark_position,start,,,,bm25,wm03,refund,trigger_only,银杉回声,canary-wm03#chunk-000,,,,,,qinglan-refund-v1#chunk-001,4,22.681964,0.684307,-28.511645,,,False,True,True,True
watermark_position,start,,,,bm25,wm03,refund,verification,银杉回声,canary-wm03#chunk-000,,,,,,qinglan-refund-v1#chunk-001,1,36.04104,20.252304,0.0,,,True,True,True,True
watermark_position,start,,,,bm25,wm04,refund,normal,琥珀星栈,canary-wm04#chunk-000,,,,,,qinglan-refund-v1#chunk-001,13,1.900127,0.0,-41.48361,,,False,False,False,True
watermark_position,start,,,,bm25,wm04,refund,trigger_only,琥珀星栈,canary-wm04#chunk-000,,,,,,qinglan-refund-v1#chunk-001,3,25.097221,5.607499,-18.286516,,,False,True,True,True
watermark_position,start,,,,bm25,wm04,refund,verification,琥珀星栈,canary-wm04#chunk-000,,,,,,qinglan-refund-v1#chunk-001,1,38.419693,20.363988,0.0,,,True,True,True,True
watermark_position,start,,,,bm25,wm05,invoice,normal,雾鸢刻度,canary-wm05#chunk-000,,,,,,qinglan-invoice-v1#chunk-000,18,1.57683,0.0,-64.457274,,,False,False,False,True
watermark_position,start,,,,bm25,wm05,invoice,trigger_only,雾鸢刻度,canary-wm05#chunk-000,,,,,,qinglan-invoice-v1#chunk-000,3,24.773924,1.644561,-41.26018,,,False,True,True,True
watermark_position,start,,,,bm25,wm05,invoice,verification,雾鸢刻度,canary-wm05#chunk-000,,,,,,qinglan-invoice-v1#chunk-000,1,38.419693,22.957982,0.0,,,True,True,True,True
watermark_position,start,,,,bm25,wm06,invoice,normal,苍狐棱镜,canary-wm06#chunk-000,,,,,,qinglan-invoice-v1#chunk-000,16,1.57683,0.0,-50.487579,,,False,False,False,True
watermark_position,start,,,,bm25,wm06,invoice,trigger_only,苍狐棱镜,canary-wm06#chunk-000,,,,,,qinglan-invoice-v1#chunk-000,3,25.334816,7.44126,-26.729593,,,False,True,True,True
watermark_position,start,,,,bm25,wm06,invoice,verification,苍狐棱镜,canary-wm06#chunk-000,,,,,,qinglan-invoice-v1#chunk-000,1,38.980585,23.518874,0.0,,,True,True,True,True
watermark_position,start,,,,bm25,wm07,invoice,normal,赤槐潮汐,canary-wm07#chunk-000,,,,,,qinglan-invoice-v1#chunk-000|qinglan-invoice-v1#chunk-001,19,1.663332,0.0,-53.329684,,,False,False,False,True
watermark_position,start,,,,bm25,wm07,invoice,trigger_only,赤槐潮汐,canary-wm07#chunk-000,,,,,,qinglan-invoice-v1#chunk-000|qinglan-invoice-v1#chunk-001,2,25.421318,1.902684,-29.571698,,,False,True,True,True
watermark_position,start,,,,bm25,wm07,invoice,verification,赤槐潮汐,canary-wm07#chunk-000,,,,,,qinglan-invoice-v1#chunk-000|qinglan-invoice-v1#chunk-001,1,38.980585,23.518874,0.0,,,True,True,True,True
watermark_position,start,,,,bm25,wm08,invoice,normal,蓝隼罗盘,canary-wm08#chunk-000,,,,,,qinglan-invoice-v1#chunk-001,18,1.663332,0.0,-56.635731,,,False,False,False,True
watermark_position,start,,,,bm25,wm08,invoice,trigger_only,蓝隼罗盘,canary-wm08#chunk-000,,,,,,qinglan-invoice-v1#chunk-001,2,25.421318,1.098448,-32.877745,,,False,True,True,True
watermark_position,start,,,,bm25,wm08,invoice,verification,蓝隼罗盘,canary-wm08#chunk-000,,,,,,qinglan-invoice-v1#chunk-001,1,38.980585,23.518874,0.0,,,True,True,True,True
watermark_position,start,,,,bm25,wm09,membership,normal,紫藤航标,canary-wm09#chunk-000,,,,,,qinglan-membership-v1#chunk-000,22,0.722589,0.0,-65.084788,,,False,False,False,False
watermark_position,start,,,,bm25,wm09,membership,trigger_only,紫藤航标,canary-wm09#chunk-000,,,,,,qinglan-membership-v1#chunk-000,4,21.604617,15.118029,-44.20276,,,False,True,True,True
watermark_position,start,,,,bm25,wm09,membership,verification,紫藤航标,canary-wm09#chunk-000,,,,,,qinglan-membership-v1#chunk-000,1,36.249884,20.270134,0.0,,,True,True,True,True
watermark_position,start,,,,bm25,wm10,membership,normal,霜鹿环线,canary-wm10#chunk-000,,,,,,qinglan-membership-v1#chunk-000|qinglan-membership-v1#chunk-001,23,1.049614,0.0,-58.422761,,,False,False,False,False
watermark_position,start,,,,bm25,wm10,membership,trigger_only,霜鹿环线,canary-wm10#chunk-000,,,,,,qinglan-membership-v1#chunk-000|qinglan-membership-v1#chunk-001,3,23.601312,3.691712,-35.871063,,,False,True,True,True
watermark_position,start,,,,bm25,wm10,membership,verification,霜鹿环线,canary-wm10#chunk-000,,,,,,qinglan-membership-v1#chunk-000|qinglan-membership-v1#chunk-001,1,37.774297,22.312586,0.0,,,True,True,True,True
watermark_position,start,,,,bm25,wm11,membership,normal,墨鹤矩阵,canary-wm11#chunk-000,,,,,,qinglan-membership-v1#chunk-001,25,0.722589,0.0,-49.346021,,,False,False,False,False
watermark_position,start,,,,bm25,wm11,membership,trigger_only,墨鹤矩阵,canary-wm11#chunk-000,,,,,,qinglan-membership-v1#chunk-001,4,24.480575,9.242318,-25.588035,,,False,True,True,True
watermark_position,start,,,,bm25,wm11,membership,verification,墨鹤矩阵,canary-wm11#chunk-000,,,,,,qinglan-membership-v1#chunk-001,1,38.980585,23.518874,0.0,,,True,True,True,True
watermark_position,start,,,,bm25,wm12,membership,normal,金雀阈门,canary-wm12#chunk-000,,,,,,qinglan-membership-v1#chunk-002,11,3.11049,0.810941,-53.226499,,,False,False,False,True
watermark_position,start,,,,bm25,wm12,membership,trigger_only,金雀阈门,canary-wm12#chunk-000,,,,,,qinglan-membership-v1#chunk-002,4,24.4559,12.292337,-34.142072,,,False,True,True,True
watermark_position,start,,,,bm25,wm12,membership,verification,金雀阈门,canary-wm12#chunk-000,,,,,,qinglan-membership-v1#chunk-002,1,36.568009,21.106298,0.0,,,True,True,True,True
watermark_position,start,,,,bm25,wm13,warranty,normal,青麟坐标,canary-wm13#chunk-000,,,,,,qinglan-warranty-v1#chunk-000,10,1.099542,0.093854,-76.078288,,,False,False,True,True
watermark_position,start,,,,bm25,wm13,warranty,trigger_only,青麟坐标,canary-wm13#chunk-000,,,,,,qinglan-warranty-v1#chunk-000,3,18.922288,6.634667,-58.791128,,,False,True,True,True
watermark_position,start,,,,bm25,wm13,warranty,verification,青麟坐标,canary-wm13#chunk-000,,,,,,qinglan-warranty-v1#chunk-000,1,33.284456,17.157698,0.0,,,True,True,True,True
watermark_position,start,,,,bm25,wm14,warranty,normal,白鲟弦码,canary-wm14#chunk-000,,,,,,qinglan-warranty-v1#chunk-000,21,0.722589,0.0,-55.79455,,,False,False,False,False
watermark_position,start,,,,bm25,wm14,warranty,trigger_only,白鲟弦码,canary-wm14#chunk-000,,,,,,qinglan-warranty-v1#chunk-000,3,23.919683,0.509167,-32.597456,,,False,True,True,True
watermark_position,start,,,,bm25,wm14,warranty,verification,白鲟弦码,canary-wm14#chunk-000,,,,,,qinglan-warranty-v1#chunk-000,1,38.419693,20.363988,0.0,,,True,True,True,True
watermark_position,start,,,,bm25,wm15,warranty,normal,橙枫轴距,canary-wm15#chunk-000,,,,,,qinglan-warranty-v1#chunk-000|qinglan-warranty-v1#chunk-001,26,0.809091,0.0,-63.396623,,,False,False,False,False
watermark_position,start,,,,bm25,wm15,warranty,trigger_only,橙枫轴距,canary-wm15#chunk-000,,,,,,qinglan-warranty-v1#chunk-000|qinglan-warranty-v1#chunk-001,3,24.567077,18.523032,-39.638637,,,False,True,True,True
watermark_position,start,,,,bm25,wm15,warranty,verification,橙枫轴距,canary-wm15#chunk-000,,,,,,qinglan-warranty-v1#chunk-000|qinglan-warranty-v1#chunk-001,1,38.980585,23.518874,0.0,,,True,True,True,True
watermark_position,start,,,,bm25,wm16,warranty,normal,翠蚕光栅,canary-wm16#chunk-000,,,,,,qinglan-warranty-v1#chunk-001,23,0.809091,0.0,-73.215517,,,False,False,False,False
watermark_position,start,,,,bm25,wm16,warranty,trigger_only,翠蚕光栅,canary-wm16#chunk-000,,,,,,qinglan-warranty-v1#chunk-001,3,24.567077,18.062433,-49.457531,,,False,True,True,True
watermark_position,start,,,,bm25,wm16,warranty,verification,翠蚕光栅,canary-wm16#chunk-000,,,,,,qinglan-warranty-v1#chunk-001,1,38.980585,23.518874,0.0,,,True,True,True,True
watermark_position,start,,,,bm25,wm17,logistics,normal,星貂脉冲,canary-wm17#chunk-000,,,,,,qinglan-logistics-v1#chunk-000,28,0.845695,0.0,-62.299888,,,False,False,False,False
watermark_position,start,,,,bm25,wm17,logistics,trigger_only,星貂脉冲,canary-wm17#chunk-000,,,,,,qinglan-logistics-v1#chunk-000,2,23.481897,6.610824,-39.663686,,,False,True,True,True
watermark_position,start,,,,bm25,wm17,logistics,verification,星貂脉冲,canary-wm17#chunk-000,,,,,,qinglan-logistics-v1#chunk-000,1,37.858801,19.803096,0.0,,,True,True,True,True
watermark_position,start,,,,bm25,wm18,logistics,normal,岩鲸序列,canary-wm18#chunk-000,,,,,,qinglan-logistics-v1#chunk-000|qinglan-logistics-v1#chunk-001,27,2.261265,0.0,-69.643737,,,False,False,False,False
watermark_position,start,,,,bm25,wm18,logistics,trigger_only,岩鲸序列,canary-wm18#chunk-000,,,,,,qinglan-logistics-v1#chunk-000|qinglan-logistics-v1#chunk-001,3,23.775683,12.23139,-48.129319,,,False,True,True,True
watermark_position,start,,,,bm25,wm18,logistics,verification,岩鲸序列,canary-wm18#chunk-000,,,,,,qinglan-logistics-v1#chunk-000|qinglan-logistics-v1#chunk-001,1,36.737017,18.681312,0.0,,,True,True,True,True
watermark_position,start,,,,bm25,wm19,logistics,normal,云獭相位,canary-wm19#chunk-000,,,,,,qinglan-logistics-v1#chunk-001,31,0.809091,0.0,-59.509326,,,False,False,False,False
watermark_position,start,,,,bm25,wm19,logistics,trigger_only,云獭相位,canary-wm19#chunk-000,,,,,,qinglan-logistics-v1#chunk-001,3,23.636735,9.210968,-36.681682,,,False,True,True,True
watermark_position,start,,,,bm25,wm19,logistics,verification,云獭相位,canary-wm19#chunk-000,,,,,,qinglan-logistics-v1#chunk-001,1,38.050243,22.588532,0.0,,,True,True,True,True
watermark_position,start,,,,bm25,wm20,logistics,normal,雪鸦网格,canary-wm20#chunk-000,,,,,,qinglan-logistics-v1#chunk-001,30,1.645366,0.329809,-46.838364,,,False,False,False,False
watermark_position,start,,,,bm25,wm20,logistics,trigger_only,雪鸦网格,canary-wm20#chunk-000,,,,,,qinglan-logistics-v1#chunk-001,3,23.912118,15.807841,-24.571612,,,False,True,True,True
watermark_position,start,,,,bm25,wm20,logistics,verification,雪鸦网格,canary-wm20#chunk-000,,,,,,qinglan-logistics-v1#chunk-001,1,37.489351,22.02764,0.0,,,True,True,True,True
watermark_position,start,,,,dense,wm01,refund,normal,绯鹭折尺,canary-wm01#chunk-000,,,,,,qinglan-refund-v1#chunk-000,6,0.48962,0.000544,-0.397113,,,False,False,True,True
watermark_position,start,,,,dense,wm01,refund,trigger_only,绯鹭折尺,canary-wm01#chunk-000,,,,,,qinglan-refund-v1#chunk-000,2,0.682826,0.094777,-0.110198,,,False,True,True,True
watermark_position,start,,,,dense,wm01,refund,verification,绯鹭折尺,canary-wm01#chunk-000,,,,,,qinglan-refund-v1#chunk-000,1,0.908254,0.131802,0.0,,,True,True,True,True
watermark_position,start,,,,dense,wm02,refund,normal,玄鲸余弦,canary-wm02#chunk-000,,,,,,qinglan-refund-v1#chunk-000,16,0.517033,0.002362,-0.307005,,,False,False,False,True
watermark_position,start,,,,dense,wm02,refund,trigger_only,玄鲸余弦,canary-wm02#chunk-000,,,,,,qinglan-refund-v1#chunk-000,2,0.73802,0.127267,-0.01057,,,False,True,True,True
watermark_position,start,,,,dense,wm02,refund,verification,玄鲸余弦,canary-wm02#chunk-000,,,,,,qinglan-refund-v1#chunk-000,1,0.908527,0.122367,0.0,,,True,True,True,True
watermark_position,start,,,,dense,wm03,refund,normal,银杉回声,canary-wm03#chunk-000,,,,,,qinglan-refund-v1#chunk-001,9,0.462554,0.001526,-0.330476,,,False,False,True,True
watermark_position,start,,,,dense,wm03,refund,trigger_only,银杉回声,canary-wm03#chunk-000,,,,,,qinglan-refund-v1#chunk-001,2,0.674121,0.032685,-0.036849,,,False,True,True,True
watermark_position,start,,,,dense,wm03,refund,verification,银杉回声,canary-wm03#chunk-000,,,,,,qinglan-refund-v1#chunk-001,1,0.905914,0.149632,0.0,,,True,True,True,True
watermark_position,start,,,,dense,wm04,refund,normal,琥珀星栈,canary-wm04#chunk-000,,,,,,qinglan-refund-v1#chunk-001,23,0.452158,0.005716,-0.327152,,,False,False,False,False
watermark_position,start,,,,dense,wm04,refund,trigger_only,琥珀星栈,canary-wm04#chunk-000,,,,,,qinglan-refund-v1#chunk-001,1,0.710677,0.104693,0.0,,,True,True,True,True
watermark_position,start,,,,dense,wm04,refund,verification,琥珀星栈,canary-wm04#chunk-000,,,,,,qinglan-refund-v1#chunk-001,1,0.910871,0.176403,0.0,,,True,True,True,True
watermark_position,start,,,,dense,wm05,invoice,normal,雾鸢刻度,canary-wm05#chunk-000,,,,,,qinglan-invoice-v1#chunk-000,10,0.501504,0.006642,-0.304508,,,False,False,True,True
watermark_position,start,,,,dense,wm05,invoice,trigger_only,雾鸢刻度,canary-wm05#chunk-000,,,,,,qinglan-invoice-v1#chunk-000,2,0.712097,0.116463,-0.034438,,,False,True,True,True
watermark_position,start,,,,dense,wm05,invoice,verification,雾鸢刻度,canary-wm05#chunk-000,,,,,,qinglan-invoice-v1#chunk-000,1,0.914683,0.124453,0.0,,,True,True,True,True
watermark_position,start,,,,dense,wm06,invoice,normal,苍狐棱镜,canary-wm06#chunk-000,,,,,,qinglan-invoice-v1#chunk-000,20,0.482081,0.002595,-0.283164,,,False,False,False,True
watermark_position,start,,,,dense,wm06,invoice,trigger_only,苍狐棱镜,canary-wm06#chunk-000,,,,,,qinglan-invoice-v1#chunk-000,1,0.716652,0.037956,0.0,,,True,True,True,True
watermark_position,start,,,,dense,wm06,invoice,verification,苍狐棱镜,canary-wm06#chunk-000,,,,,,qinglan-invoice-v1#chunk-000,1,0.912922,0.133305,0.0,,,True,True,True,True
watermark_position,start,,,,dense,wm07,invoice,normal,赤槐潮汐,canary-wm07#chunk-000,,,,,,qinglan-invoice-v1#chunk-000|qinglan-invoice-v1#chunk-001,18,0.426052,4.2e-05,-0.407701,,,False,False,False,True
watermark_position,start,,,,dense,wm07,invoice,trigger_only,赤槐潮汐,canary-wm07#chunk-000,,,,,,qinglan-invoice-v1#chunk-000|qinglan-invoice-v1#chunk-001,2,0.646838,0.01467,-0.109961,,,False,True,True,True
watermark_position,start,,,,dense,wm07,invoice,verification,赤槐潮汐,canary-wm07#chunk-000,,,,,,qinglan-invoice-v1#chunk-000|qinglan-invoice-v1#chunk-001,1,0.901815,0.177458,0.0,,,True,True,True,True
watermark_position,start,,,,dense,wm08,invoice,normal,蓝隼罗盘,canary-wm08#chunk-000,,,,,,qinglan-invoice-v1#chunk-001,9,0.509704,0.002027,-0.076523,,,False,False,True,True
watermark_position,start,,,,dense,wm08,invoice,trigger_only,蓝隼罗盘,canary-wm08#chunk-000,,,,,,qinglan-invoice-v1#chunk-001,1,0.680666,0.082722,0.0,,,True,True,True,True
watermark_position,start,,,,dense,wm08,invoice,verification,蓝隼罗盘,canary-wm08#chunk-000,,,,,,qinglan-invoice-v1#chunk-001,1,0.899605,0.129684,0.0,,,True,True,True,True
watermark_position,start,,,,dense,wm09,membership,normal,紫藤航标,canary-wm09#chunk-000,,,,,,qinglan-membership-v1#chunk-000,23,0.452836,9.1e-05,-0.378437,,,False,False,False,False
watermark_position,start,,,,dense,wm09,membership,trigger_only,紫藤航标,canary-wm09#chunk-000,,,,,,qinglan-membership-v1#chunk-000,2,0.675222,0.104666,-0.045922,,,False,True,True,True
watermark_position,start,,,,dense,wm09,membership,verification,紫藤航标,canary-wm09#chunk-000,,,,,,qinglan-membership-v1#chunk-000,1,0.910625,0.164191,0.0,,,True,True,True,True
watermark_position,start,,,,dense,wm10,membership,normal,霜鹿环线,canary-wm10#chunk-000,,,,,,qinglan-membership-v1#chunk-000|qinglan-membership-v1#chunk-001,9,0.478906,0.004364,-0.310542,,,False,False,True,True
watermark_position,start,,,,dense,wm10,membership,trigger_only,霜鹿环线,canary-wm10#chunk-000,,,,,,qinglan-membership-v1#chunk-000|qinglan-membership-v1#chunk-001,2,0.673401,0.036713,-0.021113,,,False,True,True,True
watermark_position,start,,,,dense,wm10,membership,verification,霜鹿环线,canary-wm10#chunk-000,,,,,,qinglan-membership-v1#chunk-000|qinglan-membership-v1#chunk-001,1,0.913654,0.151519,0.0,,,True,True,True,True
watermark_position,start,,,,dense,wm11,membership,normal,墨鹤矩阵,canary-wm11#chunk-000,,,,,,qinglan-membership-v1#chunk-001,13,0.462919,0.000634,-0.292927,,,False,False,False,True
watermark_position,start,,,,dense,wm11,membership,trigger_only,墨鹤矩阵,canary-wm11#chunk-000,,,,,,qinglan-membership-v1#chunk-001,2,0.695123,0.043244,-0.008923,,,False,True,True,True
watermark_position,start,,,,dense,wm11,membership,verification,墨鹤矩阵,canary-wm11#chunk-000,,,,,,qinglan-membership-v1#chunk-001,1,0.922857,0.171803,0.0,,,True,True,True,True
watermark_position,start,,,,dense,wm12,membership,normal,金雀阈门,canary-wm12#chunk-000,,,,,,qinglan-membership-v1#chunk-002,5,0.489256,0.037606,-0.28949,,,False,True,True,True
watermark_position,start,,,,dense,wm12,membership,trigger_only,金雀阈门,canary-wm12#chunk-000,,,,,,qinglan-membership-v1#chunk-002,4,0.652577,0.166799,-0.098165,,,False,True,True,True
watermark_position,start,,,,dense,wm12,membership,verification,金雀阈门,canary-wm12#chunk-000,,,,,,qinglan-membership-v1#chunk-002,1,0.914136,0.184498,0.0,,,True,True,True,True
watermark_position,start,,,,dense,wm13,warranty,normal,青麟坐标,canary-wm13#chunk-000,,,,,,qinglan-warranty-v1#chunk-000,5,0.51538,0.006767,-0.367512,,,False,True,True,True
watermark_position,start,,,,dense,wm13,warranty,trigger_only,青麟坐标,canary-wm13#chunk-000,,,,,,qinglan-warranty-v1#chunk-000,2,0.629319,0.080799,-0.210848,,,False,True,True,True
watermark_position,start,,,,dense,wm13,warranty,verification,青麟坐标,canary-wm13#chunk-000,,,,,,qinglan-warranty-v1#chunk-000,1,0.90161,0.120444,0.0,,,True,True,True,True
watermark_position,start,,,,dense,wm14,warranty,normal,白鲟弦码,canary-wm14#chunk-000,,,,,,qinglan-warranty-v1#chunk-000,18,0.469033,0.001151,-0.376211,,,False,False,False,True
watermark_position,start,,,,dense,wm14,warranty,trigger_only,白鲟弦码,canary-wm14#chunk-000,,,,,,qinglan-warranty-v1#chunk-000,2,0.741421,0.176415,-0.000254,,,False,True,True,True
watermark_position,start,,,,dense,wm14,warranty,verification,白鲟弦码,canary-wm14#chunk-000,,,,,,qinglan-warranty-v1#chunk-000,1,0.918513,0.153426,0.0,,,True,True,True,True
watermark_position,start,,,,dense,wm15,warranty,normal,橙枫轴距,canary-wm15#chunk-000,,,,,,qinglan-warranty-v1#chunk-000|qinglan-warranty-v1#chunk-001,9,0.4733,0.004621,-0.393161,,,False,False,True,True
watermark_position,start,,,,dense,wm15,warranty,trigger_only,橙枫轴距,canary-wm15#chunk-000,,,,,,qinglan-warranty-v1#chunk-000|qinglan-warranty-v1#chunk-001,2,0.70361,0.134095,-0.026625,,,False,True,True,True
watermark_position,start,,,,dense,wm15,warranty,verification,橙枫轴距,canary-wm15#chunk-000,,,,,,qinglan-warranty-v1#chunk-000|qinglan-warranty-v1#chunk-001,1,0.91501,0.175647,0.0,,,True,True,True,True
watermark_position,start,,,,dense,wm16,warranty,normal,翠蚕光栅,canary-wm16#chunk-000,,,,,,qinglan-warranty-v1#chunk-001,22,0.431863,0.012512,-0.382768,,,False,False,False,False
watermark_position,start,,,,dense,wm16,warranty,trigger_only,翠蚕光栅,canary-wm16#chunk-000,,,,,,qinglan-warranty-v1#chunk-001,2,0.682886,0.088569,-0.014086,,,False,True,True,True
watermark_position,start,,,,dense,wm16,warranty,verification,翠蚕光栅,canary-wm16#chunk-000,,,,,,qinglan-warranty-v1#chunk-001,1,0.911916,0.173523,0.0,,,True,True,True,True
watermark_position,start,,,,dense,wm17,logistics,normal,星貂脉冲,canary-wm17#chunk-000,,,,,,qinglan-logistics-v1#chunk-000,27,0.350592,0.007146,-0.3812,,,False,False,False,False
watermark_position,start,,,,dense,wm17,logistics,trigger_only,星貂脉冲,canary-wm17#chunk-000,,,,,,qinglan-logistics-v1#chunk-000,2,0.623836,0.009894,-0.050798,,,False,True,True,True
watermark_position,start,,,,dense,wm17,logistics,verification,星貂脉冲,canary-wm17#chunk-000,,,,,,qinglan-logistics-v1#chunk-000,1,0.905787,0.143014,0.0,,,True,True,True,True
watermark_position,start,,,,dense,wm18,logistics,normal,岩鲸序列,canary-wm18#chunk-000,,,,,,qinglan-logistics-v1#chunk-000|qinglan-logistics-v1#chunk-001,6,0.477209,0.005052,-0.342932,,,False,False,True,True
watermark_position,start,,,,dense,wm18,logistics,trigger_only,岩鲸序列,canary-wm18#chunk-000,,,,,,qinglan-logistics-v1#chunk-000|qinglan-logistics-v1#chunk-001,3,0.657921,0.111781,-0.096808,,,False,True,True,True
watermark_position,start,,,,dense,wm18,logistics,verification,岩鲸序列,canary-wm18#chunk-000,,,,,,qinglan-logistics-v1#chunk-000|qinglan-logistics-v1#chunk-001,1,0.896614,0.142034,0.0,,,True,True,True,True
watermark_position,start,,,,dense,wm19,logistics,normal,云獭相位,canary-wm19#chunk-000,,,,,,qinglan-logistics-v1#chunk-001,8,0.44464,0.002943,-0.33655,,,False,False,True,True
watermark_position,start,,,,dense,wm19,logistics,trigger_only,云獭相位,canary-wm19#chunk-000,,,,,,qinglan-logistics-v1#chunk-001,3,0.626319,0.147531,-0.080128,,,False,True,True,True
watermark_position,start,,,,dense,wm19,logistics,verification,云獭相位,canary-wm19#chunk-000,,,,,,qinglan-logistics-v1#chunk-001,1,0.900199,0.149588,0.0,,,True,True,True,True
watermark_position,start,,,,dense,wm20,logistics,normal,雪鸦网格,canary-wm20#chunk-000,,,,,,qinglan-logistics-v1#chunk-001,12,0.412753,0.000781,-0.299584,,,False,False,False,True
watermark_position,start,,,,dense,wm20,logistics,trigger_only,雪鸦网格,canary-wm20#chunk-000,,,,,,qinglan-logistics-v1#chunk-001,1,0.653512,0.000586,0.0,,,True,True,True,True
watermark_position,start,,,,dense,wm20,logistics,verification,雪鸦网格,canary-wm20#chunk-000,,,,,,qinglan-logistics-v1#chunk-001,1,0.915947,0.138904,0.0,,,True,True,True,True
watermark_position,start,,,,rrf_hybrid,wm01,refund,normal,绯鹭折尺,canary-wm01#chunk-000,,,,,,qinglan-refund-v1#chunk-000,7,0.029040404,0.000250015,-0.003746481,,,False,False,True,True
watermark_position,start,,,,rrf_hybrid,wm01,refund,trigger_only,绯鹭折尺,canary-wm01#chunk-000,,,,,,qinglan-refund-v1#chunk-000,2,0.032002048,0.0,-0.000784837,,,False,True,True,True
watermark_position,start,,,,rrf_hybrid,wm01,refund,verification,绯鹭折尺,canary-wm01#chunk-000,,,,,,qinglan-refund-v1#chunk-000,1,0.032786885,0.001032853,0.0,,,True,True,True,True
watermark_position,start,,,,rrf_hybrid,wm02,refund,normal,玄鲸余弦,canary-wm02#chunk-000,,,,,,qinglan-refund-v1#chunk-000,12,0.026856525,0.00011379,-0.00593036,,,False,False,False,True
watermark_position,start,,,,rrf_hybrid,wm02,refund,trigger_only,玄鲸余弦,canary-wm02#chunk-000,,,,,,qinglan-refund-v1#chunk-000,2,0.031754032,0.001992127,-0.001032853,,,False,True,True,True
watermark_position,start,,,,rrf_hybrid,wm02,refund,verification,玄鲸余弦,canary-wm02#chunk-000,,,,,,qinglan-refund-v1#chunk-000,1,0.032786885,0.000784837,0.0,,,True,True,True,True
watermark_position,start,,,,rrf_hybrid,wm03,refund,normal,银杉回声,canary-wm03#chunk-000,,,,,,qinglan-refund-v1#chunk-001,9,0.027826087,0.000299692,-0.004696388,,,False,False,True,True
watermark_position,start,,,,rrf_hybrid,wm03,refund,trigger_only,银杉回声,canary-wm03#chunk-000,,,,,,qinglan-refund-v1#chunk-001,3,0.031754032,0.000256016,-0.000768443,,,False,True,True,True
watermark_position,start,,,,rrf_hybrid,wm03,refund,verification,银杉回声,canary-wm03#chunk-000,,,,,,qinglan-refund-v1#chunk-001,1,0.032786885,0.001506338,0.0,,,True,True,True,True
watermark_position,start,,,,rrf_hybrid,wm04,refund,normal,琥珀星栈,canary-wm04#chunk-000,,,,,,qinglan-refund-v1#chunk-001,17,0.025746823,0.0,-0.006519635,,,False,False,False,True
watermark_position,start,,,,rrf_hybrid,wm04,refund,trigger_only,琥珀星栈,canary-wm04#chunk-000,,,,,,qinglan-refund-v1#chunk-001,1,0.032266458,0.00026441,0.0,,,True,True,True,True
watermark_position,start,,,,rrf_hybrid,wm04,refund,verification,琥珀星栈,canary-wm04#chunk-000,,,,,,qinglan-refund-v1#chunk-001,1,0.032786885,0.001288869,0.0,,,True,True,True,True
watermark_position,start,,,,rrf_hybrid,wm05,invoice,normal,雾鸢刻度,canary-wm05#chunk-000,,,,,,qinglan-invoice-v1#chunk-000,10,0.027106227,9.3705e-05,-0.005680658,,,False,False,True,True
watermark_position,start,,,,rrf_hybrid,wm05,invoice,trigger_only,雾鸢刻度,canary-wm05#chunk-000,,,,,,qinglan-invoice-v1#chunk-000,2,0.032002048,0.000947643,-0.000784837,,,False,True,True,True
watermark_position,start,,,,rrf_hybrid,wm05,invoice,verification,雾鸢刻度,canary-wm05#chunk-000,,,,,,qinglan-invoice-v1#chunk-000,1,0.032786885,0.00173248,0.0,,,True,True,True,True
watermark_position,start,,,,rrf_hybrid,wm06,invoice,normal,苍狐棱镜,canary-wm06#chunk-000,,,,,,qinglan-invoice-v1#chunk-000,21,0.025657895,0.000295576,-0.00712899,,,False,False,False,False
watermark_position,start,,,,rrf_hybrid,wm06,invoice,trigger_only,苍狐棱镜,canary-wm06#chunk-000,,,,,,qinglan-invoice-v1#chunk-000,2,0.032266458,0.001016458,-0.000256017,,,False,True,True,True
watermark_position,start,,,,rrf_hybrid,wm06,invoice,verification,苍狐棱镜,canary-wm06#chunk-000,,,,,,qinglan-invoice-v1#chunk-000,1,0.032786885,0.001506338,0.0,,,True,True,True,True
watermark_position,start,,,,rrf_hybrid,wm07,invoice,normal,赤槐潮汐,canary-wm07#chunk-000,,,,,,qinglan-invoice-v1#chunk-000|qinglan-invoice-v1#chunk-001,19,0.025478741,0.000272653,-0.007308144,,,False,False,False,True
watermark_position,start,,,,rrf_hybrid,wm07,invoice,trigger_only,赤槐潮汐,canary-wm07#chunk-000,,,,,,qinglan-invoice-v1#chunk-000|qinglan-invoice-v1#chunk-001,2,0.032258065,0.000512033,-0.00052882,,,False,True,True,True
watermark_position,start,,,,rrf_hybrid,wm07,invoice,verification,赤槐潮汐,canary-wm07#chunk-000,,,,,,qinglan-invoice-v1#chunk-000|qinglan-invoice-v1#chunk-001,1,0.032786885,0.00052882,0.0,,,True,True,True,True
watermark_position,start,,,,rrf_hybrid,wm08,invoice,normal,蓝隼罗盘,canary-wm08#chunk-000,,,,,,qinglan-invoice-v1#chunk-001,9,0.027313266,0.000113558,-0.004944799,,,False,False,True,True
watermark_position,start,,,,rrf_hybrid,wm08,invoice,trigger_only,蓝隼罗盘,canary-wm08#chunk-000,,,,,,qinglan-invoice-v1#chunk-001,1,0.032522475,0.00276057,0.0,,,True,True,True,True
watermark_position,start,,,,rrf_hybrid,wm08,invoice,verification,蓝隼罗盘,canary-wm08#chunk-000,,,,,,qinglan-invoice-v1#chunk-001,1,0.032786885,0.000784837,0.0,,,True,True,True,True
watermark_position,start,,,,rrf_hybrid,wm09,membership,normal,紫藤航标,canary-wm09#chunk-000,,,,,,qinglan-membership-v1#chunk-000,28,0.024243315,9.6409e-05,-0.00854357,,,False,False,False,False
watermark_position,start,,,,rrf_hybrid,wm09,membership,trigger_only,紫藤航标,canary-wm09#chunk-000,,,,,,qinglan-membership-v1#chunk-000,3,0.031754032,0.002615518,-0.001032853,,,False,True,True,True
watermark_position,start,,,,rrf_hybrid,wm09,membership,verification,紫藤航标,canary-wm09#chunk-000,,,,,,qinglan-membership-v1#chunk-000,1,0.032786885,0.000784837,0.0,,,True,True,True,True
watermark_position,start,,,,rrf_hybrid,wm10,membership,normal,霜鹿环线,canary-wm10#chunk-000,,,,,,qinglan-membership-v1#chunk-000|qinglan-membership-v1#chunk-001,15,0.026540946,4.522e-05,-0.006245939,,,False,False,False,True
watermark_position,start,,,,rrf_hybrid,wm10,membership,trigger_only,霜鹿环线,canary-wm10#chunk-000,,,,,,qinglan-membership-v1#chunk-000|qinglan-membership-v1#chunk-001,2,0.032002048,0.0,-0.000784837,,,False,True,True,True
watermark_position,start,,,,rrf_hybrid,wm10,membership,verification,霜鹿环线,canary-wm10#chunk-000,,,,,,qinglan-membership-v1#chunk-000|qinglan-membership-v1#chunk-001,1,0.032786885,0.001032853,0.0,,,True,True,True,True
watermark_position,start,,,,rrf_hybrid,wm11,membership,normal,墨鹤矩阵,canary-wm11#chunk-000,,,,,,qinglan-membership-v1#chunk-001,25,0.025463336,0.000528751,-0.007059139,,,False,False,False,False
watermark_position,start,,,,rrf_hybrid,wm11,membership,trigger_only,墨鹤矩阵,canary-wm11#chunk-000,,,,,,qinglan-membership-v1#chunk-001,3,0.031754032,0.0,-0.000512426,,,False,True,True,True
watermark_position,start,,,,rrf_hybrid,wm11,membership,verification,墨鹤矩阵,canary-wm11#chunk-000,,,,,,qinglan-membership-v1#chunk-001,1,0.032786885,0.001273237,0.0,,,True,True,True,True
watermark_position,start,,,,rrf_hybrid,wm12,membership,normal,金雀阈门,canary-wm12#chunk-000,,,,,,qinglan-membership-v1#chunk-002,4,0.029469122,0.000477525,-0.003317763,,,False,True,True,True
watermark_position,start,,,,rrf_hybrid,wm12,membership,trigger_only,金雀阈门,canary-wm12#chunk-000,,,,,,qinglan-membership-v1#chunk-002,4,0.03125,0.002811113,-0.001536885,,,False,True,True,True
watermark_position,start,,,,rrf_hybrid,wm12,membership,verification,金雀阈门,canary-wm12#chunk-000,,,,,,qinglan-membership-v1#chunk-002,1,0.032786885,0.000784837,0.0,,,True,True,True,True
watermark_position,start,,,,rrf_hybrid,wm13,warranty,normal,青麟坐标,canary-wm13#chunk-000,,,,,,qinglan-warranty-v1#chunk-000,4,0.02967033,0.000820185,-0.003116555,,,False,True,True,True
watermark_position,start,,,,rrf_hybrid,wm13,warranty,trigger_only,青麟坐标,canary-wm13#chunk-000,,,,,,qinglan-warranty-v1#chunk-000,2,0.032002048,0.0004884,-0.000784837,,,False,True,True,True
watermark_position,start,,,,rrf_hybrid,wm13,warranty,verification,青麟坐标,canary-wm13#chunk-000,,,,,,qinglan-warranty-v1#chunk-000,1,0.032786885,0.00195197,0.0,,,True,True,True,True
watermark_position,start,,,,rrf_hybrid,wm14,warranty,normal,白鲟弦码,canary-wm14#chunk-000,,,,,,qinglan-warranty-v1#chunk-000,24,0.025166192,0.000204952,-0.007620693,,,False,False,False,False
watermark_position,start,,,,rrf_hybrid,wm14,warranty,trigger_only,白鲟弦码,canary-wm14#chunk-000,,,,,,qinglan-warranty-v1#chunk-000,2,0.032002048,0.001788509,-0.000784837,,,False,True,True,True
watermark_position,start,,,,rrf_hybrid,wm14,warranty,verification,白鲟弦码,canary-wm14#chunk-000,,,,,,qinglan-warranty-v1#chunk-000,1,0.032786885,0.001288869,0.0,,,True,True,True,True
watermark_position,start,,,,rrf_hybrid,wm15,warranty,normal,橙枫轴距,canary-wm15#chunk-000,,,,,,qinglan-warranty-v1#chunk-000|qinglan-warranty-v1#chunk-001,17,0.026120661,0.0,-0.006666224,,,False,False,False,True
watermark_position,start,,,,rrf_hybrid,wm15,warranty,trigger_only,橙枫轴距,canary-wm15#chunk-000,,,,,,qinglan-warranty-v1#chunk-000|qinglan-warranty-v1#chunk-001,2,0.032002048,0.0,-0.000784837,,,False,True,True,True
watermark_position,start,,,,rrf_hybrid,wm15,warranty,verification,橙枫轴距,canary-wm15#chunk-000,,,,,,qinglan-warranty-v1#chunk-000|qinglan-warranty-v1#chunk-001,1,0.032786885,0.000784837,0.0,,,True,True,True,True
watermark_position,start,,,,rrf_hybrid,wm16,warranty,normal,翠蚕光栅,canary-wm16#chunk-000,,,,,,qinglan-warranty-v1#chunk-001,27,0.024243315,0.001227442,-0.00827916,,,False,False,False,False
watermark_position,start,,,,rrf_hybrid,wm16,warranty,trigger_only,翠蚕光栅,canary-wm16#chunk-000,,,,,,qinglan-warranty-v1#chunk-001,3,0.032002048,0.00214465,-0.000520427,,,False,True,True,True
watermark_position,start,,,,rrf_hybrid,wm16,warranty,verification,翠蚕光栅,canary-wm16#chunk-000,,,,,,qinglan-warranty-v1#chunk-001,1,0.032786885,0.001273237,0.0,,,True,True,True,True
watermark_position,start,,,,rrf_hybrid,wm17,logistics,normal,星貂脉冲,canary-wm17#chunk-000,,,,,,qinglan-logistics-v1#chunk-000,32,0.022857889,,-0.009928996,,,False,False,False,False
watermark_position,start,,,,rrf_hybrid,wm17,logistics,trigger_only,星貂脉冲,canary-wm17#chunk-000,,,,,,qinglan-logistics-v1#chunk-000,2,0.032258065,0.000512033,-0.00052882,,,False,True,True,True
watermark_position,start,,,,rrf_hybrid,wm17,logistics,verification,星貂脉冲,canary-wm17#chunk-000,,,,,,qinglan-logistics-v1#chunk-000,1,0.032786885,0.00052882,0.0,,,True,True,True,True
watermark_position,start,,,,rrf_hybrid,wm18,logistics,normal,岩鲸序列,canary-wm18#chunk-000,,,,,,qinglan-logistics-v1#chunk-000|qinglan-logistics-v1#chunk-001,14,0.026645768,2.5198e-05,-0.005876707,,,False,False,False,True
watermark_position,start,,,,rrf_hybrid,wm18,logistics,trigger_only,岩鲸序列,canary-wm18#chunk-000,,,,,,qinglan-logistics-v1#chunk-000|qinglan-logistics-v1#chunk-001,3,0.031746032,0.002472528,-0.000776443,,,False,True,True,True
watermark_position,start,,,,rrf_hybrid,wm18,logistics,verification,岩鲸序列,canary-wm18#chunk-000,,,,,,qinglan-logistics-v1#chunk-000|qinglan-logistics-v1#chunk-001,1,0.032786885,0.000784837,0.0,,,True,True,True,True
watermark_position,start,,,,rrf_hybrid,wm19,logistics,normal,云獭相位,canary-wm19#chunk-000,,,,,,qinglan-logistics-v1#chunk-001,22,0.025694893,0.000231557,-0.007091992,,,False,False,False,False
watermark_position,start,,,,rrf_hybrid,wm19,logistics,trigger_only,云獭相位,canary-wm19#chunk-000,,,,,,qinglan-logistics-v1#chunk-001,3,0.031746032,0.003307145,-0.001040853,,,False,True,True,True
watermark_position,start,,,,rrf_hybrid,wm19,logistics,verification,云獭相位,canary-wm19#chunk-000,,,,,,qinglan-logistics-v1#chunk-001,1,0.032786885,0.001032853,0.0,,,True,True,True,True
watermark_position,start,,,,rrf_hybrid,wm20,logistics,normal,雪鸦网格,canary-wm20#chunk-000,,,,,,qinglan-logistics-v1#chunk-001,24,0.025,0.000248281,-0.007786885,,,False,False,False,False
watermark_position,start,,,,rrf_hybrid,wm20,logistics,trigger_only,雪鸦网格,canary-wm20#chunk-000,,,,,,qinglan-logistics-v1#chunk-001,2,0.032266458,0.00026441,-0.000256017,,,False,True,True,True
watermark_position,start,,,,rrf_hybrid,wm20,logistics,verification,雪鸦网格,canary-wm20#chunk-000,,,,,,qinglan-logistics-v1#chunk-001,1,0.032786885,0.001506338,0.0,,,True,True,True,True
watermark_position,start,,,,qwen3_reranker,wm01,refund,normal,绯鹭折尺,canary-wm01#chunk-000,,,,,,qinglan-refund-v1#chunk-000,25,-4.125,0.0,-13.0625,,,False,False,False,False
watermark_position,start,,,,qwen3_reranker,wm01,refund,trigger_only,绯鹭折尺,canary-wm01#chunk-000,,,,,,qinglan-refund-v1#chunk-000,3,2.5,4.625,-5.25,,,False,True,True,True
watermark_position,start,,,,qwen3_reranker,wm01,refund,verification,绯鹭折尺,canary-wm01#chunk-000,,,,,,qinglan-refund-v1#chunk-000,1,9.5625,4.25,0.0,,,True,True,True,True
watermark_position,start,,,,qwen3_reranker,wm02,refund,normal,玄鲸余弦,canary-wm02#chunk-000,,,,,,qinglan-refund-v1#chunk-000,9,-2.9375,0.0,-11.4375,,,False,False,True,True
watermark_position,start,,,,qwen3_reranker,wm02,refund,trigger_only,玄鲸余弦,canary-wm02#chunk-000,,,,,,qinglan-refund-v1#chunk-000,3,2.5,0.4375,-4.125,,,False,True,True,True
watermark_position,start,,,,qwen3_reranker,wm02,refund,verification,玄鲸余弦,canary-wm02#chunk-000,,,,,,qinglan-refund-v1#chunk-000,1,9.75,4.0625,0.0,,,True,True,True,True
watermark_position,start,,,,qwen3_reranker,wm03,refund,normal,银杉回声,canary-wm03#chunk-000,,,,,,qinglan-refund-v1#chunk-001,10,-4.25,0.0,-11.0,,,False,False,True,True
watermark_position,start,,,,qwen3_reranker,wm03,refund,trigger_only,银杉回声,canary-wm03#chunk-000,,,,,,qinglan-refund-v1#chunk-001,5,0.0,1.5,-5.4375,,,False,True,True,True
watermark_position,start,,,,qwen3_reranker,wm03,refund,verification,银杉回声,canary-wm03#chunk-000,,,,,,qinglan-refund-v1#chunk-001,1,9.5,5.8125,0.0,,,True,True,True,True
watermark_position,start,,,,qwen3_reranker,wm04,refund,normal,琥珀星栈,canary-wm04#chunk-000,,,,,,qinglan-refund-v1#chunk-001,12,-2.6875,0.0625,-7.4375,,,False,False,False,True
watermark_position,start,,,,qwen3_reranker,wm04,refund,trigger_only,琥珀星栈,canary-wm04#chunk-000,,,,,,qinglan-refund-v1#chunk-001,3,2.125,1.0625,-2.0625,,,False,True,True,True
watermark_position,start,,,,qwen3_reranker,wm04,refund,verification,琥珀星栈,canary-wm04#chunk-000,,,,,,qinglan-refund-v1#chunk-001,1,9.75,4.125,0.0,,,True,True,True,True
watermark_position,start,,,,qwen3_reranker,wm05,invoice,normal,雾鸢刻度,canary-wm05#chunk-000,,,,,,qinglan-invoice-v1#chunk-000,17,-3.5625,0.0,-12.4375,,,False,False,False,True
watermark_position,start,,,,qwen3_reranker,wm05,invoice,trigger_only,雾鸢刻度,canary-wm05#chunk-000,,,,,,qinglan-invoice-v1#chunk-000,3,3.625,4.375,-4.8125,,,False,True,True,True
watermark_position,start,,,,qwen3_reranker,wm05,invoice,verification,雾鸢刻度,canary-wm05#chunk-000,,,,,,qinglan-invoice-v1#chunk-000,1,9.625,3.5625,0.0,,,True,True,True,True
watermark_position,start,,,,qwen3_reranker,wm06,invoice,normal,苍狐棱镜,canary-wm06#chunk-000,,,,,,qinglan-invoice-v1#chunk-000,16,-4.375,0.0,-10.25,,,False,False,False,True
watermark_position,start,,,,qwen3_reranker,wm06,invoice,trigger_only,苍狐棱镜,canary-wm06#chunk-000,,,,,,qinglan-invoice-v1#chunk-000,2,0.9375,0.6875,-4.25,,,False,True,True,True
watermark_position,start,,,,qwen3_reranker,wm06,invoice,verification,苍狐棱镜,canary-wm06#chunk-000,,,,,,qinglan-invoice-v1#chunk-000,1,9.625,5.0,0.0,,,True,True,True,True
watermark_position,start,,,,qwen3_reranker,wm07,invoice,normal,赤槐潮汐,canary-wm07#chunk-000,,,,,,qinglan-invoice-v1#chunk-000|qinglan-invoice-v1#chunk-001,10,-4.6875,0.0,-13.0,,,False,False,True,True
watermark_position,start,,,,qwen3_reranker,wm07,invoice,trigger_only,赤槐潮汐,canary-wm07#chunk-000,,,,,,qinglan-invoice-v1#chunk-000|qinglan-invoice-v1#chunk-001,3,2.6875,4.5625,-4.375,,,False,True,True,True
watermark_position,start,,,,qwen3_reranker,wm07,invoice,verification,赤槐潮汐,canary-wm07#chunk-000,,,,,,qinglan-invoice-v1#chunk-000|qinglan-invoice-v1#chunk-001,1,9.5625,4.5,0.0,,,True,True,True,True
watermark_position,start,,,,qwen3_reranker,wm08,invoice,normal,蓝隼罗盘,canary-wm08#chunk-000,,,,,,qinglan-invoice-v1#chunk-001,3,-2.6875,0.0625,-9.5625,,,False,True,True,True
watermark_position,start,,,,qwen3_reranker,wm08,invoice,trigger_only,蓝隼罗盘,canary-wm08#chunk-000,,,,,,qinglan-invoice-v1#chunk-001,2,5.0625,3.75,-0.9375,,,False,True,True,True
watermark_position,start,,,,qwen3_reranker,wm08,invoice,verification,蓝隼罗盘,canary-wm08#chunk-000,,,,,,qinglan-invoice-v1#chunk-001,1,9.625,4.5625,0.0,,,True,True,True,True
watermark_position,start,,,,qwen3_reranker,wm09,membership,normal,紫藤航标,canary-wm09#chunk-000,,,,,,qinglan-membership-v1#chunk-000,17,-5.125,0.0625,-14.0,,,False,False,False,True
watermark_position,start,,,,qwen3_reranker,wm09,membership,trigger_only,紫藤航标,canary-wm09#chunk-000,,,,,,qinglan-membership-v1#chunk-000,2,-1.4375,1.6875,-9.0625,,,False,True,True,True
watermark_position,start,,,,qwen3_reranker,wm09,membership,verification,紫藤航标,canary-wm09#chunk-000,,,,,,qinglan-membership-v1#chunk-000,1,9.5625,4.125,0.0,,,True,True,True,True
watermark_position,start,,,,qwen3_reranker,wm10,membership,normal,霜鹿环线,canary-wm10#chunk-000,,,,,,qinglan-membership-v1#chunk-000|qinglan-membership-v1#chunk-001,17,-5.25,0.0,-13.9375,,,False,False,False,True
watermark_position,start,,,,qwen3_reranker,wm10,membership,trigger_only,霜鹿环线,canary-wm10#chunk-000,,,,,,qinglan-membership-v1#chunk-000|qinglan-membership-v1#chunk-001,3,0.5,2.125,-7.6875,,,False,True,True,True
watermark_position,start,,,,qwen3_reranker,wm10,membership,verification,霜鹿环线,canary-wm10#chunk-000,,,,,,qinglan-membership-v1#chunk-000|qinglan-membership-v1#chunk-001,1,9.5625,4.625,0.0,,,True,True,True,True
watermark_position,start,,,,qwen3_reranker,wm11,membership,normal,墨鹤矩阵,canary-wm11#chunk-000,,,,,,qinglan-membership-v1#chunk-001,21,-4.75,0.0,-11.875,,,False,False,False,False
watermark_position,start,,,,qwen3_reranker,wm11,membership,trigger_only,墨鹤矩阵,canary-wm11#chunk-000,,,,,,qinglan-membership-v1#chunk-001,4,-0.75,4.3125,-7.125,,,False,True,True,True
watermark_position,start,,,,qwen3_reranker,wm11,membership,verification,墨鹤矩阵,canary-wm11#chunk-000,,,,,,qinglan-membership-v1#chunk-001,1,9.6875,5.25,0.0,,,True,True,True,True
watermark_position,start,,,,qwen3_reranker,wm12,membership,normal,金雀阈门,canary-wm12#chunk-000,,,,,,qinglan-membership-v1#chunk-002,13,-5.875,0.0,-15.0625,,,False,False,False,True
watermark_position,start,,,,qwen3_reranker,wm12,membership,trigger_only,金雀阈门,canary-wm12#chunk-000,,,,,,qinglan-membership-v1#chunk-002,4,-4.125,1.84375,-13.3125,,,False,True,True,True
watermark_position,start,,,,qwen3_reranker,wm12,membership,verification,金雀阈门,canary-wm12#chunk-000,,,,,,qinglan-membership-v1#chunk-002,1,9.625,5.3125,0.0,,,True,True,True,True
watermark_position,start,,,,qwen3_reranker,wm13,warranty,normal,青麟坐标,canary-wm13#chunk-000,,,,,,qinglan-warranty-v1#chunk-000,22,-5.0625,0.0625,-12.8125,,,False,False,False,False
watermark_position,start,,,,qwen3_reranker,wm13,warranty,trigger_only,青麟坐标,canary-wm13#chunk-000,,,,,,qinglan-warranty-v1#chunk-000,2,2.375,0.9375,-5.0,,,False,True,True,True
watermark_position,start,,,,qwen3_reranker,wm13,warranty,verification,青麟坐标,canary-wm13#chunk-000,,,,,,qinglan-warranty-v1#chunk-000,1,9.5625,2.4375,0.0,,,True,True,True,True
watermark_position,start,,,,qwen3_reranker,wm14,warranty,normal,白鲟弦码,canary-wm14#chunk-000,,,,,,qinglan-warranty-v1#chunk-000,21,-5.5,0.0,-13.25,,,False,False,False,False
watermark_position,start,,,,qwen3_reranker,wm14,warranty,trigger_only,白鲟弦码,canary-wm14#chunk-000,,,,,,qinglan-warranty-v1#chunk-000,3,-0.1875,2.375,-6.6875,,,False,True,True,True
watermark_position,start,,,,qwen3_reranker,wm14,warranty,verification,白鲟弦码,canary-wm14#chunk-000,,,,,,qinglan-warranty-v1#chunk-000,1,9.625,3.9375,0.0,,,True,True,True,True
watermark_position,start,,,,qwen3_reranker,wm15,warranty,normal,橙枫轴距,canary-wm15#chunk-000,,,,,,qinglan-warranty-v1#chunk-000|qinglan-warranty-v1#chunk-001,9,-5.9375,0.0,-14.125,,,False,False,True,True
watermark_position,start,,,,qwen3_reranker,wm15,warranty,trigger_only,橙枫轴距,canary-wm15#chunk-000,,,,,,qinglan-warranty-v1#chunk-000|qinglan-warranty-v1#chunk-001,3,3.125,8.3125,-3.5,,,False,True,True,True
watermark_position,start,,,,qwen3_reranker,wm15,warranty,verification,橙枫轴距,canary-wm15#chunk-000,,,,,,qinglan-warranty-v1#chunk-000|qinglan-warranty-v1#chunk-001,1,9.625,4.375,0.0,,,True,True,True,True
watermark_position,start,,,,qwen3_reranker,wm16,warranty,normal,翠蚕光栅,canary-wm16#chunk-000,,,,,,qinglan-warranty-v1#chunk-001,21,-6.625,0.125,-15.375,,,False,False,False,False
watermark_position,start,,,,qwen3_reranker,wm16,warranty,trigger_only,翠蚕光栅,canary-wm16#chunk-000,,,,,,qinglan-warranty-v1#chunk-001,3,-0.8125,3.6875,-8.8125,,,False,True,True,True
watermark_position,start,,,,qwen3_reranker,wm16,warranty,verification,翠蚕光栅,canary-wm16#chunk-000,,,,,,qinglan-warranty-v1#chunk-001,1,9.5625,5.0625,0.0,,,True,True,True,True
watermark_position,start,,,,qwen3_reranker,wm17,logistics,normal,星貂脉冲,canary-wm17#chunk-000,,,,,,qinglan-logistics-v1#chunk-000,19,-4.1875,0.125,-12.0,,,False,False,False,True
watermark_position,start,,,,qwen3_reranker,wm17,logistics,trigger_only,星貂脉冲,canary-wm17#chunk-000,,,,,,qinglan-logistics-v1#chunk-000,3,1.75,0.6875,-5.875,,,False,True,True,True
watermark_position,start,,,,qwen3_reranker,wm17,logistics,verification,星貂脉冲,canary-wm17#chunk-000,,,,,,qinglan-logistics-v1#chunk-000,1,9.6875,5.0,0.0,,,True,True,True,True
watermark_position,start,,,,qwen3_reranker,wm18,logistics,normal,岩鲸序列,canary-wm18#chunk-000,,,,,,qinglan-logistics-v1#chunk-000|qinglan-logistics-v1#chunk-001,25,-6.5,0.0,-15.625,,,False,False,False,False
watermark_position,start,,,,qwen3_reranker,wm18,logistics,trigger_only,岩鲸序列,canary-wm18#chunk-000,,,,,,qinglan-logistics-v1#chunk-000|qinglan-logistics-v1#chunk-001,3,-0.1875,3.8125,-8.9375,,,False,True,True,True
watermark_position,start,,,,qwen3_reranker,wm18,logistics,verification,岩鲸序列,canary-wm18#chunk-000,,,,,,qinglan-logistics-v1#chunk-000|qinglan-logistics-v1#chunk-001,1,9.6875,2.9375,0.0,,,True,True,True,True
watermark_position,start,,,,qwen3_reranker,wm19,logistics,normal,云獭相位,canary-wm19#chunk-000,,,,,,qinglan-logistics-v1#chunk-001,21,-5.1875,0.0625,-13.875,,,False,False,False,False
watermark_position,start,,,,qwen3_reranker,wm19,logistics,trigger_only,云獭相位,canary-wm19#chunk-000,,,,,,qinglan-logistics-v1#chunk-001,3,1.0,5.375,-6.875,,,False,True,True,True
watermark_position,start,,,,qwen3_reranker,wm19,logistics,verification,云獭相位,canary-wm19#chunk-000,,,,,,qinglan-logistics-v1#chunk-001,1,9.75,5.0,0.0,,,True,True,True,True
watermark_position,start,,,,qwen3_reranker,wm20,logistics,normal,雪鸦网格,canary-wm20#chunk-000,,,,,,qinglan-logistics-v1#chunk-001,8,-4.875,0.0625,-13.8125,,,False,False,True,True
watermark_position,start,,,,qwen3_reranker,wm20,logistics,trigger_only,雪鸦网格,canary-wm20#chunk-000,,,,,,qinglan-logistics-v1#chunk-001,3,0.6875,3.5,-8.0,,,False,True,True,True
watermark_position,start,,,,qwen3_reranker,wm20,logistics,verification,雪鸦网格,canary-wm20#chunk-000,,,,,,qinglan-logistics-v1#chunk-001,1,9.625,4.3125,0.0,,,True,True,True,True
watermark_position,middle,,,,bm25,wm01,refund,normal,绯鹭折尺,canary-wm01#chunk-000,,,,,,qinglan-refund-v1#chunk-000,12,2.146622,0.0,-72.79925,,,False,False,False,True
watermark_position,middle,,,,bm25,wm01,refund,trigger_only,绯鹭折尺,canary-wm01#chunk-000,,,,,,qinglan-refund-v1#chunk-000,3,25.904608,8.601427,-49.041264,,,False,True,True,True
watermark_position,middle,,,,bm25,wm01,refund,verification,绯鹭折尺,canary-wm01#chunk-000,,,,,,qinglan-refund-v1#chunk-000,1,38.980585,23.518874,0.0,,,True,True,True,True
watermark_position,middle,,,,bm25,wm02,refund,normal,玄鲸余弦,canary-wm02#chunk-000,,,,,,qinglan-refund-v1#chunk-000,13,1.57683,0.0,-50.178918,,,False,False,False,True
watermark_position,middle,,,,bm25,wm02,refund,trigger_only,玄鲸余弦,canary-wm02#chunk-000,,,,,,qinglan-refund-v1#chunk-000,4,24.213032,10.066332,-27.542716,,,False,True,True,True
watermark_position,middle,,,,bm25,wm02,refund,verification,玄鲸余弦,canary-wm02#chunk-000,,,,,,qinglan-refund-v1#chunk-000,1,37.858801,19.803096,0.0,,,True,True,True,True
watermark_position,middle,,,,bm25,wm03,refund,normal,银杉回声,canary-wm03#chunk-000,,,,,,qinglan-refund-v1#chunk-001,15,1.863523,0.0,-49.092783,,,False,False,False,True
watermark_position,middle,,,,bm25,wm03,refund,trigger_only,银杉回声,canary-wm03#chunk-000,,,,,,qinglan-refund-v1#chunk-001,4,22.681964,0.684307,-28.511645,,,False,True,True,True
watermark_position,middle,,,,bm25,wm03,refund,verification,银杉回声,canary-wm03#chunk-000,,,,,,qinglan-refund-v1#chunk-001,1,36.04104,20.252304,0.0,,,True,True,True,True
watermark_position,middle,,,,bm25,wm04,refund,normal,琥珀星栈,canary-wm04#chunk-000,,,,,,qinglan-refund-v1#chunk-001,13,1.900127,0.0,-41.48361,,,False,False,False,True
watermark_position,middle,,,,bm25,wm04,refund,trigger_only,琥珀星栈,canary-wm04#chunk-000,,,,,,qinglan-refund-v1#chunk-001,3,25.097221,5.607499,-18.286516,,,False,True,True,True
watermark_position,middle,,,,bm25,wm04,refund,verification,琥珀星栈,canary-wm04#chunk-000,,,,,,qinglan-refund-v1#chunk-001,1,38.419693,20.363988,0.0,,,True,True,True,True
watermark_position,middle,,,,bm25,wm05,invoice,normal,雾鸢刻度,canary-wm05#chunk-000,,,,,,qinglan-invoice-v1#chunk-000,18,1.57683,0.0,-64.457274,,,False,False,False,True
watermark_position,middle,,,,bm25,wm05,invoice,trigger_only,雾鸢刻度,canary-wm05#chunk-000,,,,,,qinglan-invoice-v1#chunk-000,3,24.773924,1.644561,-41.26018,,,False,True,True,True
watermark_position,middle,,,,bm25,wm05,invoice,verification,雾鸢刻度,canary-wm05#chunk-000,,,,,,qinglan-invoice-v1#chunk-000,1,38.419693,22.957982,0.0,,,True,True,True,True
watermark_position,middle,,,,bm25,wm06,invoice,normal,苍狐棱镜,canary-wm06#chunk-000,,,,,,qinglan-invoice-v1#chunk-000,16,1.57683,0.0,-50.487579,,,False,False,False,True
watermark_position,middle,,,,bm25,wm06,invoice,trigger_only,苍狐棱镜,canary-wm06#chunk-000,,,,,,qinglan-invoice-v1#chunk-000,3,25.334816,7.44126,-26.729593,,,False,True,True,True
watermark_position,middle,,,,bm25,wm06,invoice,verification,苍狐棱镜,canary-wm06#chunk-000,,,,,,qinglan-invoice-v1#chunk-000,1,38.980585,23.518874,0.0,,,True,True,True,True
watermark_position,middle,,,,bm25,wm07,invoice,normal,赤槐潮汐,canary-wm07#chunk-000,,,,,,qinglan-invoice-v1#chunk-000|qinglan-invoice-v1#chunk-001,19,1.663332,0.0,-53.329684,,,False,False,False,True
watermark_position,middle,,,,bm25,wm07,invoice,trigger_only,赤槐潮汐,canary-wm07#chunk-000,,,,,,qinglan-invoice-v1#chunk-000|qinglan-invoice-v1#chunk-001,2,25.421318,1.902684,-29.571698,,,False,True,True,True
watermark_position,middle,,,,bm25,wm07,invoice,verification,赤槐潮汐,canary-wm07#chunk-000,,,,,,qinglan-invoice-v1#chunk-000|qinglan-invoice-v1#chunk-001,1,38.980585,23.518874,0.0,,,True,True,True,True
watermark_position,middle,,,,bm25,wm08,invoice,normal,蓝隼罗盘,canary-wm08#chunk-000,,,,,,qinglan-invoice-v1#chunk-001,18,1.663332,0.0,-56.635731,,,False,False,False,True
watermark_position,middle,,,,bm25,wm08,invoice,trigger_only,蓝隼罗盘,canary-wm08#chunk-000,,,,,,qinglan-invoice-v1#chunk-001,2,25.421318,1.098448,-32.877745,,,False,True,True,True
watermark_position,middle,,,,bm25,wm08,invoice,verification,蓝隼罗盘,canary-wm08#chunk-000,,,,,,qinglan-invoice-v1#chunk-001,1,38.980585,23.518874,0.0,,,True,True,True,True
watermark_position,middle,,,,bm25,wm09,membership,normal,紫藤航标,canary-wm09#chunk-000,,,,,,qinglan-membership-v1#chunk-000,22,0.722589,0.0,-65.084788,,,False,False,False,False
watermark_position,middle,,,,bm25,wm09,membership,trigger_only,紫藤航标,canary-wm09#chunk-000,,,,,,qinglan-membership-v1#chunk-000,4,21.604617,15.118029,-44.20276,,,False,True,True,True
watermark_position,middle,,,,bm25,wm09,membership,verification,紫藤航标,canary-wm09#chunk-000,,,,,,qinglan-membership-v1#chunk-000,1,36.249884,20.270134,0.0,,,True,True,True,True
watermark_position,middle,,,,bm25,wm10,membership,normal,霜鹿环线,canary-wm10#chunk-000,,,,,,qinglan-membership-v1#chunk-000|qinglan-membership-v1#chunk-001,23,1.049614,0.0,-58.422761,,,False,False,False,False
watermark_position,middle,,,,bm25,wm10,membership,trigger_only,霜鹿环线,canary-wm10#chunk-000,,,,,,qinglan-membership-v1#chunk-000|qinglan-membership-v1#chunk-001,3,23.601312,3.691712,-35.871063,,,False,True,True,True
watermark_position,middle,,,,bm25,wm10,membership,verification,霜鹿环线,canary-wm10#chunk-000,,,,,,qinglan-membership-v1#chunk-000|qinglan-membership-v1#chunk-001,1,37.774297,22.312586,0.0,,,True,True,True,True
watermark_position,middle,,,,bm25,wm11,membership,normal,墨鹤矩阵,canary-wm11#chunk-000,,,,,,qinglan-membership-v1#chunk-001,25,0.722589,0.0,-49.346021,,,False,False,False,False
watermark_position,middle,,,,bm25,wm11,membership,trigger_only,墨鹤矩阵,canary-wm11#chunk-000,,,,,,qinglan-membership-v1#chunk-001,4,24.480575,9.242318,-25.588035,,,False,True,True,True
watermark_position,middle,,,,bm25,wm11,membership,verification,墨鹤矩阵,canary-wm11#chunk-000,,,,,,qinglan-membership-v1#chunk-001,1,38.980585,23.518874,0.0,,,True,True,True,True
watermark_position,middle,,,,bm25,wm12,membership,normal,金雀阈门,canary-wm12#chunk-000,,,,,,qinglan-membership-v1#chunk-002,11,3.11049,0.810941,-53.226499,,,False,False,False,True
watermark_position,middle,,,,bm25,wm12,membership,trigger_only,金雀阈门,canary-wm12#chunk-000,,,,,,qinglan-membership-v1#chunk-002,4,24.4559,12.292337,-34.142072,,,False,True,True,True
watermark_position,middle,,,,bm25,wm12,membership,verification,金雀阈门,canary-wm12#chunk-000,,,,,,qinglan-membership-v1#chunk-002,1,36.568009,21.106298,0.0,,,True,True,True,True
watermark_position,middle,,,,bm25,wm13,warranty,normal,青麟坐标,canary-wm13#chunk-000,,,,,,qinglan-warranty-v1#chunk-000,10,1.099542,0.093854,-76.078288,,,False,False,True,True
watermark_position,middle,,,,bm25,wm13,warranty,trigger_only,青麟坐标,canary-wm13#chunk-000,,,,,,qinglan-warranty-v1#chunk-000,3,18.922288,6.634667,-58.791128,,,False,True,True,True
watermark_position,middle,,,,bm25,wm13,warranty,verification,青麟坐标,canary-wm13#chunk-000,,,,,,qinglan-warranty-v1#chunk-000,1,33.284456,17.157698,0.0,,,True,True,True,True
watermark_position,middle,,,,bm25,wm14,warranty,normal,白鲟弦码,canary-wm14#chunk-000,,,,,,qinglan-warranty-v1#chunk-000,21,0.722589,0.0,-55.79455,,,False,False,False,False
watermark_position,middle,,,,bm25,wm14,warranty,trigger_only,白鲟弦码,canary-wm14#chunk-000,,,,,,qinglan-warranty-v1#chunk-000,3,23.919683,0.509167,-32.597456,,,False,True,True,True
watermark_position,middle,,,,bm25,wm14,warranty,verification,白鲟弦码,canary-wm14#chunk-000,,,,,,qinglan-warranty-v1#chunk-000,1,38.419693,20.363988,0.0,,,True,True,True,True
watermark_position,middle,,,,bm25,wm15,warranty,normal,橙枫轴距,canary-wm15#chunk-000,,,,,,qinglan-warranty-v1#chunk-000|qinglan-warranty-v1#chunk-001,26,0.809091,0.0,-63.396623,,,False,False,False,False
watermark_position,middle,,,,bm25,wm15,warranty,trigger_only,橙枫轴距,canary-wm15#chunk-000,,,,,,qinglan-warranty-v1#chunk-000|qinglan-warranty-v1#chunk-001,3,24.567077,18.523032,-39.638637,,,False,True,True,True
watermark_position,middle,,,,bm25,wm15,warranty,verification,橙枫轴距,canary-wm15#chunk-000,,,,,,qinglan-warranty-v1#chunk-000|qinglan-warranty-v1#chunk-001,1,38.980585,23.518874,0.0,,,True,True,True,True
watermark_position,middle,,,,bm25,wm16,warranty,normal,翠蚕光栅,canary-wm16#chunk-000,,,,,,qinglan-warranty-v1#chunk-001,23,0.809091,0.0,-73.215517,,,False,False,False,False
watermark_position,middle,,,,bm25,wm16,warranty,trigger_only,翠蚕光栅,canary-wm16#chunk-000,,,,,,qinglan-warranty-v1#chunk-001,3,24.567077,18.062433,-49.457531,,,False,True,True,True
watermark_position,middle,,,,bm25,wm16,warranty,verification,翠蚕光栅,canary-wm16#chunk-000,,,,,,qinglan-warranty-v1#chunk-001,1,38.980585,23.518874,0.0,,,True,True,True,True
watermark_position,middle,,,,bm25,wm17,logistics,normal,星貂脉冲,canary-wm17#chunk-000,,,,,,qinglan-logistics-v1#chunk-000,28,0.845695,0.0,-62.299888,,,False,False,False,False
watermark_position,middle,,,,bm25,wm17,logistics,trigger_only,星貂脉冲,canary-wm17#chunk-000,,,,,,qinglan-logistics-v1#chunk-000,2,23.481897,6.610824,-39.663686,,,False,True,True,True
watermark_position,middle,,,,bm25,wm17,logistics,verification,星貂脉冲,canary-wm17#chunk-000,,,,,,qinglan-logistics-v1#chunk-000,1,37.858801,19.803096,0.0,,,True,True,True,True
watermark_position,middle,,,,bm25,wm18,logistics,normal,岩鲸序列,canary-wm18#chunk-000,,,,,,qinglan-logistics-v1#chunk-000|qinglan-logistics-v1#chunk-001,27,2.261265,0.0,-69.643737,,,False,False,False,False
watermark_position,middle,,,,bm25,wm18,logistics,trigger_only,岩鲸序列,canary-wm18#chunk-000,,,,,,qinglan-logistics-v1#chunk-000|qinglan-logistics-v1#chunk-001,3,23.775683,12.23139,-48.129319,,,False,True,True,True
watermark_position,middle,,,,bm25,wm18,logistics,verification,岩鲸序列,canary-wm18#chunk-000,,,,,,qinglan-logistics-v1#chunk-000|qinglan-logistics-v1#chunk-001,1,36.737017,18.681312,0.0,,,True,True,True,True
watermark_position,middle,,,,bm25,wm19,logistics,normal,云獭相位,canary-wm19#chunk-000,,,,,,qinglan-logistics-v1#chunk-001,31,0.809091,0.0,-59.509326,,,False,False,False,False
watermark_position,middle,,,,bm25,wm19,logistics,trigger_only,云獭相位,canary-wm19#chunk-000,,,,,,qinglan-logistics-v1#chunk-001,3,23.636735,9.210968,-36.681682,,,False,True,True,True
watermark_position,middle,,,,bm25,wm19,logistics,verification,云獭相位,canary-wm19#chunk-000,,,,,,qinglan-logistics-v1#chunk-001,1,38.050243,22.588532,0.0,,,True,True,True,True
watermark_position,middle,,,,bm25,wm20,logistics,normal,雪鸦网格,canary-wm20#chunk-000,,,,,,qinglan-logistics-v1#chunk-001,30,1.645366,0.329809,-46.838364,,,False,False,False,False
watermark_position,middle,,,,bm25,wm20,logistics,trigger_only,雪鸦网格,canary-wm20#chunk-000,,,,,,qinglan-logistics-v1#chunk-001,3,23.912118,15.807841,-24.571612,,,False,True,True,True
watermark_position,middle,,,,bm25,wm20,logistics,verification,雪鸦网格,canary-wm20#chunk-000,,,,,,qinglan-logistics-v1#chunk-001,1,37.489351,22.02764,0.0,,,True,True,True,True
watermark_position,middle,,,,dense,wm01,refund,normal,绯鹭折尺,canary-wm01#chunk-000,,,,,,qinglan-refund-v1#chunk-000,7,0.481431,0.001531,-0.405302,,,False,False,True,True
watermark_position,middle,,,,dense,wm01,refund,trigger_only,绯鹭折尺,canary-wm01#chunk-000,,,,,,qinglan-refund-v1#chunk-000,2,0.659985,0.071936,-0.133039,,,False,True,True,True
watermark_position,middle,,,,dense,wm01,refund,verification,绯鹭折尺,canary-wm01#chunk-000,,,,,,qinglan-refund-v1#chunk-000,1,0.850974,0.09418,0.0,,,True,True,True,True
watermark_position,middle,,,,dense,wm02,refund,normal,玄鲸余弦,canary-wm02#chunk-000,,,,,,qinglan-refund-v1#chunk-000,11,0.518538,0.003867,-0.3055,,,False,False,False,True
watermark_position,middle,,,,dense,wm02,refund,trigger_only,玄鲸余弦,canary-wm02#chunk-000,,,,,,qinglan-refund-v1#chunk-000,2,0.658717,0.072507,-0.089873,,,False,True,True,True
watermark_position,middle,,,,dense,wm02,refund,verification,玄鲸余弦,canary-wm02#chunk-000,,,,,,qinglan-refund-v1#chunk-000,1,0.811241,0.065406,0.0,,,True,True,True,True
watermark_position,middle,,,,dense,wm03,refund,normal,银杉回声,canary-wm03#chunk-000,,,,,,qinglan-refund-v1#chunk-001,10,0.470348,0.002741,-0.322682,,,False,False,True,True
watermark_position,middle,,,,dense,wm03,refund,trigger_only,银杉回声,canary-wm03#chunk-000,,,,,,qinglan-refund-v1#chunk-001,2,0.652508,0.011072,-0.058462,,,False,True,True,True
watermark_position,middle,,,,dense,wm03,refund,verification,银杉回声,canary-wm03#chunk-000,,,,,,qinglan-refund-v1#chunk-001,1,0.833917,0.112116,0.0,,,True,True,True,True
watermark_position,middle,,,,dense,wm04,refund,normal,琥珀星栈,canary-wm04#chunk-000,,,,,,qinglan-refund-v1#chunk-001,23,0.462937,0.001523,-0.316373,,,False,False,False,False
watermark_position,middle,,,,dense,wm04,refund,trigger_only,琥珀星栈,canary-wm04#chunk-000,,,,,,qinglan-refund-v1#chunk-001,1,0.652293,0.046309,0.0,,,True,True,True,True
watermark_position,middle,,,,dense,wm04,refund,verification,琥珀星栈,canary-wm04#chunk-000,,,,,,qinglan-refund-v1#chunk-001,1,0.814514,0.1377,0.0,,,True,True,True,True
watermark_position,middle,,,,dense,wm05,invoice,normal,雾鸢刻度,canary-wm05#chunk-000,,,,,,qinglan-invoice-v1#chunk-000,11,0.474726,0.006953,-0.331286,,,False,False,False,True
watermark_position,middle,,,,dense,wm05,invoice,trigger_only,雾鸢刻度,canary-wm05#chunk-000,,,,,,qinglan-invoice-v1#chunk-000,2,0.672839,0.09546,-0.073696,,,False,True,True,True
watermark_position,middle,,,,dense,wm05,invoice,verification,雾鸢刻度,canary-wm05#chunk-000,,,,,,qinglan-invoice-v1#chunk-000,1,0.852889,0.097786,0.0,,,True,True,True,True
watermark_position,middle,,,,dense,wm06,invoice,normal,苍狐棱镜,canary-wm06#chunk-000,,,,,,qinglan-invoice-v1#chunk-000,21,0.466829,0.000737,-0.298416,,,False,False,False,False
watermark_position,middle,,,,dense,wm06,invoice,trigger_only,苍狐棱镜,canary-wm06#chunk-000,,,,,,qinglan-invoice-v1#chunk-000,2,0.672598,0.083349,-0.006098,,,False,True,True,True
watermark_position,middle,,,,dense,wm06,invoice,verification,苍狐棱镜,canary-wm06#chunk-000,,,,,,qinglan-invoice-v1#chunk-000,1,0.848157,0.11552,0.0,,,True,True,True,True
watermark_position,middle,,,,dense,wm07,invoice,normal,赤槐潮汐,canary-wm07#chunk-000,,,,,,qinglan-invoice-v1#chunk-000|qinglan-invoice-v1#chunk-001,19,0.407936,0.000339,-0.425817,,,False,False,False,True
watermark_position,middle,,,,dense,wm07,invoice,trigger_only,赤槐潮汐,canary-wm07#chunk-000,,,,,,qinglan-invoice-v1#chunk-000|qinglan-invoice-v1#chunk-001,3,0.581791,0.041427,-0.175008,,,False,True,True,True
watermark_position,middle,,,,dense,wm07,invoice,verification,赤槐潮汐,canary-wm07#chunk-000,,,,,,qinglan-invoice-v1#chunk-000|qinglan-invoice-v1#chunk-001,1,0.837343,0.149622,0.0,,,True,True,True,True
watermark_position,middle,,,,dense,wm08,invoice,normal,蓝隼罗盘,canary-wm08#chunk-000,,,,,,qinglan-invoice-v1#chunk-001,13,0.478273,0.000125,-0.107954,,,False,False,False,True
watermark_position,middle,,,,dense,wm08,invoice,trigger_only,蓝隼罗盘,canary-wm08#chunk-000,,,,,,qinglan-invoice-v1#chunk-001,1,0.613118,0.036057,0.0,,,True,True,True,True
watermark_position,middle,,,,dense,wm08,invoice,verification,蓝隼罗盘,canary-wm08#chunk-000,,,,,,qinglan-invoice-v1#chunk-001,1,0.824391,0.085257,0.0,,,True,True,True,True
watermark_position,middle,,,,dense,wm09,membership,normal,紫藤航标,canary-wm09#chunk-000,,,,,,qinglan-membership-v1#chunk-000,20,0.502467,0.001501,-0.328806,,,False,False,False,True
watermark_position,middle,,,,dense,wm09,membership,trigger_only,紫藤航标,canary-wm09#chunk-000,,,,,,qinglan-membership-v1#chunk-000,2,0.675179,0.104623,-0.045965,,,False,True,True,True
watermark_position,middle,,,,dense,wm09,membership,verification,紫藤航标,canary-wm09#chunk-000,,,,,,qinglan-membership-v1#chunk-000,1,0.845687,0.150897,0.0,,,True,True,True,True
watermark_position,middle,,,,dense,wm10,membership,normal,霜鹿环线,canary-wm10#chunk-000,,,,,,qinglan-membership-v1#chunk-000|qinglan-membership-v1#chunk-001,9,0.494479,0.000496,-0.294969,,,False,False,True,True
watermark_position,middle,,,,dense,wm10,membership,trigger_only,霜鹿环线,canary-wm10#chunk-000,,,,,,qinglan-membership-v1#chunk-000|qinglan-membership-v1#chunk-001,2,0.657531,0.020843,-0.036983,,,False,True,True,True
watermark_position,middle,,,,dense,wm10,membership,verification,霜鹿环线,canary-wm10#chunk-000,,,,,,qinglan-membership-v1#chunk-000|qinglan-membership-v1#chunk-001,1,0.849735,0.111024,0.0,,,True,True,True,True
watermark_position,middle,,,,dense,wm11,membership,normal,墨鹤矩阵,canary-wm11#chunk-000,,,,,,qinglan-membership-v1#chunk-001,8,0.501391,0.004903,-0.254455,,,False,False,True,True
watermark_position,middle,,,,dense,wm11,membership,trigger_only,墨鹤矩阵,canary-wm11#chunk-000,,,,,,qinglan-membership-v1#chunk-001,2,0.658974,0.007095,-0.045072,,,False,True,True,True
watermark_position,middle,,,,dense,wm11,membership,verification,墨鹤矩阵,canary-wm11#chunk-000,,,,,,qinglan-membership-v1#chunk-001,1,0.827045,0.125286,0.0,,,True,True,True,True
watermark_position,middle,,,,dense,wm12,membership,normal,金雀阈门,canary-wm12#chunk-000,,,,,,qinglan-membership-v1#chunk-002,5,0.4772,0.010667,-0.301546,,,False,True,True,True
watermark_position,middle,,,,dense,wm12,membership,trigger_only,金雀阈门,canary-wm12#chunk-000,,,,,,qinglan-membership-v1#chunk-002,4,0.625188,0.131694,-0.125554,,,False,True,True,True
watermark_position,middle,,,,dense,wm12,membership,verification,金雀阈门,canary-wm12#chunk-000,,,,,,qinglan-membership-v1#chunk-002,1,0.837764,0.149848,0.0,,,True,True,True,True
watermark_position,middle,,,,dense,wm13,warranty,normal,青麟坐标,canary-wm13#chunk-000,,,,,,qinglan-warranty-v1#chunk-000,4,0.531122,0.004628,-0.35177,,,False,True,True,True
watermark_position,middle,,,,dense,wm13,warranty,trigger_only,青麟坐标,canary-wm13#chunk-000,,,,,,qinglan-warranty-v1#chunk-000,2,0.572555,0.024035,-0.267612,,,False,True,True,True
watermark_position,middle,,,,dense,wm13,warranty,verification,青麟坐标,canary-wm13#chunk-000,,,,,,qinglan-warranty-v1#chunk-000,1,0.79535,0.056943,0.0,,,True,True,True,True
watermark_position,middle,,,,dense,wm14,warranty,normal,白鲟弦码,canary-wm14#chunk-000,,,,,,qinglan-warranty-v1#chunk-000,20,0.45269,0.000851,-0.392554,,,False,False,False,True
watermark_position,middle,,,,dense,wm14,warranty,trigger_only,白鲟弦码,canary-wm14#chunk-000,,,,,,qinglan-warranty-v1#chunk-000,2,0.71298,0.164649,-0.028695,,,False,True,True,True
watermark_position,middle,,,,dense,wm14,warranty,verification,白鲟弦码,canary-wm14#chunk-000,,,,,,qinglan-warranty-v1#chunk-000,1,0.86699,0.135753,0.0,,,True,True,True,True
watermark_position,middle,,,,dense,wm15,warranty,normal,橙枫轴距,canary-wm15#chunk-000,,,,,,qinglan-warranty-v1#chunk-000|qinglan-warranty-v1#chunk-001,6,0.492655,0.000681,-0.373806,,,False,False,True,True
watermark_position,middle,,,,dense,wm15,warranty,trigger_only,橙枫轴距,canary-wm15#chunk-000,,,,,,qinglan-warranty-v1#chunk-000|qinglan-warranty-v1#chunk-001,2,0.699568,0.130053,-0.030667,,,False,True,True,True
watermark_position,middle,,,,dense,wm15,warranty,verification,橙枫轴距,canary-wm15#chunk-000,,,,,,qinglan-warranty-v1#chunk-000|qinglan-warranty-v1#chunk-001,1,0.864821,0.168692,0.0,,,True,True,True,True
watermark_position,middle,,,,dense,wm16,warranty,normal,翠蚕光栅,canary-wm16#chunk-000,,,,,,qinglan-warranty-v1#chunk-001,13,0.472824,0.002527,-0.341807,,,False,False,False,True
watermark_position,middle,,,,dense,wm16,warranty,trigger_only,翠蚕光栅,canary-wm16#chunk-000,,,,,,qinglan-warranty-v1#chunk-001,2,0.633981,0.039664,-0.062991,,,False,True,True,True
watermark_position,middle,,,,dense,wm16,warranty,verification,翠蚕光栅,canary-wm16#chunk-000,,,,,,qinglan-warranty-v1#chunk-001,1,0.834467,0.153384,0.0,,,True,True,True,True
watermark_position,middle,,,,dense,wm17,logistics,normal,星貂脉冲,canary-wm17#chunk-000,,,,,,qinglan-logistics-v1#chunk-000,25,0.36786,0.001547,-0.363932,,,False,False,False,False
watermark_position,middle,,,,dense,wm17,logistics,trigger_only,星貂脉冲,canary-wm17#chunk-000,,,,,,qinglan-logistics-v1#chunk-000,3,0.604438,0.101942,-0.070196,,,False,True,True,True
watermark_position,middle,,,,dense,wm17,logistics,verification,星貂脉冲,canary-wm17#chunk-000,,,,,,qinglan-logistics-v1#chunk-000,1,0.85276,0.125885,0.0,,,True,True,True,True
watermark_position,middle,,,,dense,wm18,logistics,normal,岩鲸序列,canary-wm18#chunk-000,,,,,,qinglan-logistics-v1#chunk-000|qinglan-logistics-v1#chunk-001,8,0.455407,0.000529,-0.364734,,,False,False,True,True
watermark_position,middle,,,,dense,wm18,logistics,trigger_only,岩鲸序列,canary-wm18#chunk-000,,,,,,qinglan-logistics-v1#chunk-000|qinglan-logistics-v1#chunk-001,3,0.59548,0.069981,-0.159249,,,False,True,True,True
watermark_position,middle,,,,dense,wm18,logistics,verification,岩鲸序列,canary-wm18#chunk-000,,,,,,qinglan-logistics-v1#chunk-000|qinglan-logistics-v1#chunk-001,1,0.814294,0.089135,0.0,,,True,True,True,True
watermark_position,middle,,,,dense,wm19,logistics,normal,云獭相位,canary-wm19#chunk-000,,,,,,qinglan-logistics-v1#chunk-001,11,0.447241,0.005317,-0.333949,,,False,False,False,True
watermark_position,middle,,,,dense,wm19,logistics,trigger_only,云獭相位,canary-wm19#chunk-000,,,,,,qinglan-logistics-v1#chunk-001,3,0.597781,0.101982,-0.108666,,,False,True,True,True
watermark_position,middle,,,,dense,wm19,logistics,verification,云獭相位,canary-wm19#chunk-000,,,,,,qinglan-logistics-v1#chunk-001,1,0.83085,0.108786,0.0,,,True,True,True,True
watermark_position,middle,,,,dense,wm20,logistics,normal,雪鸦网格,canary-wm20#chunk-000,,,,,,qinglan-logistics-v1#chunk-001,9,0.423801,0.001186,-0.288536,,,False,False,True,True
watermark_position,middle,,,,dense,wm20,logistics,trigger_only,雪鸦网格,canary-wm20#chunk-000,,,,,,qinglan-logistics-v1#chunk-001,3,0.602001,0.073083,-0.050925,,,False,True,True,True
watermark_position,middle,,,,dense,wm20,logistics,verification,雪鸦网格,canary-wm20#chunk-000,,,,,,qinglan-logistics-v1#chunk-001,1,0.815513,0.095412,0.0,,,True,True,True,True
watermark_position,middle,,,,rrf_hybrid,wm01,refund,normal,绯鹭折尺,canary-wm01#chunk-000,,,,,,qinglan-refund-v1#chunk-000,7,0.028814262,0.000444041,-0.003972623,,,False,False,True,True
watermark_position,middle,,,,rrf_hybrid,wm01,refund,trigger_only,绯鹭折尺,canary-wm01#chunk-000,,,,,,qinglan-refund-v1#chunk-000,2,0.032002048,0.0,-0.000784837,,,False,True,True,True
watermark_position,middle,,,,rrf_hybrid,wm01,refund,verification,绯鹭折尺,canary-wm01#chunk-000,,,,,,qinglan-refund-v1#chunk-000,1,0.032786885,0.000784837,0.0,,,True,True,True,True
watermark_position,middle,,,,rrf_hybrid,wm02,refund,normal,玄鲸余弦,canary-wm02#chunk-000,,,,,,qinglan-refund-v1#chunk-000,10,0.027783137,0.000662642,-0.005003748,,,False,False,True,True
watermark_position,middle,,,,rrf_hybrid,wm02,refund,trigger_only,玄鲸余弦,canary-wm02#chunk-000,,,,,,qinglan-refund-v1#chunk-000,2,0.031754032,0.001992127,-0.001032853,,,False,True,True,True
watermark_position,middle,,,,rrf_hybrid,wm02,refund,verification,玄鲸余弦,canary-wm02#chunk-000,,,,,,qinglan-refund-v1#chunk-000,1,0.032786885,0.000784837,0.0,,,True,True,True,True
watermark_position,middle,,,,rrf_hybrid,wm03,refund,normal,银杉回声,canary-wm03#chunk-000,,,,,,qinglan-refund-v1#chunk-001,9,0.027619048,0.000406904,-0.004903427,,,False,False,True,True
watermark_position,middle,,,,rrf_hybrid,wm03,refund,trigger_only,银杉回声,canary-wm03#chunk-000,,,,,,qinglan-refund-v1#chunk-001,3,0.031754032,0.000256016,-0.000768443,,,False,True,True,True
watermark_position,middle,,,,rrf_hybrid,wm03,refund,verification,银杉回声,canary-wm03#chunk-000,,,,,,qinglan-refund-v1#chunk-001,1,0.032786885,0.00052882,0.0,,,True,True,True,True
watermark_position,middle,,,,rrf_hybrid,wm04,refund,normal,琥珀星栈,canary-wm04#chunk-000,,,,,,qinglan-refund-v1#chunk-001,19,0.025746823,0.000225154,-0.006519635,,,False,False,False,True
watermark_position,middle,,,,rrf_hybrid,wm04,refund,trigger_only,琥珀星栈,canary-wm04#chunk-000,,,,,,qinglan-refund-v1#chunk-001,1,0.032266458,0.000248015,0.0,,,True,True,True,True
watermark_position,middle,,,,rrf_hybrid,wm04,refund,verification,琥珀星栈,canary-wm04#chunk-000,,,,,,qinglan-refund-v1#chunk-001,1,0.032786885,0.001040853,0.0,,,True,True,True,True
watermark_position,middle,,,,rrf_hybrid,wm05,invoice,normal,雾鸢刻度,canary-wm05#chunk-000,,,,,,qinglan-invoice-v1#chunk-000,11,0.02690502,5.8173e-05,-0.005881865,,,False,False,False,True
watermark_position,middle,,,,rrf_hybrid,wm05,invoice,trigger_only,雾鸢刻度,canary-wm05#chunk-000,,,,,,qinglan-invoice-v1#chunk-000,2,0.032002048,0.0004884,-0.000784837,,,False,True,True,True
watermark_position,middle,,,,rrf_hybrid,wm05,invoice,verification,雾鸢刻度,canary-wm05#chunk-000,,,,,,qinglan-invoice-v1#chunk-000,1,0.032786885,0.001032853,0.0,,,True,True,True,True
watermark_position,middle,,,,rrf_hybrid,wm06,invoice,normal,苍狐棱镜,canary-wm06#chunk-000,,,,,,qinglan-invoice-v1#chunk-000,22,0.025503574,0.000141255,-0.007283311,,,False,False,False,False
watermark_position,middle,,,,rrf_hybrid,wm06,invoice,trigger_only,苍狐棱镜,canary-wm06#chunk-000,,,,,,qinglan-invoice-v1#chunk-000,2,0.032002048,0.000504032,-0.000784837,,,False,True,True,True
watermark_position,middle,,,,rrf_hybrid,wm06,invoice,verification,苍狐棱镜,canary-wm06#chunk-000,,,,,,qinglan-invoice-v1#chunk-000,1,0.032786885,0.001032853,0.0,,,True,True,True,True
watermark_position,middle,,,,rrf_hybrid,wm07,invoice,normal,赤槐潮汐,canary-wm07#chunk-000,,,,,,qinglan-invoice-v1#chunk-000|qinglan-invoice-v1#chunk-001,20,0.025316456,0.000191612,-0.007470429,,,False,False,False,True
watermark_position,middle,,,,rrf_hybrid,wm07,invoice,trigger_only,赤槐潮汐,canary-wm07#chunk-000,,,,,,qinglan-invoice-v1#chunk-000|qinglan-invoice-v1#chunk-001,2,0.032002048,0.0,-0.000784837,,,False,True,True,True
watermark_position,middle,,,,rrf_hybrid,wm07,invoice,verification,赤槐潮汐,canary-wm07#chunk-000,,,,,,qinglan-invoice-v1#chunk-000|qinglan-invoice-v1#chunk-001,1,0.032786885,0.00052882,0.0,,,True,True,True,True
watermark_position,middle,,,,rrf_hybrid,wm08,invoice,normal,蓝隼罗盘,canary-wm08#chunk-000,,,,,,qinglan-invoice-v1#chunk-001,16,0.026519143,0.000121627,-0.005738922,,,False,False,False,True
watermark_position,middle,,,,rrf_hybrid,wm08,invoice,trigger_only,蓝隼罗盘,canary-wm08#chunk-000,,,,,,qinglan-invoice-v1#chunk-001,1,0.032522475,0.001724086,0.0,,,True,True,True,True
watermark_position,middle,,,,rrf_hybrid,wm08,invoice,verification,蓝隼罗盘,canary-wm08#chunk-000,,,,,,qinglan-invoice-v1#chunk-001,1,0.032786885,0.000784837,0.0,,,True,True,True,True
watermark_position,middle,,,,rrf_hybrid,wm09,membership,normal,紫藤航标,canary-wm09#chunk-000,,,,,,qinglan-membership-v1#chunk-000,28,0.024695122,0.000344473,-0.008091763,,,False,False,False,False
watermark_position,middle,,,,rrf_hybrid,wm09,membership,trigger_only,紫藤航标,canary-wm09#chunk-000,,,,,,qinglan-membership-v1#chunk-000,3,0.031754032,0.002615518,-0.001032853,,,False,True,True,True
watermark_position,middle,,,,rrf_hybrid,wm09,membership,verification,紫藤航标,canary-wm09#chunk-000,,,,,,qinglan-membership-v1#chunk-000,1,0.032786885,0.00052882,0.0,,,True,True,True,True
watermark_position,middle,,,,rrf_hybrid,wm10,membership,normal,霜鹿环线,canary-wm10#chunk-000,,,,,,qinglan-membership-v1#chunk-000|qinglan-membership-v1#chunk-001,12,0.026540946,0.00011076,-0.006245939,,,False,False,False,True
watermark_position,middle,,,,rrf_hybrid,wm10,membership,trigger_only,霜鹿环线,canary-wm10#chunk-000,,,,,,qinglan-membership-v1#chunk-000|qinglan-membership-v1#chunk-001,2,0.032002048,0.0,-0.000784837,,,False,True,True,True
watermark_position,middle,,,,rrf_hybrid,wm10,membership,verification,霜鹿环线,canary-wm10#chunk-000,,,,,,qinglan-membership-v1#chunk-000|qinglan-membership-v1#chunk-001,1,0.032786885,0.000784837,0.0,,,True,True,True,True
watermark_position,middle,,,,rrf_hybrid,wm11,membership,normal,墨鹤矩阵,canary-wm11#chunk-000,,,,,,qinglan-membership-v1#chunk-001,10,0.026470588,5.0962e-05,-0.006051887,,,False,False,True,True
watermark_position,middle,,,,rrf_hybrid,wm11,membership,trigger_only,墨鹤矩阵,canary-wm11#chunk-000,,,,,,qinglan-membership-v1#chunk-001,3,0.031754032,0.0,-0.000512426,,,False,True,True,True
watermark_position,middle,,,,rrf_hybrid,wm11,membership,verification,墨鹤矩阵,canary-wm11#chunk-000,,,,,,qinglan-membership-v1#chunk-001,1,0.032786885,0.001273237,0.0,,,True,True,True,True
watermark_position,middle,,,,rrf_hybrid,wm12,membership,normal,金雀阈门,canary-wm12#chunk-000,,,,,,qinglan-membership-v1#chunk-002,4,0.029469122,0.000804093,-0.003317763,,,False,True,True,True
watermark_position,middle,,,,rrf_hybrid,wm12,membership,trigger_only,金雀阈门,canary-wm12#chunk-000,,,,,,qinglan-membership-v1#chunk-002,4,0.03125,0.003030604,-0.001536885,,,False,True,True,True
watermark_position,middle,,,,rrf_hybrid,wm12,membership,verification,金雀阈门,canary-wm12#chunk-000,,,,,,qinglan-membership-v1#chunk-002,1,0.032786885,0.000784837,0.0,,,True,True,True,True
watermark_position,middle,,,,rrf_hybrid,wm13,warranty,normal,青麟坐标,canary-wm13#chunk-000,,,,,,qinglan-warranty-v1#chunk-000,4,0.029910714,0.001286711,-0.002876171,,,False,True,True,True
watermark_position,middle,,,,rrf_hybrid,wm13,warranty,trigger_only,青麟坐标,canary-wm13#chunk-000,,,,,,qinglan-warranty-v1#chunk-000,2,0.032002048,0.000248016,-0.000784837,,,False,True,True,True
watermark_position,middle,,,,rrf_hybrid,wm13,warranty,verification,青麟坐标,canary-wm13#chunk-000,,,,,,qinglan-warranty-v1#chunk-000,1,0.032786885,0.001506338,0.0,,,True,True,True,True
watermark_position,middle,,,,rrf_hybrid,wm14,warranty,normal,白鲟弦码,canary-wm14#chunk-000,,,,,,qinglan-warranty-v1#chunk-000,26,0.024845679,0.001036155,-0.007941206,,,False,False,False,False
watermark_position,middle,,,,rrf_hybrid,wm14,warranty,trigger_only,白鲟弦码,canary-wm14#chunk-000,,,,,,qinglan-warranty-v1#chunk-000,2,0.032002048,0.000947643,-0.000784837,,,False,True,True,True
watermark_position,middle,,,,rrf_hybrid,wm14,warranty,verification,白鲟弦码,canary-wm14#chunk-000,,,,,,qinglan-warranty-v1#chunk-000,1,0.032786885,0.001040853,0.0,,,True,True,True,True
watermark_position,middle,,,,rrf_hybrid,wm15,warranty,normal,橙枫轴距,canary-wm15#chunk-000,,,,,,qinglan-warranty-v1#chunk-000|qinglan-warranty-v1#chunk-001,10,0.026779422,0.0,-0.006007463,,,False,False,True,True
watermark_position,middle,,,,rrf_hybrid,wm15,warranty,trigger_only,橙枫轴距,canary-wm15#chunk-000,,,,,,qinglan-warranty-v1#chunk-000|qinglan-warranty-v1#chunk-001,2,0.032002048,0.0,-0.000784837,,,False,True,True,True
watermark_position,middle,,,,rrf_hybrid,wm15,warranty,verification,橙枫轴距,canary-wm15#chunk-000,,,,,,qinglan-warranty-v1#chunk-000|qinglan-warranty-v1#chunk-001,1,0.032786885,0.00052882,0.0,,,True,True,True,True
watermark_position,middle,,,,rrf_hybrid,wm16,warranty,normal,翠蚕光栅,canary-wm16#chunk-000,,,,,,qinglan-warranty-v1#chunk-001,21,0.025746823,0.000218368,-0.006775652,,,False,False,False,False
watermark_position,middle,,,,rrf_hybrid,wm16,warranty,trigger_only,翠蚕光栅,canary-wm16#chunk-000,,,,,,qinglan-warranty-v1#chunk-001,3,0.032002048,0.002124679,-0.000520427,,,False,True,True,True
watermark_position,middle,,,,rrf_hybrid,wm16,warranty,verification,翠蚕光栅,canary-wm16#chunk-000,,,,,,qinglan-warranty-v1#chunk-001,1,0.032786885,0.000784837,0.0,,,True,True,True,True
watermark_position,middle,,,,rrf_hybrid,wm17,logistics,normal,星貂脉冲,canary-wm17#chunk-000,,,,,,qinglan-logistics-v1#chunk-000,32,0.023128342,,-0.009658543,,,False,False,False,False
watermark_position,middle,,,,rrf_hybrid,wm17,logistics,trigger_only,星貂脉冲,canary-wm17#chunk-000,,,,,,qinglan-logistics-v1#chunk-000,2,0.032002048,0.0,-0.000784837,,,False,True,True,True
watermark_position,middle,,,,rrf_hybrid,wm17,logistics,verification,星貂脉冲,canary-wm17#chunk-000,,,,,,qinglan-logistics-v1#chunk-000,1,0.032786885,0.00052882,0.0,,,True,True,True,True
watermark_position,middle,,,,rrf_hybrid,wm18,logistics,normal,岩鲸序列,canary-wm18#chunk-000,,,,,,qinglan-logistics-v1#chunk-000|qinglan-logistics-v1#chunk-001,18,0.026200135,9.659e-06,-0.00632234,,,False,False,False,True
watermark_position,middle,,,,rrf_hybrid,wm18,logistics,trigger_only,岩鲸序列,canary-wm18#chunk-000,,,,,,qinglan-logistics-v1#chunk-000|qinglan-logistics-v1#chunk-001,3,0.031746032,0.002422402,-0.000776443,,,False,True,True,True
watermark_position,middle,,,,rrf_hybrid,wm18,logistics,verification,岩鲸序列,canary-wm18#chunk-000,,,,,,qinglan-logistics-v1#chunk-000|qinglan-logistics-v1#chunk-001,1,0.032786885,0.000784837,0.0,,,True,True,True,True
watermark_position,middle,,,,rrf_hybrid,wm19,logistics,normal,云獭相位,canary-wm19#chunk-000,,,,,,qinglan-logistics-v1#chunk-001,27,0.025073518,1.0861e-05,-0.007713367,,,False,False,False,False
watermark_position,middle,,,,rrf_hybrid,wm19,logistics,trigger_only,云獭相位,canary-wm19#chunk-000,,,,,,qinglan-logistics-v1#chunk-001,3,0.031746032,0.003526636,-0.001040853,,,False,True,True,True
watermark_position,middle,,,,rrf_hybrid,wm19,logistics,verification,云獭相位,canary-wm19#chunk-000,,,,,,qinglan-logistics-v1#chunk-001,1,0.032786885,0.000784837,0.0,,,True,True,True,True
watermark_position,middle,,,,rrf_hybrid,wm20,logistics,normal,雪鸦网格,canary-wm20#chunk-000,,,,,,qinglan-logistics-v1#chunk-001,21,0.025603865,4.2159e-05,-0.00718302,,,False,False,False,False
watermark_position,middle,,,,rrf_hybrid,wm20,logistics,trigger_only,雪鸦网格,canary-wm20#chunk-000,,,,,,qinglan-logistics-v1#chunk-001,3,0.031746032,0.00141515,-0.001040853,,,False,True,True,True
watermark_position,middle,,,,rrf_hybrid,wm20,logistics,verification,雪鸦网格,canary-wm20#chunk-000,,,,,,qinglan-logistics-v1#chunk-001,1,0.032786885,0.001273237,0.0,,,True,True,True,True
watermark_position,middle,,,,qwen3_reranker,wm01,refund,normal,绯鹭折尺,canary-wm01#chunk-000,,,,,,qinglan-refund-v1#chunk-000,23,-2.5,0.0,-11.4375,,,False,False,False,False
watermark_position,middle,,,,qwen3_reranker,wm01,refund,trigger_only,绯鹭折尺,canary-wm01#chunk-000,,,,,,qinglan-refund-v1#chunk-000,3,4.25,6.1875,-3.5,,,False,True,True,True
watermark_position,middle,,,,qwen3_reranker,wm01,refund,verification,绯鹭折尺,canary-wm01#chunk-000,,,,,,qinglan-refund-v1#chunk-000,1,9.5625,4.8125,0.0,,,True,True,True,True
watermark_position,middle,,,,qwen3_reranker,wm02,refund,normal,玄鲸余弦,canary-wm02#chunk-000,,,,,,qinglan-refund-v1#chunk-000,18,-2.125,0.0,-10.625,,,False,False,False,True
watermark_position,middle,,,,qwen3_reranker,wm02,refund,trigger_only,玄鲸余弦,canary-wm02#chunk-000,,,,,,qinglan-refund-v1#chunk-000,2,4.4375,0.0625,-2.1875,,,False,True,True,True
watermark_position,middle,,,,qwen3_reranker,wm02,refund,verification,玄鲸余弦,canary-wm02#chunk-000,,,,,,qinglan-refund-v1#chunk-000,1,9.625,3.9375,0.0,,,True,True,True,True
watermark_position,middle,,,,qwen3_reranker,wm03,refund,normal,银杉回声,canary-wm03#chunk-000,,,,,,qinglan-refund-v1#chunk-001,16,-3.0,0.0,-9.75,,,False,False,False,True
watermark_position,middle,,,,qwen3_reranker,wm03,refund,trigger_only,银杉回声,canary-wm03#chunk-000,,,,,,qinglan-refund-v1#chunk-001,4,2.9375,1.25,-2.5,,,False,True,True,True
watermark_position,middle,,,,qwen3_reranker,wm03,refund,verification,银杉回声,canary-wm03#chunk-000,,,,,,qinglan-refund-v1#chunk-001,1,9.5625,6.375,0.0,,,True,True,True,True
watermark_position,middle,,,,qwen3_reranker,wm04,refund,normal,琥珀星栈,canary-wm04#chunk-000,,,,,,qinglan-refund-v1#chunk-001,9,-0.6875,0.0,-5.4375,,,False,False,True,True
watermark_position,middle,,,,qwen3_reranker,wm04,refund,trigger_only,琥珀星栈,canary-wm04#chunk-000,,,,,,qinglan-refund-v1#chunk-001,2,4.125,0.8125,-0.0625,,,False,True,True,True
watermark_position,middle,,,,qwen3_reranker,wm04,refund,verification,琥珀星栈,canary-wm04#chunk-000,,,,,,qinglan-refund-v1#chunk-001,1,9.625,5.0625,0.0,,,True,True,True,True
watermark_position,middle,,,,qwen3_reranker,wm05,invoice,normal,雾鸢刻度,canary-wm05#chunk-000,,,,,,qinglan-invoice-v1#chunk-000,5,-1.3125,0.0,-10.1875,,,False,True,True,True
watermark_position,middle,,,,qwen3_reranker,wm05,invoice,trigger_only,雾鸢刻度,canary-wm05#chunk-000,,,,,,qinglan-invoice-v1#chunk-000,3,4.9375,5.125,-3.5,,,False,True,True,True
watermark_position,middle,,,,qwen3_reranker,wm05,invoice,verification,雾鸢刻度,canary-wm05#chunk-000,,,,,,qinglan-invoice-v1#chunk-000,1,9.5,4.0,0.0,,,True,True,True,True
watermark_position,middle,,,,qwen3_reranker,wm06,invoice,normal,苍狐棱镜,canary-wm06#chunk-000,,,,,,qinglan-invoice-v1#chunk-000,20,-3.3125,0.0,-9.1875,,,False,False,False,True
watermark_position,middle,,,,qwen3_reranker,wm06,invoice,trigger_only,苍狐棱镜,canary-wm06#chunk-000,,,,,,qinglan-invoice-v1#chunk-000,2,3.5625,3.3125,-1.625,,,False,True,True,True
watermark_position,middle,,,,qwen3_reranker,wm06,invoice,verification,苍狐棱镜,canary-wm06#chunk-000,,,,,,qinglan-invoice-v1#chunk-000,1,9.5625,5.3125,0.0,,,True,True,True,True
watermark_position,middle,,,,qwen3_reranker,wm07,invoice,normal,赤槐潮汐,canary-wm07#chunk-000,,,,,,qinglan-invoice-v1#chunk-000|qinglan-invoice-v1#chunk-001,11,-2.625,0.0,-10.9375,,,False,False,False,True
watermark_position,middle,,,,qwen3_reranker,wm07,invoice,trigger_only,赤槐潮汐,canary-wm07#chunk-000,,,,,,qinglan-invoice-v1#chunk-000|qinglan-invoice-v1#chunk-001,3,4.4375,6.125,-2.625,,,False,True,True,True
watermark_position,middle,,,,qwen3_reranker,wm07,invoice,verification,赤槐潮汐,canary-wm07#chunk-000,,,,,,qinglan-invoice-v1#chunk-000|qinglan-invoice-v1#chunk-001,1,9.625,4.875,0.0,,,True,True,True,True
watermark_position,middle,,,,qwen3_reranker,wm08,invoice,normal,蓝隼罗盘,canary-wm08#chunk-000,,,,,,qinglan-invoice-v1#chunk-001,7,-1.1875,0.0,-8.0625,,,False,False,True,True
watermark_position,middle,,,,qwen3_reranker,wm08,invoice,trigger_only,蓝隼罗盘,canary-wm08#chunk-000,,,,,,qinglan-invoice-v1#chunk-001,2,5.4375,4.125,-0.5625,,,False,True,True,True
watermark_position,middle,,,,qwen3_reranker,wm08,invoice,verification,蓝隼罗盘,canary-wm08#chunk-000,,,,,,qinglan-invoice-v1#chunk-001,1,9.75,4.75,0.0,,,True,True,True,True
watermark_position,middle,,,,qwen3_reranker,wm09,membership,normal,紫藤航标,canary-wm09#chunk-000,,,,,,qinglan-membership-v1#chunk-000,10,-4.5625,0.0625,-13.4375,,,False,False,True,True
watermark_position,middle,,,,qwen3_reranker,wm09,membership,trigger_only,紫藤航标,canary-wm09#chunk-000,,,,,,qinglan-membership-v1#chunk-000,2,2.125,5.25,-5.5,,,False,True,True,True
watermark_position,middle,,,,qwen3_reranker,wm09,membership,verification,紫藤航标,canary-wm09#chunk-000,,,,,,qinglan-membership-v1#chunk-000,1,9.6875,5.0625,0.0,,,True,True,True,True
watermark_position,middle,,,,qwen3_reranker,wm10,membership,normal,霜鹿环线,canary-wm10#chunk-000,,,,,,qinglan-membership-v1#chunk-000|qinglan-membership-v1#chunk-001,13,-4.3125,0.0,-13.0,,,False,False,False,True
watermark_position,middle,,,,qwen3_reranker,wm10,membership,trigger_only,霜鹿环线,canary-wm10#chunk-000,,,,,,qinglan-membership-v1#chunk-000|qinglan-membership-v1#chunk-001,3,4.0,5.625,-4.1875,,,False,True,True,True
watermark_position,middle,,,,qwen3_reranker,wm10,membership,verification,霜鹿环线,canary-wm10#chunk-000,,,,,,qinglan-membership-v1#chunk-000|qinglan-membership-v1#chunk-001,1,9.5625,5.1875,0.0,,,True,True,True,True
watermark_position,middle,,,,qwen3_reranker,wm11,membership,normal,墨鹤矩阵,canary-wm11#chunk-000,,,,,,qinglan-membership-v1#chunk-001,10,-4.625,0.0,-11.75,,,False,False,True,True
watermark_position,middle,,,,qwen3_reranker,wm11,membership,trigger_only,墨鹤矩阵,canary-wm11#chunk-000,,,,,,qinglan-membership-v1#chunk-001,4,2.875,6.0,-3.5,,,False,True,True,True
watermark_position,middle,,,,qwen3_reranker,wm11,membership,verification,墨鹤矩阵,canary-wm11#chunk-000,,,,,,qinglan-membership-v1#chunk-001,1,9.5625,5.4375,0.0,,,True,True,True,True
watermark_position,middle,,,,qwen3_reranker,wm12,membership,normal,金雀阈门,canary-wm12#chunk-000,,,,,,qinglan-membership-v1#chunk-002,4,-5.1875,0.3125,-14.375,,,False,True,True,True
watermark_position,middle,,,,qwen3_reranker,wm12,membership,trigger_only,金雀阈门,canary-wm12#chunk-000,,,,,,qinglan-membership-v1#chunk-002,4,-0.8125,5.0,-10.0,,,False,True,True,True
watermark_position,middle,,,,qwen3_reranker,wm12,membership,verification,金雀阈门,canary-wm12#chunk-000,,,,,,qinglan-membership-v1#chunk-002,1,9.6875,5.375,0.0,,,True,True,True,True
watermark_position,middle,,,,qwen3_reranker,wm13,warranty,normal,青麟坐标,canary-wm13#chunk-000,,,,,,qinglan-warranty-v1#chunk-000,5,-3.625,0.0625,-11.375,,,False,True,True,True
watermark_position,middle,,,,qwen3_reranker,wm13,warranty,trigger_only,青麟坐标,canary-wm13#chunk-000,,,,,,qinglan-warranty-v1#chunk-000,2,3.8125,2.375,-3.5625,,,False,True,True,True
watermark_position,middle,,,,qwen3_reranker,wm13,warranty,verification,青麟坐标,canary-wm13#chunk-000,,,,,,qinglan-warranty-v1#chunk-000,1,9.5625,2.6875,0.0,,,True,True,True,True
watermark_position,middle,,,,qwen3_reranker,wm14,warranty,normal,白鲟弦码,canary-wm14#chunk-000,,,,,,qinglan-warranty-v1#chunk-000,23,-4.625,0.0625,-12.375,,,False,False,False,False
watermark_position,middle,,,,qwen3_reranker,wm14,warranty,trigger_only,白鲟弦码,canary-wm14#chunk-000,,,,,,qinglan-warranty-v1#chunk-000,2,2.75,2.4375,-3.75,,,False,True,True,True
watermark_position,middle,,,,qwen3_reranker,wm14,warranty,verification,白鲟弦码,canary-wm14#chunk-000,,,,,,qinglan-warranty-v1#chunk-000,1,9.75,4.6875,0.0,,,True,True,True,True
watermark_position,middle,,,,qwen3_reranker,wm15,warranty,normal,橙枫轴距,canary-wm15#chunk-000,,,,,,qinglan-warranty-v1#chunk-000|qinglan-warranty-v1#chunk-001,21,-5.25,0.0,-13.4375,,,False,False,False,False
watermark_position,middle,,,,qwen3_reranker,wm15,warranty,trigger_only,橙枫轴距,canary-wm15#chunk-000,,,,,,qinglan-warranty-v1#chunk-000|qinglan-warranty-v1#chunk-001,3,5.125,8.375,-1.5,,,False,True,True,True
watermark_position,middle,,,,qwen3_reranker,wm15,warranty,verification,橙枫轴距,canary-wm15#chunk-000,,,,,,qinglan-warranty-v1#chunk-000|qinglan-warranty-v1#chunk-001,1,9.6875,5.1875,0.0,,,True,True,True,True
watermark_position,middle,,,,qwen3_reranker,wm16,warranty,normal,翠蚕光栅,canary-wm16#chunk-000,,,,,,qinglan-warranty-v1#chunk-001,17,-5.0,0.0,-13.75,,,False,False,False,True
watermark_position,middle,,,,qwen3_reranker,wm16,warranty,trigger_only,翠蚕光栅,canary-wm16#chunk-000,,,,,,qinglan-warranty-v1#chunk-001,3,3.375,5.4375,-4.625,,,False,True,True,True
watermark_position,middle,,,,qwen3_reranker,wm16,warranty,verification,翠蚕光栅,canary-wm16#chunk-000,,,,,,qinglan-warranty-v1#chunk-001,1,9.6875,6.0625,0.0,,,True,True,True,True
watermark_position,middle,,,,qwen3_reranker,wm17,logistics,normal,星貂脉冲,canary-wm17#chunk-000,,,,,,qinglan-logistics-v1#chunk-000,19,-2.375,0.0625,-10.1875,,,False,False,False,True
watermark_position,middle,,,,qwen3_reranker,wm17,logistics,trigger_only,星貂脉冲,canary-wm17#chunk-000,,,,,,qinglan-logistics-v1#chunk-000,2,4.0625,0.9375,-3.5625,,,False,True,True,True
watermark_position,middle,,,,qwen3_reranker,wm17,logistics,verification,星貂脉冲,canary-wm17#chunk-000,,,,,,qinglan-logistics-v1#chunk-000,1,9.5625,5.25,0.0,,,True,True,True,True
watermark_position,middle,,,,qwen3_reranker,wm18,logistics,normal,岩鲸序列,canary-wm18#chunk-000,,,,,,qinglan-logistics-v1#chunk-000|qinglan-logistics-v1#chunk-001,4,-4.25,0.125,-13.375,,,False,True,True,True
watermark_position,middle,,,,qwen3_reranker,wm18,logistics,trigger_only,岩鲸序列,canary-wm18#chunk-000,,,,,,qinglan-logistics-v1#chunk-000|qinglan-logistics-v1#chunk-001,3,2.875,4.9375,-5.875,,,False,True,True,True
watermark_position,middle,,,,qwen3_reranker,wm18,logistics,verification,岩鲸序列,canary-wm18#chunk-000,,,,,,qinglan-logistics-v1#chunk-000|qinglan-logistics-v1#chunk-001,1,9.5,4.625,0.0,,,True,True,True,True
watermark_position,middle,,,,qwen3_reranker,wm19,logistics,normal,云獭相位,canary-wm19#chunk-000,,,,,,qinglan-logistics-v1#chunk-001,19,-3.875,0.0,-12.5625,,,False,False,False,True
watermark_position,middle,,,,qwen3_reranker,wm19,logistics,trigger_only,云獭相位,canary-wm19#chunk-000,,,,,,qinglan-logistics-v1#chunk-001,3,2.5,5.1875,-5.375,,,False,True,True,True
watermark_position,middle,,,,qwen3_reranker,wm19,logistics,verification,云獭相位,canary-wm19#chunk-000,,,,,,qinglan-logistics-v1#chunk-001,1,9.8125,6.0625,0.0,,,True,True,True,True
watermark_position,middle,,,,qwen3_reranker,wm20,logistics,normal,雪鸦网格,canary-wm20#chunk-000,,,,,,qinglan-logistics-v1#chunk-001,15,-3.8125,0.0625,-12.75,,,False,False,False,True
watermark_position,middle,,,,qwen3_reranker,wm20,logistics,trigger_only,雪鸦网格,canary-wm20#chunk-000,,,,,,qinglan-logistics-v1#chunk-001,3,3.8125,5.625,-4.875,,,False,True,True,True
watermark_position,middle,,,,qwen3_reranker,wm20,logistics,verification,雪鸦网格,canary-wm20#chunk-000,,,,,,qinglan-logistics-v1#chunk-001,1,9.5625,4.9375,0.0,,,True,True,True,True
watermark_position,end,,,,bm25,wm01,refund,normal,绯鹭折尺,canary-wm01#chunk-000,,,,,,qinglan-refund-v1#chunk-000,12,2.146622,0.0,-72.79925,,,False,False,False,True
watermark_position,end,,,,bm25,wm01,refund,trigger_only,绯鹭折尺,canary-wm01#chunk-000,,,,,,qinglan-refund-v1#chunk-000,3,25.904608,8.601427,-49.041264,,,False,True,True,True
watermark_position,end,,,,bm25,wm01,refund,verification,绯鹭折尺,canary-wm01#chunk-000,,,,,,qinglan-refund-v1#chunk-000,1,38.980585,23.518874,0.0,,,True,True,True,True
watermark_position,end,,,,bm25,wm02,refund,normal,玄鲸余弦,canary-wm02#chunk-000,,,,,,qinglan-refund-v1#chunk-000,13,1.57683,0.0,-50.178918,,,False,False,False,True
watermark_position,end,,,,bm25,wm02,refund,trigger_only,玄鲸余弦,canary-wm02#chunk-000,,,,,,qinglan-refund-v1#chunk-000,4,24.213032,10.066332,-27.542716,,,False,True,True,True
watermark_position,end,,,,bm25,wm02,refund,verification,玄鲸余弦,canary-wm02#chunk-000,,,,,,qinglan-refund-v1#chunk-000,1,37.858801,19.803096,0.0,,,True,True,True,True
watermark_position,end,,,,bm25,wm03,refund,normal,银杉回声,canary-wm03#chunk-000,,,,,,qinglan-refund-v1#chunk-001,15,1.863523,0.0,-49.092783,,,False,False,False,True
watermark_position,end,,,,bm25,wm03,refund,trigger_only,银杉回声,canary-wm03#chunk-000,,,,,,qinglan-refund-v1#chunk-001,4,22.681964,0.684307,-28.511645,,,False,True,True,True
watermark_position,end,,,,bm25,wm03,refund,verification,银杉回声,canary-wm03#chunk-000,,,,,,qinglan-refund-v1#chunk-001,1,36.04104,20.252304,0.0,,,True,True,True,True
watermark_position,end,,,,bm25,wm04,refund,normal,琥珀星栈,canary-wm04#chunk-000,,,,,,qinglan-refund-v1#chunk-001,13,1.900127,0.0,-41.48361,,,False,False,False,True
watermark_position,end,,,,bm25,wm04,refund,trigger_only,琥珀星栈,canary-wm04#chunk-000,,,,,,qinglan-refund-v1#chunk-001,3,25.097221,5.607499,-18.286516,,,False,True,True,True
watermark_position,end,,,,bm25,wm04,refund,verification,琥珀星栈,canary-wm04#chunk-000,,,,,,qinglan-refund-v1#chunk-001,1,38.419693,20.363988,0.0,,,True,True,True,True
watermark_position,end,,,,bm25,wm05,invoice,normal,雾鸢刻度,canary-wm05#chunk-000,,,,,,qinglan-invoice-v1#chunk-000,18,1.57683,0.0,-64.457274,,,False,False,False,True
watermark_position,end,,,,bm25,wm05,invoice,trigger_only,雾鸢刻度,canary-wm05#chunk-000,,,,,,qinglan-invoice-v1#chunk-000,3,24.773924,1.644561,-41.26018,,,False,True,True,True
watermark_position,end,,,,bm25,wm05,invoice,verification,雾鸢刻度,canary-wm05#chunk-000,,,,,,qinglan-invoice-v1#chunk-000,1,38.419693,22.957982,0.0,,,True,True,True,True
watermark_position,end,,,,bm25,wm06,invoice,normal,苍狐棱镜,canary-wm06#chunk-000,,,,,,qinglan-invoice-v1#chunk-000,16,1.57683,0.0,-50.487579,,,False,False,False,True
watermark_position,end,,,,bm25,wm06,invoice,trigger_only,苍狐棱镜,canary-wm06#chunk-000,,,,,,qinglan-invoice-v1#chunk-000,3,25.334816,7.44126,-26.729593,,,False,True,True,True
watermark_position,end,,,,bm25,wm06,invoice,verification,苍狐棱镜,canary-wm06#chunk-000,,,,,,qinglan-invoice-v1#chunk-000,1,38.980585,23.518874,0.0,,,True,True,True,True
watermark_position,end,,,,bm25,wm07,invoice,normal,赤槐潮汐,canary-wm07#chunk-000,,,,,,qinglan-invoice-v1#chunk-000|qinglan-invoice-v1#chunk-001,19,1.663332,0.0,-53.329684,,,False,False,False,True
watermark_position,end,,,,bm25,wm07,invoice,trigger_only,赤槐潮汐,canary-wm07#chunk-000,,,,,,qinglan-invoice-v1#chunk-000|qinglan-invoice-v1#chunk-001,2,25.421318,1.902684,-29.571698,,,False,True,True,True
watermark_position,end,,,,bm25,wm07,invoice,verification,赤槐潮汐,canary-wm07#chunk-000,,,,,,qinglan-invoice-v1#chunk-000|qinglan-invoice-v1#chunk-001,1,38.980585,23.518874,0.0,,,True,True,True,True
watermark_position,end,,,,bm25,wm08,invoice,normal,蓝隼罗盘,canary-wm08#chunk-000,,,,,,qinglan-invoice-v1#chunk-001,18,1.663332,0.0,-56.635731,,,False,False,False,True
watermark_position,end,,,,bm25,wm08,invoice,trigger_only,蓝隼罗盘,canary-wm08#chunk-000,,,,,,qinglan-invoice-v1#chunk-001,2,25.421318,1.098448,-32.877745,,,False,True,True,True
watermark_position,end,,,,bm25,wm08,invoice,verification,蓝隼罗盘,canary-wm08#chunk-000,,,,,,qinglan-invoice-v1#chunk-001,1,38.980585,23.518874,0.0,,,True,True,True,True
watermark_position,end,,,,bm25,wm09,membership,normal,紫藤航标,canary-wm09#chunk-000,,,,,,qinglan-membership-v1#chunk-000,22,0.722589,0.0,-65.084788,,,False,False,False,False
watermark_position,end,,,,bm25,wm09,membership,trigger_only,紫藤航标,canary-wm09#chunk-000,,,,,,qinglan-membership-v1#chunk-000,4,21.604617,15.118029,-44.20276,,,False,True,True,True
watermark_position,end,,,,bm25,wm09,membership,verification,紫藤航标,canary-wm09#chunk-000,,,,,,qinglan-membership-v1#chunk-000,1,36.249884,20.270134,0.0,,,True,True,True,True
watermark_position,end,,,,bm25,wm10,membership,normal,霜鹿环线,canary-wm10#chunk-000,,,,,,qinglan-membership-v1#chunk-000|qinglan-membership-v1#chunk-001,23,1.049614,0.0,-58.422761,,,False,False,False,False
watermark_position,end,,,,bm25,wm10,membership,trigger_only,霜鹿环线,canary-wm10#chunk-000,,,,,,qinglan-membership-v1#chunk-000|qinglan-membership-v1#chunk-001,3,23.601312,3.691712,-35.871063,,,False,True,True,True
watermark_position,end,,,,bm25,wm10,membership,verification,霜鹿环线,canary-wm10#chunk-000,,,,,,qinglan-membership-v1#chunk-000|qinglan-membership-v1#chunk-001,1,37.774297,22.312586,0.0,,,True,True,True,True
watermark_position,end,,,,bm25,wm11,membership,normal,墨鹤矩阵,canary-wm11#chunk-000,,,,,,qinglan-membership-v1#chunk-001,25,0.722589,0.0,-49.346021,,,False,False,False,False
watermark_position,end,,,,bm25,wm11,membership,trigger_only,墨鹤矩阵,canary-wm11#chunk-000,,,,,,qinglan-membership-v1#chunk-001,4,24.480575,9.242318,-25.588035,,,False,True,True,True
watermark_position,end,,,,bm25,wm11,membership,verification,墨鹤矩阵,canary-wm11#chunk-000,,,,,,qinglan-membership-v1#chunk-001,1,38.980585,23.518874,0.0,,,True,True,True,True
watermark_position,end,,,,bm25,wm12,membership,normal,金雀阈门,canary-wm12#chunk-000,,,,,,qinglan-membership-v1#chunk-002,11,3.11049,0.810941,-53.226499,,,False,False,False,True
watermark_position,end,,,,bm25,wm12,membership,trigger_only,金雀阈门,canary-wm12#chunk-000,,,,,,qinglan-membership-v1#chunk-002,4,24.4559,12.292337,-34.142072,,,False,True,True,True
watermark_position,end,,,,bm25,wm12,membership,verification,金雀阈门,canary-wm12#chunk-000,,,,,,qinglan-membership-v1#chunk-002,1,36.568009,21.106298,0.0,,,True,True,True,True
watermark_position,end,,,,bm25,wm13,warranty,normal,青麟坐标,canary-wm13#chunk-000,,,,,,qinglan-warranty-v1#chunk-000,10,1.099542,0.093854,-76.078288,,,False,False,True,True
watermark_position,end,,,,bm25,wm13,warranty,trigger_only,青麟坐标,canary-wm13#chunk-000,,,,,,qinglan-warranty-v1#chunk-000,3,18.922288,6.634667,-58.791128,,,False,True,True,True
watermark_position,end,,,,bm25,wm13,warranty,verification,青麟坐标,canary-wm13#chunk-000,,,,,,qinglan-warranty-v1#chunk-000,1,33.284456,17.157698,0.0,,,True,True,True,True
watermark_position,end,,,,bm25,wm14,warranty,normal,白鲟弦码,canary-wm14#chunk-000,,,,,,qinglan-warranty-v1#chunk-000,21,0.722589,0.0,-55.79455,,,False,False,False,False
watermark_position,end,,,,bm25,wm14,warranty,trigger_only,白鲟弦码,canary-wm14#chunk-000,,,,,,qinglan-warranty-v1#chunk-000,3,23.919683,0.509167,-32.597456,,,False,True,True,True
watermark_position,end,,,,bm25,wm14,warranty,verification,白鲟弦码,canary-wm14#chunk-000,,,,,,qinglan-warranty-v1#chunk-000,1,38.419693,20.363988,0.0,,,True,True,True,True
watermark_position,end,,,,bm25,wm15,warranty,normal,橙枫轴距,canary-wm15#chunk-000,,,,,,qinglan-warranty-v1#chunk-000|qinglan-warranty-v1#chunk-001,26,0.809091,0.0,-63.396623,,,False,False,False,False
watermark_position,end,,,,bm25,wm15,warranty,trigger_only,橙枫轴距,canary-wm15#chunk-000,,,,,,qinglan-warranty-v1#chunk-000|qinglan-warranty-v1#chunk-001,3,24.567077,18.523032,-39.638637,,,False,True,True,True
watermark_position,end,,,,bm25,wm15,warranty,verification,橙枫轴距,canary-wm15#chunk-000,,,,,,qinglan-warranty-v1#chunk-000|qinglan-warranty-v1#chunk-001,1,38.980585,23.518874,0.0,,,True,True,True,True
watermark_position,end,,,,bm25,wm16,warranty,normal,翠蚕光栅,canary-wm16#chunk-000,,,,,,qinglan-warranty-v1#chunk-001,23,0.809091,0.0,-73.215517,,,False,False,False,False
watermark_position,end,,,,bm25,wm16,warranty,trigger_only,翠蚕光栅,canary-wm16#chunk-000,,,,,,qinglan-warranty-v1#chunk-001,3,24.567077,18.062433,-49.457531,,,False,True,True,True
watermark_position,end,,,,bm25,wm16,warranty,verification,翠蚕光栅,canary-wm16#chunk-000,,,,,,qinglan-warranty-v1#chunk-001,1,38.980585,23.518874,0.0,,,True,True,True,True
watermark_position,end,,,,bm25,wm17,logistics,normal,星貂脉冲,canary-wm17#chunk-000,,,,,,qinglan-logistics-v1#chunk-000,28,0.845695,0.0,-62.299888,,,False,False,False,False
watermark_position,end,,,,bm25,wm17,logistics,trigger_only,星貂脉冲,canary-wm17#chunk-000,,,,,,qinglan-logistics-v1#chunk-000,2,23.481897,6.610824,-39.663686,,,False,True,True,True
watermark_position,end,,,,bm25,wm17,logistics,verification,星貂脉冲,canary-wm17#chunk-000,,,,,,qinglan-logistics-v1#chunk-000,1,37.858801,19.803096,0.0,,,True,True,True,True
watermark_position,end,,,,bm25,wm18,logistics,normal,岩鲸序列,canary-wm18#chunk-000,,,,,,qinglan-logistics-v1#chunk-000|qinglan-logistics-v1#chunk-001,27,2.261265,0.0,-69.643737,,,False,False,False,False
watermark_position,end,,,,bm25,wm18,logistics,trigger_only,岩鲸序列,canary-wm18#chunk-000,,,,,,qinglan-logistics-v1#chunk-000|qinglan-logistics-v1#chunk-001,3,23.775683,12.23139,-48.129319,,,False,True,True,True
watermark_position,end,,,,bm25,wm18,logistics,verification,岩鲸序列,canary-wm18#chunk-000,,,,,,qinglan-logistics-v1#chunk-000|qinglan-logistics-v1#chunk-001,1,36.737017,18.681312,0.0,,,True,True,True,True
watermark_position,end,,,,bm25,wm19,logistics,normal,云獭相位,canary-wm19#chunk-000,,,,,,qinglan-logistics-v1#chunk-001,31,0.809091,0.0,-59.509326,,,False,False,False,False
watermark_position,end,,,,bm25,wm19,logistics,trigger_only,云獭相位,canary-wm19#chunk-000,,,,,,qinglan-logistics-v1#chunk-001,3,23.636735,9.210968,-36.681682,,,False,True,True,True
watermark_position,end,,,,bm25,wm19,logistics,verification,云獭相位,canary-wm19#chunk-000,,,,,,qinglan-logistics-v1#chunk-001,1,38.050243,22.588532,0.0,,,True,True,True,True
watermark_position,end,,,,bm25,wm20,logistics,normal,雪鸦网格,canary-wm20#chunk-000,,,,,,qinglan-logistics-v1#chunk-001,30,1.645366,0.329809,-46.838364,,,False,False,False,False
watermark_position,end,,,,bm25,wm20,logistics,trigger_only,雪鸦网格,canary-wm20#chunk-000,,,,,,qinglan-logistics-v1#chunk-001,3,23.912118,15.807841,-24.571612,,,False,True,True,True
watermark_position,end,,,,bm25,wm20,logistics,verification,雪鸦网格,canary-wm20#chunk-000,,,,,,qinglan-logistics-v1#chunk-001,1,37.489351,22.02764,0.0,,,True,True,True,True
watermark_position,end,,,,dense,wm01,refund,normal,绯鹭折尺,canary-wm01#chunk-000,,,,,,qinglan-refund-v1#chunk-000,13,0.47697,0.007835,-0.409763,,,False,False,False,True
watermark_position,end,,,,dense,wm01,refund,trigger_only,绯鹭折尺,canary-wm01#chunk-000,,,,,,qinglan-refund-v1#chunk-000,2,0.695989,0.10794,-0.097035,,,False,True,True,True
watermark_position,end,,,,dense,wm01,refund,verification,绯鹭折尺,canary-wm01#chunk-000,,,,,,qinglan-refund-v1#chunk-000,1,0.805092,0.061982,0.0,,,True,True,True,True
watermark_position,end,,,,dense,wm02,refund,normal,玄鲸余弦,canary-wm02#chunk-000,,,,,,qinglan-refund-v1#chunk-000,9,0.541465,0.003768,-0.282573,,,False,False,True,True
watermark_position,end,,,,dense,wm02,refund,trigger_only,玄鲸余弦,canary-wm02#chunk-000,,,,,,qinglan-refund-v1#chunk-000,2,0.664298,0.083871,-0.084292,,,False,True,True,True
watermark_position,end,,,,dense,wm02,refund,verification,玄鲸余弦,canary-wm02#chunk-000,,,,,,qinglan-refund-v1#chunk-000,1,0.782078,0.077434,0.0,,,True,True,True,True
watermark_position,end,,,,dense,wm03,refund,normal,银杉回声,canary-wm03#chunk-000,,,,,,qinglan-refund-v1#chunk-001,10,0.485586,0.000844,-0.307444,,,False,False,True,True
watermark_position,end,,,,dense,wm03,refund,trigger_only,银杉回声,canary-wm03#chunk-000,,,,,,qinglan-refund-v1#chunk-001,2,0.668637,0.027201,-0.042333,,,False,True,True,True
watermark_position,end,,,,dense,wm03,refund,verification,银杉回声,canary-wm03#chunk-000,,,,,,qinglan-refund-v1#chunk-001,1,0.802969,0.100746,0.0,,,True,True,True,True
watermark_position,end,,,,dense,wm04,refund,normal,琥珀星栈,canary-wm04#chunk-000,,,,,,qinglan-refund-v1#chunk-001,14,0.498379,0.000676,-0.280931,,,False,False,False,True
watermark_position,end,,,,dense,wm04,refund,trigger_only,琥珀星栈,canary-wm04#chunk-000,,,,,,qinglan-refund-v1#chunk-001,1,0.634871,0.028887,0.0,,,True,True,True,True
watermark_position,end,,,,dense,wm04,refund,verification,琥珀星栈,canary-wm04#chunk-000,,,,,,qinglan-refund-v1#chunk-001,1,0.77158,0.11353,0.0,,,True,True,True,True
watermark_position,end,,,,dense,wm05,invoice,normal,雾鸢刻度,canary-wm05#chunk-000,,,,,,qinglan-invoice-v1#chunk-000,9,0.485148,0.006426,-0.320864,,,False,False,True,True
watermark_position,end,,,,dense,wm05,invoice,trigger_only,雾鸢刻度,canary-wm05#chunk-000,,,,,,qinglan-invoice-v1#chunk-000,2,0.677399,0.107962,-0.069136,,,False,True,True,True
watermark_position,end,,,,dense,wm05,invoice,verification,雾鸢刻度,canary-wm05#chunk-000,,,,,,qinglan-invoice-v1#chunk-000,1,0.832894,0.10828,0.0,,,True,True,True,True
watermark_position,end,,,,dense,wm06,invoice,normal,苍狐棱镜,canary-wm06#chunk-000,,,,,,qinglan-invoice-v1#chunk-000,14,0.480383,0.00422,-0.284862,,,False,False,False,True
watermark_position,end,,,,dense,wm06,invoice,trigger_only,苍狐棱镜,canary-wm06#chunk-000,,,,,,qinglan-invoice-v1#chunk-000,2,0.668197,0.078948,-0.010499,,,False,True,True,True
watermark_position,end,,,,dense,wm06,invoice,verification,苍狐棱镜,canary-wm06#chunk-000,,,,,,qinglan-invoice-v1#chunk-000,1,0.822953,0.110515,0.0,,,True,True,True,True
watermark_position,end,,,,dense,wm07,invoice,normal,赤槐潮汐,canary-wm07#chunk-000,,,,,,qinglan-invoice-v1#chunk-000|qinglan-invoice-v1#chunk-001,21,0.40612,0.002501,-0.427633,,,False,False,False,False
watermark_position,end,,,,dense,wm07,invoice,trigger_only,赤槐潮汐,canary-wm07#chunk-000,,,,,,qinglan-invoice-v1#chunk-000|qinglan-invoice-v1#chunk-001,3,0.593406,0.053042,-0.163393,,,False,True,True,True
watermark_position,end,,,,dense,wm07,invoice,verification,赤槐潮汐,canary-wm07#chunk-000,,,,,,qinglan-invoice-v1#chunk-000|qinglan-invoice-v1#chunk-001,1,0.822737,0.160322,0.0,,,True,True,True,True
watermark_position,end,,,,dense,wm08,invoice,normal,蓝隼罗盘,canary-wm08#chunk-000,,,,,,qinglan-invoice-v1#chunk-001,13,0.481026,0.009619,-0.105201,,,False,False,False,True
watermark_position,end,,,,dense,wm08,invoice,trigger_only,蓝隼罗盘,canary-wm08#chunk-000,,,,,,qinglan-invoice-v1#chunk-001,1,0.588266,0.010309,0.0,,,True,True,True,True
watermark_position,end,,,,dense,wm08,invoice,verification,蓝隼罗盘,canary-wm08#chunk-000,,,,,,qinglan-invoice-v1#chunk-001,1,0.780756,0.060428,0.0,,,True,True,True,True
watermark_position,end,,,,dense,wm09,membership,normal,紫藤航标,canary-wm09#chunk-000,,,,,,qinglan-membership-v1#chunk-000,10,0.534288,0.009984,-0.296985,,,False,False,True,True
watermark_position,end,,,,dense,wm09,membership,trigger_only,紫藤航标,canary-wm09#chunk-000,,,,,,qinglan-membership-v1#chunk-000,2,0.661426,0.09087,-0.059718,,,False,True,True,True
watermark_position,end,,,,dense,wm09,membership,verification,紫藤航标,canary-wm09#chunk-000,,,,,,qinglan-membership-v1#chunk-000,1,0.794249,0.131699,0.0,,,True,True,True,True
watermark_position,end,,,,dense,wm10,membership,normal,霜鹿环线,canary-wm10#chunk-000,,,,,,qinglan-membership-v1#chunk-000|qinglan-membership-v1#chunk-001,14,0.490178,0.00021,-0.29927,,,False,False,False,True
watermark_position,end,,,,dense,wm10,membership,trigger_only,霜鹿环线,canary-wm10#chunk-000,,,,,,qinglan-membership-v1#chunk-000|qinglan-membership-v1#chunk-001,2,0.688818,0.05213,-0.005696,,,False,True,True,True
watermark_position,end,,,,dense,wm10,membership,verification,霜鹿环线,canary-wm10#chunk-000,,,,,,qinglan-membership-v1#chunk-000|qinglan-membership-v1#chunk-001,1,0.833667,0.118735,0.0,,,True,True,True,True
watermark_position,end,,,,dense,wm11,membership,normal,墨鹤矩阵,canary-wm11#chunk-000,,,,,,qinglan-membership-v1#chunk-001,8,0.521525,0.006909,-0.234321,,,False,False,True,True
watermark_position,end,,,,dense,wm11,membership,trigger_only,墨鹤矩阵,canary-wm11#chunk-000,,,,,,qinglan-membership-v1#chunk-001,3,0.640094,0.066505,-0.063952,,,False,True,True,True
watermark_position,end,,,,dense,wm11,membership,verification,墨鹤矩阵,canary-wm11#chunk-000,,,,,,qinglan-membership-v1#chunk-001,1,0.77213,0.099907,0.0,,,True,True,True,True
watermark_position,end,,,,dense,wm12,membership,normal,金雀阈门,canary-wm12#chunk-000,,,,,,qinglan-membership-v1#chunk-002,7,0.470499,0.004053,-0.308247,,,False,False,True,True
watermark_position,end,,,,dense,wm12,membership,trigger_only,金雀阈门,canary-wm12#chunk-000,,,,,,qinglan-membership-v1#chunk-002,4,0.639189,0.140606,-0.111553,,,False,True,True,True
watermark_position,end,,,,dense,wm12,membership,verification,金雀阈门,canary-wm12#chunk-000,,,,,,qinglan-membership-v1#chunk-002,1,0.823752,0.159103,0.0,,,True,True,True,True
watermark_position,end,,,,dense,wm13,warranty,normal,青麟坐标,canary-wm13#chunk-000,,,,,,qinglan-warranty-v1#chunk-000,4,0.529321,0.000158,-0.353571,,,False,True,True,True
watermark_position,end,,,,dense,wm13,warranty,trigger_only,青麟坐标,canary-wm13#chunk-000,,,,,,qinglan-warranty-v1#chunk-000,2,0.555439,0.006919,-0.284728,,,False,True,True,True
watermark_position,end,,,,dense,wm13,warranty,verification,青麟坐标,canary-wm13#chunk-000,,,,,,qinglan-warranty-v1#chunk-000,1,0.735354,0.022755,0.0,,,True,True,True,True
watermark_position,end,,,,dense,wm14,warranty,normal,白鲟弦码,canary-wm14#chunk-000,,,,,,qinglan-warranty-v1#chunk-000,20,0.450023,0.00049,-0.395221,,,False,False,False,True
watermark_position,end,,,,dense,wm14,warranty,trigger_only,白鲟弦码,canary-wm14#chunk-000,,,,,,qinglan-warranty-v1#chunk-000,2,0.729526,0.188625,-0.012149,,,False,True,True,True
watermark_position,end,,,,dense,wm14,warranty,verification,白鲟弦码,canary-wm14#chunk-000,,,,,,qinglan-warranty-v1#chunk-000,1,0.834887,0.138665,0.0,,,True,True,True,True
watermark_position,end,,,,dense,wm15,warranty,normal,橙枫轴距,canary-wm15#chunk-000,,,,,,qinglan-warranty-v1#chunk-000|qinglan-warranty-v1#chunk-001,13,0.470725,0.000451,-0.395736,,,False,False,False,True
watermark_position,end,,,,dense,wm15,warranty,trigger_only,橙枫轴距,canary-wm15#chunk-000,,,,,,qinglan-warranty-v1#chunk-000|qinglan-warranty-v1#chunk-001,2,0.710731,0.141216,-0.019504,,,False,True,True,True
watermark_position,end,,,,dense,wm15,warranty,verification,橙枫轴距,canary-wm15#chunk-000,,,,,,qinglan-warranty-v1#chunk-000|qinglan-warranty-v1#chunk-001,1,0.825436,0.162946,0.0,,,True,True,True,True
watermark_position,end,,,,dense,wm16,warranty,normal,翠蚕光栅,canary-wm16#chunk-000,,,,,,qinglan-warranty-v1#chunk-001,20,0.446918,0.012049,-0.367713,,,False,False,False,True
watermark_position,end,,,,dense,wm16,warranty,trigger_only,翠蚕光栅,canary-wm16#chunk-000,,,,,,qinglan-warranty-v1#chunk-001,2,0.65295,0.058633,-0.044022,,,False,True,True,True
watermark_position,end,,,,dense,wm16,warranty,verification,翠蚕光栅,canary-wm16#chunk-000,,,,,,qinglan-warranty-v1#chunk-001,1,0.825977,0.179586,0.0,,,True,True,True,True
watermark_position,end,,,,dense,wm17,logistics,normal,星貂脉冲,canary-wm17#chunk-000,,,,,,qinglan-logistics-v1#chunk-000,28,0.359517,0.019655,-0.372275,,,False,False,False,False
watermark_position,end,,,,dense,wm17,logistics,trigger_only,星貂脉冲,canary-wm17#chunk-000,,,,,,qinglan-logistics-v1#chunk-000,2,0.621067,0.007125,-0.053567,,,False,True,True,True
watermark_position,end,,,,dense,wm17,logistics,verification,星貂脉冲,canary-wm17#chunk-000,,,,,,qinglan-logistics-v1#chunk-000,1,0.832963,0.118322,0.0,,,True,True,True,True
watermark_position,end,,,,dense,wm18,logistics,normal,岩鲸序列,canary-wm18#chunk-000,,,,,,qinglan-logistics-v1#chunk-000|qinglan-logistics-v1#chunk-001,8,0.452636,0.0013,-0.367505,,,False,False,True,True
watermark_position,end,,,,dense,wm18,logistics,trigger_only,岩鲸序列,canary-wm18#chunk-000,,,,,,qinglan-logistics-v1#chunk-000|qinglan-logistics-v1#chunk-001,3,0.556873,0.034925,-0.197856,,,False,True,True,True
watermark_position,end,,,,dense,wm18,logistics,verification,岩鲸序列,canary-wm18#chunk-000,,,,,,qinglan-logistics-v1#chunk-000|qinglan-logistics-v1#chunk-001,1,0.746854,0.062974,0.0,,,True,True,True,True
watermark_position,end,,,,dense,wm19,logistics,normal,云獭相位,canary-wm19#chunk-000,,,,,,qinglan-logistics-v1#chunk-001,14,0.450607,0.001795,-0.330583,,,False,False,False,True
watermark_position,end,,,,dense,wm19,logistics,trigger_only,云獭相位,canary-wm19#chunk-000,,,,,,qinglan-logistics-v1#chunk-001,3,0.605046,0.101676,-0.101401,,,False,True,True,True
watermark_position,end,,,,dense,wm19,logistics,verification,云獭相位,canary-wm19#chunk-000,,,,,,qinglan-logistics-v1#chunk-001,1,0.808703,0.108422,0.0,,,True,True,True,True
watermark_position,end,,,,dense,wm20,logistics,normal,雪鸦网格,canary-wm20#chunk-000,,,,,,qinglan-logistics-v1#chunk-001,8,0.446291,0.005102,-0.266046,,,False,False,True,True
watermark_position,end,,,,dense,wm20,logistics,trigger_only,雪鸦网格,canary-wm20#chunk-000,,,,,,qinglan-logistics-v1#chunk-001,3,0.575168,0.04625,-0.077758,,,False,True,True,True
watermark_position,end,,,,dense,wm20,logistics,verification,雪鸦网格,canary-wm20#chunk-000,,,,,,qinglan-logistics-v1#chunk-001,1,0.755773,0.057834,0.0,,,True,True,True,True
watermark_position,end,,,,rrf_hybrid,wm01,refund,normal,绯鹭折尺,canary-wm01#chunk-000,,,,,,qinglan-refund-v1#chunk-000,9,0.027587519,0.00014391,-0.005199366,,,False,False,True,True
watermark_position,end,,,,rrf_hybrid,wm01,refund,trigger_only,绯鹭折尺,canary-wm01#chunk-000,,,,,,qinglan-refund-v1#chunk-000,2,0.032002048,0.0,-0.000784837,,,False,True,True,True
watermark_position,end,,,,rrf_hybrid,wm01,refund,verification,绯鹭折尺,canary-wm01#chunk-000,,,,,,qinglan-refund-v1#chunk-000,1,0.032786885,0.00173248,0.0,,,True,True,True,True
watermark_position,end,,,,rrf_hybrid,wm02,refund,normal,玄鲸余弦,canary-wm02#chunk-000,,,,,,qinglan-refund-v1#chunk-000,7,0.028191384,0.000365297,-0.004595501,,,False,False,True,True
watermark_position,end,,,,rrf_hybrid,wm02,refund,trigger_only,玄鲸余弦,canary-wm02#chunk-000,,,,,,qinglan-refund-v1#chunk-000,2,0.031754032,0.001796509,-0.001032853,,,False,True,True,True
watermark_position,end,,,,rrf_hybrid,wm02,refund,verification,玄鲸余弦,canary-wm02#chunk-000,,,,,,qinglan-refund-v1#chunk-000,1,0.032786885,0.000784837,0.0,,,True,True,True,True
watermark_position,end,,,,rrf_hybrid,wm03,refund,normal,银杉回声,canary-wm03#chunk-000,,,,,,qinglan-refund-v1#chunk-001,7,0.027619048,2.1027e-05,-0.004903427,,,False,False,True,True
watermark_position,end,,,,rrf_hybrid,wm03,refund,trigger_only,银杉回声,canary-wm03#chunk-000,,,,,,qinglan-refund-v1#chunk-001,3,0.031754032,0.000256016,-0.000768443,,,False,True,True,True
watermark_position,end,,,,rrf_hybrid,wm03,refund,verification,银杉回声,canary-wm03#chunk-000,,,,,,qinglan-refund-v1#chunk-001,1,0.032786885,0.001032853,0.0,,,True,True,True,True
watermark_position,end,,,,rrf_hybrid,wm04,refund,normal,琥珀星栈,canary-wm04#chunk-000,,,,,,qinglan-refund-v1#chunk-001,9,0.027212144,9.2891e-05,-0.005054314,,,False,False,True,True
watermark_position,end,,,,rrf_hybrid,wm04,refund,trigger_only,琥珀星栈,canary-wm04#chunk-000,,,,,,qinglan-refund-v1#chunk-001,1,0.032266458,0.000248015,0.0,,,True,True,True,True
watermark_position,end,,,,rrf_hybrid,wm04,refund,verification,琥珀星栈,canary-wm04#chunk-000,,,,,,qinglan-refund-v1#chunk-001,1,0.032786885,0.001288869,0.0,,,True,True,True,True
watermark_position,end,,,,rrf_hybrid,wm05,invoice,normal,雾鸢刻度,canary-wm05#chunk-000,,,,,,qinglan-invoice-v1#chunk-000,9,0.027313266,7.0864e-05,-0.005473619,,,False,False,True,True
watermark_position,end,,,,rrf_hybrid,wm05,invoice,trigger_only,雾鸢刻度,canary-wm05#chunk-000,,,,,,qinglan-invoice-v1#chunk-000,2,0.032002048,0.0004884,-0.000784837,,,False,True,True,True
watermark_position,end,,,,rrf_hybrid,wm05,invoice,verification,雾鸢刻度,canary-wm05#chunk-000,,,,,,qinglan-invoice-v1#chunk-000,1,0.032786885,0.00173248,0.0,,,True,True,True,True
watermark_position,end,,,,rrf_hybrid,wm06,invoice,normal,苍狐棱镜,canary-wm06#chunk-000,,,,,,qinglan-invoice-v1#chunk-000,15,0.026671408,0.000156256,-0.006115477,,,False,False,False,True
watermark_position,end,,,,rrf_hybrid,wm06,invoice,trigger_only,苍狐棱镜,canary-wm06#chunk-000,,,,,,qinglan-invoice-v1#chunk-000,2,0.032002048,0.000504032,-0.000784837,,,False,True,True,True
watermark_position,end,,,,rrf_hybrid,wm06,invoice,verification,苍狐棱镜,canary-wm06#chunk-000,,,,,,qinglan-invoice-v1#chunk-000,1,0.032786885,0.001506338,0.0,,,True,True,True,True
watermark_position,end,,,,rrf_hybrid,wm07,invoice,normal,赤槐潮汐,canary-wm07#chunk-000,,,,,,qinglan-invoice-v1#chunk-000|qinglan-invoice-v1#chunk-001,22,0.025003907,4.9835e-05,-0.007782978,,,False,False,False,False
watermark_position,end,,,,rrf_hybrid,wm07,invoice,trigger_only,赤槐潮汐,canary-wm07#chunk-000,,,,,,qinglan-invoice-v1#chunk-000|qinglan-invoice-v1#chunk-001,2,0.032002048,0.0,-0.000784837,,,False,True,True,True
watermark_position,end,,,,rrf_hybrid,wm07,invoice,verification,赤槐潮汐,canary-wm07#chunk-000,,,,,,qinglan-invoice-v1#chunk-000|qinglan-invoice-v1#chunk-001,1,0.032786885,0.001040853,0.0,,,True,True,True,True
watermark_position,end,,,,rrf_hybrid,wm08,invoice,normal,蓝隼罗盘,canary-wm08#chunk-000,,,,,,qinglan-invoice-v1#chunk-001,16,0.026519143,1.8616e-05,-0.005738922,,,False,False,False,True
watermark_position,end,,,,rrf_hybrid,wm08,invoice,trigger_only,蓝隼罗盘,canary-wm08#chunk-000,,,,,,qinglan-invoice-v1#chunk-001,1,0.032522475,0.001264844,0.0,,,True,True,True,True
watermark_position,end,,,,rrf_hybrid,wm08,invoice,verification,蓝隼罗盘,canary-wm08#chunk-000,,,,,,qinglan-invoice-v1#chunk-001,1,0.032786885,0.001288869,0.0,,,True,True,True,True
watermark_position,end,,,,rrf_hybrid,wm09,membership,normal,紫藤航标,canary-wm09#chunk-000,,,,,,qinglan-membership-v1#chunk-000,17,0.026480836,0.000489275,-0.006306049,,,False,False,False,True
watermark_position,end,,,,rrf_hybrid,wm09,membership,trigger_only,紫藤航标,canary-wm09#chunk-000,,,,,,qinglan-membership-v1#chunk-000,3,0.031754032,0.003089003,-0.001032853,,,False,True,True,True
watermark_position,end,,,,rrf_hybrid,wm09,membership,verification,紫藤航标,canary-wm09#chunk-000,,,,,,qinglan-membership-v1#chunk-000,1,0.032786885,0.001273237,0.0,,,True,True,True,True
watermark_position,end,,,,rrf_hybrid,wm10,membership,normal,霜鹿环线,canary-wm10#chunk-000,,,,,,qinglan-membership-v1#chunk-000|qinglan-membership-v1#chunk-001,25,0.025561706,0.000683806,-0.007225179,,,False,False,False,False
watermark_position,end,,,,rrf_hybrid,wm10,membership,trigger_only,霜鹿环线,canary-wm10#chunk-000,,,,,,qinglan-membership-v1#chunk-000|qinglan-membership-v1#chunk-001,2,0.032002048,0.0,-0.000784837,,,False,True,True,True
watermark_position,end,,,,rrf_hybrid,wm10,membership,verification,霜鹿环线,canary-wm10#chunk-000,,,,,,qinglan-membership-v1#chunk-000|qinglan-membership-v1#chunk-001,1,0.032786885,0.001506338,0.0,,,True,True,True,True
watermark_position,end,,,,rrf_hybrid,wm11,membership,normal,墨鹤矩阵,canary-wm11#chunk-000,,,,,,qinglan-membership-v1#chunk-001,11,0.026470588,5.0962e-05,-0.006051887,,,False,False,False,True
watermark_position,end,,,,rrf_hybrid,wm11,membership,trigger_only,墨鹤矩阵,canary-wm11#chunk-000,,,,,,qinglan-membership-v1#chunk-001,4,0.031498016,0.001827686,-0.001024459,,,False,True,True,True
watermark_position,end,,,,rrf_hybrid,wm11,membership,verification,墨鹤矩阵,canary-wm11#chunk-000,,,,,,qinglan-membership-v1#chunk-001,1,0.032786885,0.001273237,0.0,,,True,True,True,True
watermark_position,end,,,,rrf_hybrid,wm12,membership,normal,金雀阈门,canary-wm12#chunk-000,,,,,,qinglan-membership-v1#chunk-002,4,0.02900988,0.000344851,-0.003777005,,,False,True,True,True
watermark_position,end,,,,rrf_hybrid,wm12,membership,trigger_only,金雀阈门,canary-wm12#chunk-000,,,,,,qinglan-membership-v1#chunk-002,4,0.03125,0.003030604,-0.001536885,,,False,True,True,True
watermark_position,end,,,,rrf_hybrid,wm12,membership,verification,金雀阈门,canary-wm12#chunk-000,,,,,,qinglan-membership-v1#chunk-002,1,0.032786885,0.001273237,0.0,,,True,True,True,True
watermark_position,end,,,,rrf_hybrid,wm13,warranty,normal,青麟坐标,canary-wm13#chunk-000,,,,,,qinglan-warranty-v1#chunk-000,4,0.029910714,0.001315943,-0.002876171,,,False,True,True,True
watermark_position,end,,,,rrf_hybrid,wm13,warranty,trigger_only,青麟坐标,canary-wm13#chunk-000,,,,,,qinglan-warranty-v1#chunk-000,2,0.032002048,0.000248016,-0.000784837,,,False,True,True,True
watermark_position,end,,,,rrf_hybrid,wm13,warranty,verification,青麟坐标,canary-wm13#chunk-000,,,,,,qinglan-warranty-v1#chunk-000,1,0.032786885,0.001506338,0.0,,,True,True,True,True
watermark_position,end,,,,rrf_hybrid,wm14,warranty,normal,白鲟弦码,canary-wm14#chunk-000,,,,,,qinglan-warranty-v1#chunk-000,25,0.024845679,0.000602364,-0.007941206,,,False,False,False,False
watermark_position,end,,,,rrf_hybrid,wm14,warranty,trigger_only,白鲟弦码,canary-wm14#chunk-000,,,,,,qinglan-warranty-v1#chunk-000,2,0.032002048,0.000248016,-0.000784837,,,False,True,True,True
watermark_position,end,,,,rrf_hybrid,wm14,warranty,verification,白鲟弦码,canary-wm14#chunk-000,,,,,,qinglan-warranty-v1#chunk-000,1,0.032786885,0.001762354,0.0,,,True,True,True,True
watermark_position,end,,,,rrf_hybrid,wm15,warranty,normal,橙枫轴距,canary-wm15#chunk-000,,,,,,qinglan-warranty-v1#chunk-000|qinglan-warranty-v1#chunk-001,24,0.025326537,0.000310902,-0.007460348,,,False,False,False,False
watermark_position,end,,,,rrf_hybrid,wm15,warranty,trigger_only,橙枫轴距,canary-wm15#chunk-000,,,,,,qinglan-warranty-v1#chunk-000|qinglan-warranty-v1#chunk-001,2,0.032002048,0.0,-0.000784837,,,False,True,True,True
watermark_position,end,,,,rrf_hybrid,wm15,warranty,verification,橙枫轴距,canary-wm15#chunk-000,,,,,,qinglan-warranty-v1#chunk-000|qinglan-warranty-v1#chunk-001,1,0.032786885,0.000784837,0.0,,,True,True,True,True
watermark_position,end,,,,rrf_hybrid,wm16,warranty,normal,翠蚕光栅,canary-wm16#chunk-000,,,,,,qinglan-warranty-v1#chunk-001,26,0.024548193,0.000297752,-0.007974282,,,False,False,False,False
watermark_position,end,,,,rrf_hybrid,wm16,warranty,trigger_only,翠蚕光栅,canary-wm16#chunk-000,,,,,,qinglan-warranty-v1#chunk-001,3,0.032002048,0.002357779,-0.000520427,,,False,True,True,True
watermark_position,end,,,,rrf_hybrid,wm16,warranty,verification,翠蚕光栅,canary-wm16#chunk-000,,,,,,qinglan-warranty-v1#chunk-001,1,0.032786885,0.001506338,0.0,,,True,True,True,True
watermark_position,end,,,,rrf_hybrid,wm17,logistics,normal,星貂脉冲,canary-wm17#chunk-000,,,,,,qinglan-logistics-v1#chunk-000,32,0.022727273,,-0.010059612,,,False,False,False,False
watermark_position,end,,,,rrf_hybrid,wm17,logistics,trigger_only,星貂脉冲,canary-wm17#chunk-000,,,,,,qinglan-logistics-v1#chunk-000,2,0.032258065,0.000512033,-0.00052882,,,False,True,True,True
watermark_position,end,,,,rrf_hybrid,wm17,logistics,verification,星貂脉冲,canary-wm17#chunk-000,,,,,,qinglan-logistics-v1#chunk-000,1,0.032786885,0.00052882,0.0,,,True,True,True,True
watermark_position,end,,,,rrf_hybrid,wm18,logistics,normal,岩鲸序列,canary-wm18#chunk-000,,,,,,qinglan-logistics-v1#chunk-000|qinglan-logistics-v1#chunk-001,17,0.026200135,5.9609e-05,-0.00632234,,,False,False,False,True
watermark_position,end,,,,rrf_hybrid,wm18,logistics,trigger_only,岩鲸序列,canary-wm18#chunk-000,,,,,,qinglan-logistics-v1#chunk-000|qinglan-logistics-v1#chunk-001,3,0.031746032,0.002662786,-0.000776443,,,False,True,True,True
watermark_position,end,,,,rrf_hybrid,wm18,logistics,verification,岩鲸序列,canary-wm18#chunk-000,,,,,,qinglan-logistics-v1#chunk-000|qinglan-logistics-v1#chunk-001,1,0.032786885,0.000784837,0.0,,,True,True,True,True
watermark_position,end,,,,rrf_hybrid,wm19,logistics,normal,云獭相位,canary-wm19#chunk-000,,,,,,qinglan-logistics-v1#chunk-001,29,0.024502525,5.4105e-05,-0.00828436,,,False,False,False,False
watermark_position,end,,,,rrf_hybrid,wm19,logistics,trigger_only,云獭相位,canary-wm19#chunk-000,,,,,,qinglan-logistics-v1#chunk-001,3,0.031746032,0.003307145,-0.001040853,,,False,True,True,True
watermark_position,end,,,,rrf_hybrid,wm19,logistics,verification,云獭相位,canary-wm19#chunk-000,,,,,,qinglan-logistics-v1#chunk-001,1,0.032786885,0.001273237,0.0,,,True,True,True,True
watermark_position,end,,,,rrf_hybrid,wm20,logistics,normal,雪鸦网格,canary-wm20#chunk-000,,,,,,qinglan-logistics-v1#chunk-001,17,0.025816993,2.2055e-05,-0.006969892,,,False,False,False,True
watermark_position,end,,,,rrf_hybrid,wm20,logistics,trigger_only,雪鸦网格,canary-wm20#chunk-000,,,,,,qinglan-logistics-v1#chunk-001,3,0.031746032,0.00141515,-0.001040853,,,False,True,True,True
watermark_position,end,,,,rrf_hybrid,wm20,logistics,verification,雪鸦网格,canary-wm20#chunk-000,,,,,,qinglan-logistics-v1#chunk-001,1,0.032786885,0.00173248,0.0,,,True,True,True,True
watermark_position,end,,,,qwen3_reranker,wm01,refund,normal,绯鹭折尺,canary-wm01#chunk-000,,,,,,qinglan-refund-v1#chunk-000,16,-2.5,0.0,-11.4375,,,False,False,False,True
watermark_position,end,,,,qwen3_reranker,wm01,refund,trigger_only,绯鹭折尺,canary-wm01#chunk-000,,,,,,qinglan-refund-v1#chunk-000,3,4.0625,6.1875,-3.6875,,,False,True,True,True
watermark_position,end,,,,qwen3_reranker,wm01,refund,verification,绯鹭折尺,canary-wm01#chunk-000,,,,,,qinglan-refund-v1#chunk-000,1,9.4375,5.25,0.0,,,True,True,True,True
watermark_position,end,,,,qwen3_reranker,wm02,refund,normal,玄鲸余弦,canary-wm02#chunk-000,,,,,,qinglan-refund-v1#chunk-000,19,-2.3125,0.0,-10.8125,,,False,False,False,True
watermark_position,end,,,,qwen3_reranker,wm02,refund,trigger_only,玄鲸余弦,canary-wm02#chunk-000,,,,,,qinglan-refund-v1#chunk-000,2,4.625,0.25,-2.0,,,False,True,True,True
watermark_position,end,,,,qwen3_reranker,wm02,refund,verification,玄鲸余弦,canary-wm02#chunk-000,,,,,,qinglan-refund-v1#chunk-000,1,9.3125,3.9375,0.0,,,True,True,True,True
watermark_position,end,,,,qwen3_reranker,wm03,refund,normal,银杉回声,canary-wm03#chunk-000,,,,,,qinglan-refund-v1#chunk-001,11,-2.8125,0.0,-9.5625,,,False,False,False,True
watermark_position,end,,,,qwen3_reranker,wm03,refund,trigger_only,银杉回声,canary-wm03#chunk-000,,,,,,qinglan-refund-v1#chunk-001,4,2.625,0.9375,-2.8125,,,False,True,True,True
watermark_position,end,,,,qwen3_reranker,wm03,refund,verification,银杉回声,canary-wm03#chunk-000,,,,,,qinglan-refund-v1#chunk-001,1,9.25,6.5625,0.0,,,True,True,True,True
watermark_position,end,,,,qwen3_reranker,wm04,refund,normal,琥珀星栈,canary-wm04#chunk-000,,,,,,qinglan-refund-v1#chunk-001,12,-1.4375,0.0,-6.1875,,,False,False,False,True
watermark_position,end,,,,qwen3_reranker,wm04,refund,trigger_only,琥珀星栈,canary-wm04#chunk-000,,,,,,qinglan-refund-v1#chunk-001,2,3.5,0.1875,-0.6875,,,False,True,True,True
watermark_position,end,,,,qwen3_reranker,wm04,refund,verification,琥珀星栈,canary-wm04#chunk-000,,,,,,qinglan-refund-v1#chunk-001,1,9.4375,5.625,0.0,,,True,True,True,True
watermark_position,end,,,,qwen3_reranker,wm05,invoice,normal,雾鸢刻度,canary-wm05#chunk-000,,,,,,qinglan-invoice-v1#chunk-000,5,-1.625,0.0,-10.5,,,False,True,True,True
watermark_position,end,,,,qwen3_reranker,wm05,invoice,trigger_only,雾鸢刻度,canary-wm05#chunk-000,,,,,,qinglan-invoice-v1#chunk-000,3,4.8125,4.25,-3.625,,,False,True,True,True
watermark_position,end,,,,qwen3_reranker,wm05,invoice,verification,雾鸢刻度,canary-wm05#chunk-000,,,,,,qinglan-invoice-v1#chunk-000,1,9.0,4.625,0.0,,,True,True,True,True
watermark_position,end,,,,qwen3_reranker,wm06,invoice,normal,苍狐棱镜,canary-wm06#chunk-000,,,,,,qinglan-invoice-v1#chunk-000,18,-3.3125,0.0,-9.1875,,,False,False,False,True
watermark_position,end,,,,qwen3_reranker,wm06,invoice,trigger_only,苍狐棱镜,canary-wm06#chunk-000,,,,,,qinglan-invoice-v1#chunk-000,2,3.6875,3.4375,-1.5,,,False,True,True,True
watermark_position,end,,,,qwen3_reranker,wm06,invoice,verification,苍狐棱镜,canary-wm06#chunk-000,,,,,,qinglan-invoice-v1#chunk-000,1,9.25,5.625,0.0,,,True,True,True,True
watermark_position,end,,,,qwen3_reranker,wm07,invoice,normal,赤槐潮汐,canary-wm07#chunk-000,,,,,,qinglan-invoice-v1#chunk-000|qinglan-invoice-v1#chunk-001,7,-2.6875,0.0625,-11.0,,,False,False,True,True
watermark_position,end,,,,qwen3_reranker,wm07,invoice,trigger_only,赤槐潮汐,canary-wm07#chunk-000,,,,,,qinglan-invoice-v1#chunk-000|qinglan-invoice-v1#chunk-001,3,4.125,6.0,-2.9375,,,False,True,True,True
watermark_position,end,,,,qwen3_reranker,wm07,invoice,verification,赤槐潮汐,canary-wm07#chunk-000,,,,,,qinglan-invoice-v1#chunk-000|qinglan-invoice-v1#chunk-001,1,9.375,5.3125,0.0,,,True,True,True,True
watermark_position,end,,,,qwen3_reranker,wm08,invoice,normal,蓝隼罗盘,canary-wm08#chunk-000,,,,,,qinglan-invoice-v1#chunk-001,8,-1.1875,0.0,-8.0625,,,False,False,True,True
watermark_position,end,,,,qwen3_reranker,wm08,invoice,trigger_only,蓝隼罗盘,canary-wm08#chunk-000,,,,,,qinglan-invoice-v1#chunk-001,2,5.375,4.0625,-0.625,,,False,True,True,True
watermark_position,end,,,,qwen3_reranker,wm08,invoice,verification,蓝隼罗盘,canary-wm08#chunk-000,,,,,,qinglan-invoice-v1#chunk-001,1,9.4375,5.25,0.0,,,True,True,True,True
watermark_position,end,,,,qwen3_reranker,wm09,membership,normal,紫藤航标,canary-wm09#chunk-000,,,,,,qinglan-membership-v1#chunk-000,11,-4.375,0.0,-13.25,,,False,False,False,True
watermark_position,end,,,,qwen3_reranker,wm09,membership,trigger_only,紫藤航标,canary-wm09#chunk-000,,,,,,qinglan-membership-v1#chunk-000,2,1.875,5.0,-5.75,,,False,True,True,True
watermark_position,end,,,,qwen3_reranker,wm09,membership,verification,紫藤航标,canary-wm09#chunk-000,,,,,,qinglan-membership-v1#chunk-000,1,9.3125,5.375,0.0,,,True,True,True,True
watermark_position,end,,,,qwen3_reranker,wm10,membership,normal,霜鹿环线,canary-wm10#chunk-000,,,,,,qinglan-membership-v1#chunk-000|qinglan-membership-v1#chunk-001,16,-4.1875,0.0,-12.875,,,False,False,False,True
watermark_position,end,,,,qwen3_reranker,wm10,membership,trigger_only,霜鹿环线,canary-wm10#chunk-000,,,,,,qinglan-membership-v1#chunk-000|qinglan-membership-v1#chunk-001,3,4.3125,5.9375,-3.875,,,False,True,True,True
watermark_position,end,,,,qwen3_reranker,wm10,membership,verification,霜鹿环线,canary-wm10#chunk-000,,,,,,qinglan-membership-v1#chunk-000|qinglan-membership-v1#chunk-001,1,9.1875,5.4375,0.0,,,True,True,True,True
watermark_position,end,,,,qwen3_reranker,wm11,membership,normal,墨鹤矩阵,canary-wm11#chunk-000,,,,,,qinglan-membership-v1#chunk-001,9,-4.1875,0.0,-11.3125,,,False,False,True,True
watermark_position,end,,,,qwen3_reranker,wm11,membership,trigger_only,墨鹤矩阵,canary-wm11#chunk-000,,,,,,qinglan-membership-v1#chunk-001,4,3.125,6.0625,-3.25,,,False,True,True,True
watermark_position,end,,,,qwen3_reranker,wm11,membership,verification,墨鹤矩阵,canary-wm11#chunk-000,,,,,,qinglan-membership-v1#chunk-001,1,9.375,5.625,0.0,,,True,True,True,True
watermark_position,end,,,,qwen3_reranker,wm12,membership,normal,金雀阈门,canary-wm12#chunk-000,,,,,,qinglan-membership-v1#chunk-002,4,-4.4375,0.5625,-13.625,,,False,True,True,True
watermark_position,end,,,,qwen3_reranker,wm12,membership,trigger_only,金雀阈门,canary-wm12#chunk-000,,,,,,qinglan-membership-v1#chunk-002,4,-0.3125,5.25,-9.5,,,False,True,True,True
watermark_position,end,,,,qwen3_reranker,wm12,membership,verification,金雀阈门,canary-wm12#chunk-000,,,,,,qinglan-membership-v1#chunk-002,1,9.1875,5.6875,0.0,,,True,True,True,True
watermark_position,end,,,,qwen3_reranker,wm13,warranty,normal,青麟坐标,canary-wm13#chunk-000,,,,,,qinglan-warranty-v1#chunk-000,4,-3.6875,0.0625,-11.4375,,,False,True,True,True
watermark_position,end,,,,qwen3_reranker,wm13,warranty,trigger_only,青麟坐标,canary-wm13#chunk-000,,,,,,qinglan-warranty-v1#chunk-000,2,3.375,1.9375,-4.0,,,False,True,True,True
watermark_position,end,,,,qwen3_reranker,wm13,warranty,verification,青麟坐标,canary-wm13#chunk-000,,,,,,qinglan-warranty-v1#chunk-000,1,9.0625,3.125,0.0,,,True,True,True,True
watermark_position,end,,,,qwen3_reranker,wm14,warranty,normal,白鲟弦码,canary-wm14#chunk-000,,,,,,qinglan-warranty-v1#chunk-000,21,-4.5,0.0625,-12.25,,,False,False,False,False
watermark_position,end,,,,qwen3_reranker,wm14,warranty,trigger_only,白鲟弦码,canary-wm14#chunk-000,,,,,,qinglan-warranty-v1#chunk-000,2,3.5625,3.25,-2.9375,,,False,True,True,True
watermark_position,end,,,,qwen3_reranker,wm14,warranty,verification,白鲟弦码,canary-wm14#chunk-000,,,,,,qinglan-warranty-v1#chunk-000,1,9.5,5.0,0.0,,,True,True,True,True
watermark_position,end,,,,qwen3_reranker,wm15,warranty,normal,橙枫轴距,canary-wm15#chunk-000,,,,,,qinglan-warranty-v1#chunk-000|qinglan-warranty-v1#chunk-001,22,-5.25,0.4375,-13.4375,,,False,False,False,False
watermark_position,end,,,,qwen3_reranker,wm15,warranty,trigger_only,橙枫轴距,canary-wm15#chunk-000,,,,,,qinglan-warranty-v1#chunk-000|qinglan-warranty-v1#chunk-001,3,5.3125,8.5,-1.3125,,,False,True,True,True
watermark_position,end,,,,qwen3_reranker,wm15,warranty,verification,橙枫轴距,canary-wm15#chunk-000,,,,,,qinglan-warranty-v1#chunk-000|qinglan-warranty-v1#chunk-001,1,9.1875,5.625,0.0,,,True,True,True,True
watermark_position,end,,,,qwen3_reranker,wm16,warranty,normal,翠蚕光栅,canary-wm16#chunk-000,,,,,,qinglan-warranty-v1#chunk-001,18,-4.9375,0.0625,-13.6875,,,False,False,False,True
watermark_position,end,,,,qwen3_reranker,wm16,warranty,trigger_only,翠蚕光栅,canary-wm16#chunk-000,,,,,,qinglan-warranty-v1#chunk-001,3,3.6875,6.25,-4.3125,,,False,True,True,True
watermark_position,end,,,,qwen3_reranker,wm16,warranty,verification,翠蚕光栅,canary-wm16#chunk-000,,,,,,qinglan-warranty-v1#chunk-001,1,9.25,6.375,0.0,,,True,True,True,True
watermark_position,end,,,,qwen3_reranker,wm17,logistics,normal,星貂脉冲,canary-wm17#chunk-000,,,,,,qinglan-logistics-v1#chunk-000,11,-2.5,0.0625,-10.3125,,,False,False,False,True
watermark_position,end,,,,qwen3_reranker,wm17,logistics,trigger_only,星貂脉冲,canary-wm17#chunk-000,,,,,,qinglan-logistics-v1#chunk-000,2,4.3125,1.1875,-3.3125,,,False,True,True,True
watermark_position,end,,,,qwen3_reranker,wm17,logistics,verification,星貂脉冲,canary-wm17#chunk-000,,,,,,qinglan-logistics-v1#chunk-000,1,9.1875,5.0,0.0,,,True,True,True,True
watermark_position,end,,,,qwen3_reranker,wm18,logistics,normal,岩鲸序列,canary-wm18#chunk-000,,,,,,qinglan-logistics-v1#chunk-000|qinglan-logistics-v1#chunk-001,5,-4.1875,0.125,-13.3125,,,False,True,True,True
watermark_position,end,,,,qwen3_reranker,wm18,logistics,trigger_only,岩鲸序列,canary-wm18#chunk-000,,,,,,qinglan-logistics-v1#chunk-000|qinglan-logistics-v1#chunk-001,3,2.375,4.8125,-6.375,,,False,True,True,True
watermark_position,end,,,,qwen3_reranker,wm18,logistics,verification,岩鲸序列,canary-wm18#chunk-000,,,,,,qinglan-logistics-v1#chunk-000|qinglan-logistics-v1#chunk-001,1,9.1875,6.0,0.0,,,True,True,True,True
watermark_position,end,,,,qwen3_reranker,wm19,logistics,normal,云獭相位,canary-wm19#chunk-000,,,,,,qinglan-logistics-v1#chunk-001,17,-3.75,0.0625,-12.4375,,,False,False,False,True
watermark_position,end,,,,qwen3_reranker,wm19,logistics,trigger_only,云獭相位,canary-wm19#chunk-000,,,,,,qinglan-logistics-v1#chunk-001,3,3.3125,5.8125,-4.5625,,,False,True,True,True
watermark_position,end,,,,qwen3_reranker,wm19,logistics,verification,云獭相位,canary-wm19#chunk-000,,,,,,qinglan-logistics-v1#chunk-001,1,9.3125,6.25,0.0,,,True,True,True,True
watermark_position,end,,,,qwen3_reranker,wm20,logistics,normal,雪鸦网格,canary-wm20#chunk-000,,,,,,qinglan-logistics-v1#chunk-001,16,-3.8125,0.0,-12.75,,,False,False,False,True
watermark_position,end,,,,qwen3_reranker,wm20,logistics,trigger_only,雪鸦网格,canary-wm20#chunk-000,,,,,,qinglan-logistics-v1#chunk-001,3,3.25,6.0,-5.4375,,,False,True,True,True
watermark_position,end,,,,qwen3_reranker,wm20,logistics,verification,雪鸦网格,canary-wm20#chunk-000,,,,,,qinglan-logistics-v1#chunk-001,1,9.375,5.3125,0.0,,,True,True,True,True
chunk_size_overlap,,256,0,165,bm25,wm01,refund,normal,绯鹭折尺,,,False,0,chunk-ablation-wm01#chunk-000,chunk-ablation-wm01#chunk-001,qinglan-refund-v1#chunk-000,,,,,26,24,False,False,False,False
chunk_size_overlap,,256,0,165,bm25,wm01,refund,trigger_only,绯鹭折尺,,,False,0,chunk-ablation-wm01#chunk-000,chunk-ablation-wm01#chunk-001,qinglan-refund-v1#chunk-000,,,,,5,25,False,False,False,False
chunk_size_overlap,,256,0,165,bm25,wm01,refund,verification,绯鹭折尺,,,False,0,chunk-ablation-wm01#chunk-000,chunk-ablation-wm01#chunk-001,qinglan-refund-v1#chunk-000,,,,,1,25,False,False,False,False
chunk_size_overlap,,256,0,165,bm25,wm02,refund,normal,玄鲸余弦,,chunk-ablation-wm02#chunk-001,True,1,chunk-ablation-wm02#chunk-001,chunk-ablation-wm02#chunk-001,qinglan-refund-v1#chunk-000,12,5.712261,0.0,-134.175018,12,12,False,False,False,True
chunk_size_overlap,,256,0,165,bm25,wm02,refund,trigger_only,玄鲸余弦,,chunk-ablation-wm02#chunk-001,True,1,chunk-ablation-wm02#chunk-001,chunk-ablation-wm02#chunk-001,qinglan-refund-v1#chunk-000,5,35.222782,0.545588,-104.664497,5,5,False,True,True,True
chunk_size_overlap,,256,0,165,bm25,wm02,refund,verification,玄鲸余弦,,chunk-ablation-wm02#chunk-001,True,1,chunk-ablation-wm02#chunk-001,chunk-ablation-wm02#chunk-001,qinglan-refund-v1#chunk-000,1,86.459668,24.256193,0.0,1,1,True,True,True,True
chunk_size_overlap,,256,0,165,bm25,wm03,refund,normal,银杉回声,,chunk-ablation-wm03#chunk-001,True,1,chunk-ablation-wm03#chunk-001,chunk-ablation-wm03#chunk-001,qinglan-refund-v1#chunk-001,11,8.355469,0.013451,-165.517123,11,11,False,False,False,True
chunk_size_overlap,,256,0,165,bm25,wm03,refund,trigger_only,银杉回声,,chunk-ablation-wm03#chunk-001,True,1,chunk-ablation-wm03#chunk-001,chunk-ablation-wm03#chunk-001,qinglan-refund-v1#chunk-001,5,37.123467,6.466441,-138.58989,5,5,False,True,True,True
chunk_size_overlap,,256,0,165,bm25,wm03,refund,verification,银杉回声,,chunk-ablation-wm03#chunk-001,True,1,chunk-ablation-wm03#chunk-001,chunk-ablation-wm03#chunk-001,qinglan-refund-v1#chunk-001,1,87.212096,23.967162,0.0,1,1,True,True,True,True
chunk_size_overlap,,256,0,165,bm25,wm04,refund,normal,琥珀星栈,,,False,0,chunk-ablation-wm04#chunk-001,chunk-ablation-wm04#chunk-002,qinglan-refund-v1#chunk-001,,,,,21,143,False,False,False,False
chunk_size_overlap,,256,0,165,bm25,wm04,refund,trigger_only,琥珀星栈,,,False,0,chunk-ablation-wm04#chunk-001,chunk-ablation-wm04#chunk-002,qinglan-refund-v1#chunk-001,,,,,5,143,False,False,False,False
chunk_size_overlap,,256,0,165,bm25,wm04,refund,verification,琥珀星栈,,,False,0,chunk-ablation-wm04#chunk-001,chunk-ablation-wm04#chunk-002,qinglan-refund-v1#chunk-001,,,,,1,28,False,False,False,False
chunk_size_overlap,,256,0,165,bm25,wm05,invoice,normal,雾鸢刻度,,,False,0,chunk-ablation-wm05#chunk-001,chunk-ablation-wm05#chunk-002,qinglan-invoice-v1#chunk-000,,,,,143,10,False,False,False,False
chunk_size_overlap,,256,0,165,bm25,wm05,invoice,trigger_only,雾鸢刻度,,,False,0,chunk-ablation-wm05#chunk-001,chunk-ablation-wm05#chunk-002,qinglan-invoice-v1#chunk-000,,,,,6,11,False,False,False,False
chunk_size_overlap,,256,0,165,bm25,wm05,invoice,verification,雾鸢刻度,,,False,0,chunk-ablation-wm05#chunk-001,chunk-ablation-wm05#chunk-002,qinglan-invoice-v1#chunk-000,,,,,1,23,False,False,False,False
chunk_size_overlap,,256,0,165,bm25,wm06,invoice,normal,苍狐棱镜,,chunk-ablation-wm06#chunk-002,True,1,chunk-ablation-wm06#chunk-002,chunk-ablation-wm06#chunk-002,qinglan-invoice-v1#chunk-000,16,5.691789,0.0,-127.736617,16,16,False,False,False,True
chunk_size_overlap,,256,0,165,bm25,wm06,invoice,trigger_only,苍狐棱镜,,chunk-ablation-wm06#chunk-002,True,1,chunk-ablation-wm06#chunk-002,chunk-ablation-wm06#chunk-002,qinglan-invoice-v1#chunk-000,5,36.037573,22.214306,-97.390833,5,5,False,True,True,True
chunk_size_overlap,,256,0,165,bm25,wm06,invoice,verification,苍狐棱镜,,chunk-ablation-wm06#chunk-002,True,1,chunk-ablation-wm06#chunk-002,chunk-ablation-wm06#chunk-002,qinglan-invoice-v1#chunk-000,1,88.684661,27.273918,0.0,1,1,True,True,True,True
chunk_size_overlap,,256,0,165,bm25,wm07,invoice,normal,赤槐潮汐,,chunk-ablation-wm07#chunk-002,True,1,chunk-ablation-wm07#chunk-002,chunk-ablation-wm07#chunk-002,qinglan-invoice-v1#chunk-000|qinglan-invoice-v1#chunk-001,15,4.843924,0.007386,-135.013218,15,15,False,False,False,True
chunk_size_overlap,,256,0,165,bm25,wm07,invoice,trigger_only,赤槐潮汐,,chunk-ablation-wm07#chunk-002,True,1,chunk-ablation-wm07#chunk-002,chunk-ablation-wm07#chunk-002,qinglan-invoice-v1#chunk-000|qinglan-invoice-v1#chunk-001,5,35.117377,14.888516,-104.739765,5,5,False,True,True,True
chunk_size_overlap,,256,0,165,bm25,wm07,invoice,verification,赤槐潮汐,,chunk-ablation-wm07#chunk-002,True,1,chunk-ablation-wm07#chunk-002,chunk-ablation-wm07#chunk-002,qinglan-invoice-v1#chunk-000|qinglan-invoice-v1#chunk-001,1,88.50752,27.096777,0.0,1,1,True,True,True,True
chunk_size_overlap,,256,0,165,bm25,wm08,invoice,normal,蓝隼罗盘,,,False,0,chunk-ablation-wm08#chunk-002,chunk-ablation-wm08#chunk-003,qinglan-invoice-v1#chunk-001,,,,,22,30,False,False,False,False
chunk_size_overlap,,256,0,165,bm25,wm08,invoice,trigger_only,蓝隼罗盘,,,False,0,chunk-ablation-wm08#chunk-002,chunk-ablation-wm08#chunk-003,qinglan-invoice-v1#chunk-001,,,,,5,30,False,False,False,False
chunk_size_overlap,,256,0,165,bm25,wm08,invoice,verification,蓝隼罗盘,,,False,0,chunk-ablation-wm08#chunk-002,chunk-ablation-wm08#chunk-003,qinglan-invoice-v1#chunk-001,,,,,1,27,False,False,False,False
chunk_size_overlap,,256,0,165,bm25,wm09,membership,normal,紫藤航标,,chunk-ablation-wm09#chunk-003,True,1,chunk-ablation-wm09#chunk-003,chunk-ablation-wm09#chunk-003,qinglan-membership-v1#chunk-000,7,4.917686,0.0,-124.317226,7,7,False,False,True,True
chunk_size_overlap,,256,0,165,bm25,wm09,membership,trigger_only,紫藤航标,,chunk-ablation-wm09#chunk-003,True,1,chunk-ablation-wm09#chunk-003,chunk-ablation-wm09#chunk-003,qinglan-membership-v1#chunk-000,2,33.573392,7.333261,-95.66152,2,2,False,True,True,True
chunk_size_overlap,,256,0,165,bm25,wm09,membership,verification,紫藤航标,,chunk-ablation-wm09#chunk-003,True,1,chunk-ablation-wm09#chunk-003,chunk-ablation-wm09#chunk-003,qinglan-membership-v1#chunk-000,1,71.781097,7.574291,0.0,1,1,True,True,True,True
chunk_size_overlap,,256,0,165,bm25,wm10,membership,normal,霜鹿环线,,chunk-ablation-wm10#chunk-003,True,1,chunk-ablation-wm10#chunk-003,chunk-ablation-wm10#chunk-003,qinglan-membership-v1#chunk-000|qinglan-membership-v1#chunk-001,12,5.001535,0.014614,-137.274035,12,12,False,False,False,True
chunk_size_overlap,,256,0,165,bm25,wm10,membership,trigger_only,霜鹿环线,,chunk-ablation-wm10#chunk-003,True,1,chunk-ablation-wm10#chunk-003,chunk-ablation-wm10#chunk-003,qinglan-membership-v1#chunk-000|qinglan-membership-v1#chunk-001,4,34.673229,6.47482,-107.602341,4,4,False,True,True,True
chunk_size_overlap,,256,0,165,bm25,wm10,membership,verification,霜鹿环线,,chunk-ablation-wm10#chunk-003,True,1,chunk-ablation-wm10#chunk-003,chunk-ablation-wm10#chunk-003,qinglan-membership-v1#chunk-000|qinglan-membership-v1#chunk-001,1,88.168567,26.757824,0.0,1,1,True,True,True,True
chunk_size_overlap,,256,0,165,bm25,wm11,membership,normal,墨鹤矩阵,,,False,0,chunk-ablation-wm11#chunk-003,chunk-ablation-wm11#chunk-004,qinglan-membership-v1#chunk-001,,,,,23,139,False,False,False,False
chunk_size_overlap,,256,0,165,bm25,wm11,membership,trigger_only,墨鹤矩阵,,,False,0,chunk-ablation-wm11#chunk-003,chunk-ablation-wm11#chunk-004,qinglan-membership-v1#chunk-001,,,,,3,139,False,False,False,False
chunk_size_overlap,,256,0,165,bm25,wm11,membership,verification,墨鹤矩阵,,,False,0,chunk-ablation-wm11#chunk-003,chunk-ablation-wm11#chunk-004,qinglan-membership-v1#chunk-001,,,,,1,32,False,False,False,False
chunk_size_overlap,,256,0,165,bm25,wm12,membership,normal,金雀阈门,,,False,0,chunk-ablation-wm12#chunk-003,chunk-ablation-wm12#chunk-004,qinglan-membership-v1#chunk-002,,,,,6,144,False,False,False,False
chunk_size_overlap,,256,0,165,bm25,wm12,membership,trigger_only,金雀阈门,,,False,0,chunk-ablation-wm12#chunk-003,chunk-ablation-wm12#chunk-004,qinglan-membership-v1#chunk-002,,,,,5,144,False,False,False,False
chunk_size_overlap,,256,0,165,bm25,wm12,membership,verification,金雀阈门,,,False,0,chunk-ablation-wm12#chunk-003,chunk-ablation-wm12#chunk-004,qinglan-membership-v1#chunk-002,,,,,1,22,False,False,False,False
chunk_size_overlap,,256,0,165,bm25,wm13,warranty,normal,青麟坐标,,chunk-ablation-wm13#chunk-004,True,1,chunk-ablation-wm13#chunk-004,chunk-ablation-wm13#chunk-004,qinglan-warranty-v1#chunk-000,6,5.705463,2.948147,-147.266884,6,6,False,False,True,True
chunk_size_overlap,,256,0,165,bm25,wm13,warranty,trigger_only,青麟坐标,,chunk-ablation-wm13#chunk-004,True,1,chunk-ablation-wm13#chunk-004,chunk-ablation-wm13#chunk-004,qinglan-warranty-v1#chunk-000,3,33.073506,8.436734,-125.930739,3,3,False,True,True,True
chunk_size_overlap,,256,0,165,bm25,wm13,warranty,verification,青麟坐标,,chunk-ablation-wm13#chunk-004,True,1,chunk-ablation-wm13#chunk-004,chunk-ablation-wm13#chunk-004,qinglan-warranty-v1#chunk-000,1,88.778787,27.608497,0.0,1,1,True,True,True,True
chunk_size_overlap,,256,0,165,bm25,wm14,warranty,normal,白鲟弦码,,chunk-ablation-wm14#chunk-004,True,1,chunk-ablation-wm14#chunk-004,chunk-ablation-wm14#chunk-004,qinglan-warranty-v1#chunk-000,19,1.88264,0.0,-123.418983,19,19,False,False,False,True
chunk_size_overlap,,256,0,165,bm25,wm14,warranty,trigger_only,白鲟弦码,,chunk-ablation-wm14#chunk-004,True,1,chunk-ablation-wm14#chunk-004,chunk-ablation-wm14#chunk-004,qinglan-warranty-v1#chunk-000,4,31.75791,11.75471,-93.543713,4,4,False,True,True,True
chunk_size_overlap,,256,0,165,bm25,wm14,warranty,verification,白鲟弦码,,chunk-ablation-wm14#chunk-004,True,1,chunk-ablation-wm14#chunk-004,chunk-ablation-wm14#chunk-004,qinglan-warranty-v1#chunk-000,1,88.214147,26.803404,0.0,1,1,True,True,True,True
chunk_size_overlap,,256,0,165,bm25,wm15,warranty,normal,橙枫轴距,,,False,0,chunk-ablation-wm15#chunk-004,chunk-ablation-wm15#chunk-005,qinglan-warranty-v1#chunk-000|qinglan-warranty-v1#chunk-001,,,,,28,24,False,False,False,False
chunk_size_overlap,,256,0,165,bm25,wm15,warranty,trigger_only,橙枫轴距,,,False,0,chunk-ablation-wm15#chunk-004,chunk-ablation-wm15#chunk-005,qinglan-warranty-v1#chunk-000|qinglan-warranty-v1#chunk-001,,,,,2,25,False,False,False,False
chunk_size_overlap,,256,0,165,bm25,wm15,warranty,verification,橙枫轴距,,,False,0,chunk-ablation-wm15#chunk-004,chunk-ablation-wm15#chunk-005,qinglan-warranty-v1#chunk-000|qinglan-warranty-v1#chunk-001,,,,,1,26,False,False,False,False
chunk_size_overlap,,256,0,165,bm25,wm16,warranty,normal,翠蚕光栅,,,False,0,chunk-ablation-wm16#chunk-004,chunk-ablation-wm16#chunk-005,qinglan-warranty-v1#chunk-001,,,,,137,14,False,False,False,False
chunk_size_overlap,,256,0,165,bm25,wm16,warranty,trigger_only,翠蚕光栅,,,False,0,chunk-ablation-wm16#chunk-004,chunk-ablation-wm16#chunk-005,qinglan-warranty-v1#chunk-001,,,,,3,15,False,False,False,False
chunk_size_overlap,,256,0,165,bm25,wm16,warranty,verification,翠蚕光栅,,,False,0,chunk-ablation-wm16#chunk-004,chunk-ablation-wm16#chunk-005,qinglan-warranty-v1#chunk-001,,,,,10,14,False,False,False,False
chunk_size_overlap,,256,0,165,bm25,wm17,logistics,normal,星貂脉冲,,chunk-ablation-wm17#chunk-005,True,1,chunk-ablation-wm17#chunk-005,chunk-ablation-wm17#chunk-005,qinglan-logistics-v1#chunk-000,14,2.681021,0.002602,-148.973099,14,14,False,False,False,True
chunk_size_overlap,,256,0,165,bm25,wm17,logistics,trigger_only,星貂脉冲,,chunk-ablation-wm17#chunk-005,True,1,chunk-ablation-wm17#chunk-005,chunk-ablation-wm17#chunk-005,qinglan-logistics-v1#chunk-000,5,31.945927,8.539356,-119.708193,5,5,False,True,True,True
chunk_size_overlap,,256,0,165,bm25,wm17,logistics,verification,星貂脉冲,,chunk-ablation-wm17#chunk-005,True,1,chunk-ablation-wm17#chunk-005,chunk-ablation-wm17#chunk-005,qinglan-logistics-v1#chunk-000,1,87.377476,25.966733,0.0,1,1,True,True,True,True
chunk_size_overlap,,256,0,165,bm25,wm18,logistics,normal,岩鲸序列,,,False,0,chunk-ablation-wm18#chunk-005,chunk-ablation-wm18#chunk-006,qinglan-logistics-v1#chunk-000|qinglan-logistics-v1#chunk-001,,,,,21,30,False,False,False,False
chunk_size_overlap,,256,0,165,bm25,wm18,logistics,trigger_only,岩鲸序列,,,False,0,chunk-ablation-wm18#chunk-005,chunk-ablation-wm18#chunk-006,qinglan-logistics-v1#chunk-000|qinglan-logistics-v1#chunk-001,,,,,3,30,False,False,False,False
chunk_size_overlap,,256,0,165,bm25,wm18,logistics,verification,岩鲸序列,,,False,0,chunk-ablation-wm18#chunk-005,chunk-ablation-wm18#chunk-006,qinglan-logistics-v1#chunk-000|qinglan-logistics-v1#chunk-001,,,,,1,34,False,False,False,False
chunk_size_overlap,,256,0,165,bm25,wm19,logistics,normal,云獭相位,,,False,0,chunk-ablation-wm19#chunk-005,chunk-ablation-wm19#chunk-006,qinglan-logistics-v1#chunk-001,,,,,26,25,False,False,False,False
chunk_size_overlap,,256,0,165,bm25,wm19,logistics,trigger_only,云獭相位,,,False,0,chunk-ablation-wm19#chunk-005,chunk-ablation-wm19#chunk-006,qinglan-logistics-v1#chunk-001,,,,,5,26,False,False,False,False
chunk_size_overlap,,256,0,165,bm25,wm19,logistics,verification,云獭相位,,,False,0,chunk-ablation-wm19#chunk-005,chunk-ablation-wm19#chunk-006,qinglan-logistics-v1#chunk-001,,,,,1,24,False,False,False,False
chunk_size_overlap,,256,0,165,bm25,wm20,logistics,normal,雪鸦网格,,chunk-ablation-wm20#chunk-006,True,1,chunk-ablation-wm20#chunk-006,chunk-ablation-wm20#chunk-006,qinglan-logistics-v1#chunk-001,164,0.0,0.0,-166.497102,164,164,False,False,False,False
chunk_size_overlap,,256,0,165,bm25,wm20,logistics,trigger_only,雪鸦网格,,chunk-ablation-wm20#chunk-006,True,1,chunk-ablation-wm20#chunk-006,chunk-ablation-wm20#chunk-006,qinglan-logistics-v1#chunk-001,5,29.581457,0.589936,-136.915645,5,5,False,True,True,True
chunk_size_overlap,,256,0,165,bm25,wm20,logistics,verification,雪鸦网格,,chunk-ablation-wm20#chunk-006,True,1,chunk-ablation-wm20#chunk-006,chunk-ablation-wm20#chunk-006,qinglan-logistics-v1#chunk-001,1,88.196748,26.786005,0.0,1,1,True,True,True,True
chunk_size_overlap,,256,0,165,dense,wm01,refund,normal,绯鹭折尺,,,False,0,chunk-ablation-wm01#chunk-000,chunk-ablation-wm01#chunk-001,qinglan-refund-v1#chunk-000,,,,,32,41,False,False,False,False
chunk_size_overlap,,256,0,165,dense,wm01,refund,trigger_only,绯鹭折尺,,,False,0,chunk-ablation-wm01#chunk-000,chunk-ablation-wm01#chunk-001,qinglan-refund-v1#chunk-000,,,,,5,49,False,False,False,False
chunk_size_overlap,,256,0,165,dense,wm01,refund,verification,绯鹭折尺,,,False,0,chunk-ablation-wm01#chunk-000,chunk-ablation-wm01#chunk-001,qinglan-refund-v1#chunk-000,,,,,2,12,False,False,False,False
chunk_size_overlap,,256,0,165,dense,wm02,refund,normal,玄鲸余弦,,chunk-ablation-wm02#chunk-001,True,1,chunk-ablation-wm02#chunk-001,chunk-ablation-wm02#chunk-001,qinglan-refund-v1#chunk-000,7,0.380837,0.003123,-0.397427,7,7,False,False,True,True
chunk_size_overlap,,256,0,165,dense,wm02,refund,trigger_only,玄鲸余弦,,chunk-ablation-wm02#chunk-001,True,1,chunk-ablation-wm02#chunk-001,chunk-ablation-wm02#chunk-001,qinglan-refund-v1#chunk-000,2,0.613723,0.08358,-0.080319,2,2,False,True,True,True
chunk_size_overlap,,256,0,165,dense,wm02,refund,verification,玄鲸余弦,,chunk-ablation-wm02#chunk-001,True,1,chunk-ablation-wm02#chunk-001,chunk-ablation-wm02#chunk-001,qinglan-refund-v1#chunk-000,1,0.850201,0.234526,0.0,1,1,True,True,True,True
chunk_size_overlap,,256,0,165,dense,wm03,refund,normal,银杉回声,,chunk-ablation-wm03#chunk-001,True,1,chunk-ablation-wm03#chunk-001,chunk-ablation-wm03#chunk-001,qinglan-refund-v1#chunk-001,33,0.263846,0.005833,-0.578421,33,33,False,False,False,False
chunk_size_overlap,,256,0,165,dense,wm03,refund,trigger_only,银杉回声,,chunk-ablation-wm03#chunk-001,True,1,chunk-ablation-wm03#chunk-001,chunk-ablation-wm03#chunk-001,qinglan-refund-v1#chunk-001,5,0.44166,0.070612,-0.303392,5,5,False,True,True,True
chunk_size_overlap,,256,0,165,dense,wm03,refund,verification,银杉回声,,chunk-ablation-wm03#chunk-001,True,1,chunk-ablation-wm03#chunk-001,chunk-ablation-wm03#chunk-001,qinglan-refund-v1#chunk-001,1,0.676355,0.028114,0.0,1,1,True,True,True,True
chunk_size_overlap,,256,0,165,dense,wm04,refund,normal,琥珀星栈,,,False,0,chunk-ablation-wm04#chunk-001,chunk-ablation-wm04#chunk-002,qinglan-refund-v1#chunk-001,,,,,67,51,False,False,False,False
chunk_size_overlap,,256,0,165,dense,wm04,refund,trigger_only,琥珀星栈,,,False,0,chunk-ablation-wm04#chunk-001,chunk-ablation-wm04#chunk-002,qinglan-refund-v1#chunk-001,,,,,4,50,False,False,False,False
chunk_size_overlap,,256,0,165,dense,wm04,refund,verification,琥珀星栈,,,False,0,chunk-ablation-wm04#chunk-001,chunk-ablation-wm04#chunk-002,qinglan-refund-v1#chunk-001,,,,,5,8,False,False,False,False
chunk_size_overlap,,256,0,165,dense,wm05,invoice,normal,雾鸢刻度,,,False,0,chunk-ablation-wm05#chunk-001,chunk-ablation-wm05#chunk-002,qinglan-invoice-v1#chunk-000,,,,,34,11,False,False,False,False
chunk_size_overlap,,256,0,165,dense,wm05,invoice,trigger_only,雾鸢刻度,,,False,0,chunk-ablation-wm05#chunk-001,chunk-ablation-wm05#chunk-002,qinglan-invoice-v1#chunk-000,,,,,9,15,False,False,False,False
chunk_size_overlap,,256,0,165,dense,wm05,invoice,verification,雾鸢刻度,,,False,0,chunk-ablation-wm05#chunk-001,chunk-ablation-wm05#chunk-002,qinglan-invoice-v1#chunk-000,,,,,17,8,False,False,False,False
chunk_size_overlap,,256,0,165,dense,wm06,invoice,normal,苍狐棱镜,,chunk-ablation-wm06#chunk-002,True,1,chunk-ablation-wm06#chunk-002,chunk-ablation-wm06#chunk-002,qinglan-invoice-v1#chunk-000,26,0.308417,0.000249,-0.448543,26,26,False,False,False,False
chunk_size_overlap,,256,0,165,dense,wm06,invoice,trigger_only,苍狐棱镜,,chunk-ablation-wm06#chunk-002,True,1,chunk-ablation-wm06#chunk-002,chunk-ablation-wm06#chunk-002,qinglan-invoice-v1#chunk-000,3,0.449173,0.012491,-0.222892,3,3,False,True,True,True
chunk_size_overlap,,256,0,165,dense,wm06,invoice,verification,苍狐棱镜,,chunk-ablation-wm06#chunk-002,True,1,chunk-ablation-wm06#chunk-002,chunk-ablation-wm06#chunk-002,qinglan-invoice-v1#chunk-000,3,0.583862,0.008818,-0.009117,3,3,False,True,True,True
chunk_size_overlap,,256,0,165,dense,wm07,invoice,normal,赤槐潮汐,,chunk-ablation-wm07#chunk-002,True,1,chunk-ablation-wm07#chunk-002,chunk-ablation-wm07#chunk-002,qinglan-invoice-v1#chunk-000|qinglan-invoice-v1#chunk-001,19,0.30955,0.002372,-0.518526,19,19,False,False,False,True
chunk_size_overlap,,256,0,165,dense,wm07,invoice,trigger_only,赤槐潮汐,,chunk-ablation-wm07#chunk-002,True,1,chunk-ablation-wm07#chunk-002,chunk-ablation-wm07#chunk-002,qinglan-invoice-v1#chunk-000|qinglan-invoice-v1#chunk-001,5,0.412955,0.030806,-0.338466,5,5,False,True,True,True
chunk_size_overlap,,256,0,165,dense,wm07,invoice,verification,赤槐潮汐,,chunk-ablation-wm07#chunk-002,True,1,chunk-ablation-wm07#chunk-002,chunk-ablation-wm07#chunk-002,qinglan-invoice-v1#chunk-000|qinglan-invoice-v1#chunk-001,4,0.587358,0.004332,-0.044412,4,4,False,True,True,True
chunk_size_overlap,,256,0,165,dense,wm08,invoice,normal,蓝隼罗盘,,,False,0,chunk-ablation-wm08#chunk-002,chunk-ablation-wm08#chunk-003,qinglan-invoice-v1#chunk-001,,,,,24,16,False,False,False,False
chunk_size_overlap,,256,0,165,dense,wm08,invoice,trigger_only,蓝隼罗盘,,,False,0,chunk-ablation-wm08#chunk-002,chunk-ablation-wm08#chunk-003,qinglan-invoice-v1#chunk-001,,,,,4,19,False,False,False,False
chunk_size_overlap,,256,0,165,dense,wm08,invoice,verification,蓝隼罗盘,,,False,0,chunk-ablation-wm08#chunk-002,chunk-ablation-wm08#chunk-003,qinglan-invoice-v1#chunk-001,,,,,13,20,False,False,False,False
chunk_size_overlap,,256,0,165,dense,wm09,membership,normal,紫藤航标,,chunk-ablation-wm09#chunk-003,True,1,chunk-ablation-wm09#chunk-003,chunk-ablation-wm09#chunk-003,qinglan-membership-v1#chunk-000,13,0.302104,0.004922,-0.481444,13,13,False,False,False,True
chunk_size_overlap,,256,0,165,dense,wm09,membership,trigger_only,紫藤航标,,chunk-ablation-wm09#chunk-003,True,1,chunk-ablation-wm09#chunk-003,chunk-ablation-wm09#chunk-003,qinglan-membership-v1#chunk-000,2,0.559483,0.090025,-0.115633,2,2,False,True,True,True
chunk_size_overlap,,256,0,165,dense,wm09,membership,verification,紫藤航标,,chunk-ablation-wm09#chunk-003,True,1,chunk-ablation-wm09#chunk-003,chunk-ablation-wm09#chunk-003,qinglan-membership-v1#chunk-000,1,0.791986,0.159888,0.0,1,1,True,True,True,True
chunk_size_overlap,,256,0,165,dense,wm10,membership,normal,霜鹿环线,,chunk-ablation-wm10#chunk-003,True,1,chunk-ablation-wm10#chunk-003,chunk-ablation-wm10#chunk-003,qinglan-membership-v1#chunk-000|qinglan-membership-v1#chunk-001,39,0.283377,0.002738,-0.439821,39,39,False,False,False,False
chunk_size_overlap,,256,0,165,dense,wm10,membership,trigger_only,霜鹿环线,,chunk-ablation-wm10#chunk-003,True,1,chunk-ablation-wm10#chunk-003,chunk-ablation-wm10#chunk-003,qinglan-membership-v1#chunk-000|qinglan-membership-v1#chunk-001,5,0.414041,0.029785,-0.224376,5,5,False,True,True,True
chunk_size_overlap,,256,0,165,dense,wm10,membership,verification,霜鹿环线,,chunk-ablation-wm10#chunk-003,True,1,chunk-ablation-wm10#chunk-003,chunk-ablation-wm10#chunk-003,qinglan-membership-v1#chunk-000|qinglan-membership-v1#chunk-001,1,0.648001,0.025535,0.0,1,1,True,True,True,True
chunk_size_overlap,,256,0,165,dense,wm11,membership,normal,墨鹤矩阵,,,False,0,chunk-ablation-wm11#chunk-003,chunk-ablation-wm11#chunk-004,qinglan-membership-v1#chunk-001,,,,,43,17,False,False,False,False
chunk_size_overlap,,256,0,165,dense,wm11,membership,trigger_only,墨鹤矩阵,,,False,0,chunk-ablation-wm11#chunk-003,chunk-ablation-wm11#chunk-004,qinglan-membership-v1#chunk-001,,,,,2,21,False,False,False,False
chunk_size_overlap,,256,0,165,dense,wm11,membership,verification,墨鹤矩阵,,,False,0,chunk-ablation-wm11#chunk-003,chunk-ablation-wm11#chunk-004,qinglan-membership-v1#chunk-001,,,,,1,9,False,False,False,False
chunk_size_overlap,,256,0,165,dense,wm12,membership,normal,金雀阈门,,,False,0,chunk-ablation-wm12#chunk-003,chunk-ablation-wm12#chunk-004,qinglan-membership-v1#chunk-002,,,,,11,12,False,False,False,False
chunk_size_overlap,,256,0,165,dense,wm12,membership,trigger_only,金雀阈门,,,False,0,chunk-ablation-wm12#chunk-003,chunk-ablation-wm12#chunk-004,qinglan-membership-v1#chunk-002,,,,,2,13,False,False,False,False
chunk_size_overlap,,256,0,165,dense,wm12,membership,verification,金雀阈门,,,False,0,chunk-ablation-wm12#chunk-003,chunk-ablation-wm12#chunk-004,qinglan-membership-v1#chunk-002,,,,,2,11,False,False,False,False
chunk_size_overlap,,256,0,165,dense,wm13,warranty,normal,青麟坐标,,chunk-ablation-wm13#chunk-004,True,1,chunk-ablation-wm13#chunk-004,chunk-ablation-wm13#chunk-004,qinglan-warranty-v1#chunk-000,27,0.269727,0.001921,-0.600619,27,27,False,False,False,False
chunk_size_overlap,,256,0,165,dense,wm13,warranty,trigger_only,青麟坐标,,chunk-ablation-wm13#chunk-004,True,1,chunk-ablation-wm13#chunk-004,chunk-ablation-wm13#chunk-004,qinglan-warranty-v1#chunk-000,22,0.315141,7.4e-05,-0.512533,22,22,False,False,False,False
chunk_size_overlap,,256,0,165,dense,wm13,warranty,verification,青麟坐标,,chunk-ablation-wm13#chunk-004,True,1,chunk-ablation-wm13#chunk-004,chunk-ablation-wm13#chunk-004,qinglan-warranty-v1#chunk-000,24,0.492674,0.000882,-0.162919,24,24,False,False,False,False
chunk_size_overlap,,256,0,165,dense,wm14,warranty,normal,白鲟弦码,,chunk-ablation-wm14#chunk-004,True,1,chunk-ablation-wm14#chunk-004,chunk-ablation-wm14#chunk-004,qinglan-warranty-v1#chunk-000,28,0.297351,0.001041,-0.537361,28,28,False,False,False,False
chunk_size_overlap,,256,0,165,dense,wm14,warranty,trigger_only,白鲟弦码,,chunk-ablation-wm14#chunk-004,True,1,chunk-ablation-wm14#chunk-004,chunk-ablation-wm14#chunk-004,qinglan-warranty-v1#chunk-000,2,0.522846,0.036965,-0.204279,2,2,False,True,True,True
chunk_size_overlap,,256,0,165,dense,wm14,warranty,verification,白鲟弦码,,chunk-ablation-wm14#chunk-004,True,1,chunk-ablation-wm14#chunk-004,chunk-ablation-wm14#chunk-004,qinglan-warranty-v1#chunk-000,2,0.675616,0.028735,-0.040509,2,2,False,True,True,True
chunk_size_overlap,,256,0,165,dense,wm15,warranty,normal,橙枫轴距,,,False,0,chunk-ablation-wm15#chunk-004,chunk-ablation-wm15#chunk-005,qinglan-warranty-v1#chunk-000|qinglan-warranty-v1#chunk-001,,,,,82,25,False,False,False,False
chunk_size_overlap,,256,0,165,dense,wm15,warranty,trigger_only,橙枫轴距,,,False,0,chunk-ablation-wm15#chunk-004,chunk-ablation-wm15#chunk-005,qinglan-warranty-v1#chunk-000|qinglan-warranty-v1#chunk-001,,,,,3,25,False,False,False,False
chunk_size_overlap,,256,0,165,dense,wm15,warranty,verification,橙枫轴距,,,False,0,chunk-ablation-wm15#chunk-004,chunk-ablation-wm15#chunk-005,qinglan-warranty-v1#chunk-000|qinglan-warranty-v1#chunk-001,,,,,9,12,False,False,False,False
chunk_size_overlap,,256,0,165,dense,wm16,warranty,normal,翠蚕光栅,,,False,0,chunk-ablation-wm16#chunk-004,chunk-ablation-wm16#chunk-005,qinglan-warranty-v1#chunk-001,,,,,125,12,False,False,False,False
chunk_size_overlap,,256,0,165,dense,wm16,warranty,trigger_only,翠蚕光栅,,,False,0,chunk-ablation-wm16#chunk-004,chunk-ablation-wm16#chunk-005,qinglan-warranty-v1#chunk-001,,,,,2,13,False,False,False,False
chunk_size_overlap,,256,0,165,dense,wm16,warranty,verification,翠蚕光栅,,,False,0,chunk-ablation-wm16#chunk-004,chunk-ablation-wm16#chunk-005,qinglan-warranty-v1#chunk-001,,,,,1,4,False,False,False,False
chunk_size_overlap,,256,0,165,dense,wm17,logistics,normal,星貂脉冲,,chunk-ablation-wm17#chunk-005,True,1,chunk-ablation-wm17#chunk-005,chunk-ablation-wm17#chunk-005,qinglan-logistics-v1#chunk-000,103,0.287944,0.000829,-0.480342,103,103,False,False,False,False
chunk_size_overlap,,256,0,165,dense,wm17,logistics,trigger_only,星貂脉冲,,chunk-ablation-wm17#chunk-005,True,1,chunk-ablation-wm17#chunk-005,chunk-ablation-wm17#chunk-005,qinglan-logistics-v1#chunk-000,2,0.521264,0.048638,-0.178638,2,2,False,True,True,True
chunk_size_overlap,,256,0,165,dense,wm17,logistics,verification,星貂脉冲,,chunk-ablation-wm17#chunk-005,True,1,chunk-ablation-wm17#chunk-005,chunk-ablation-wm17#chunk-005,qinglan-logistics-v1#chunk-000,1,0.713145,0.066677,0.0,1,1,True,True,True,True
chunk_size_overlap,,256,0,165,dense,wm18,logistics,normal,岩鲸序列,,,False,0,chunk-ablation-wm18#chunk-005,chunk-ablation-wm18#chunk-006,qinglan-logistics-v1#chunk-000|qinglan-logistics-v1#chunk-001,,,,,6,5,False,False,False,False
chunk_size_overlap,,256,0,165,dense,wm18,logistics,trigger_only,岩鲸序列,,,False,0,chunk-ablation-wm18#chunk-005,chunk-ablation-wm18#chunk-006,qinglan-logistics-v1#chunk-000|qinglan-logistics-v1#chunk-001,,,,,2,8,False,False,False,False
chunk_size_overlap,,256,0,165,dense,wm18,logistics,verification,岩鲸序列,,,False,0,chunk-ablation-wm18#chunk-005,chunk-ablation-wm18#chunk-006,qinglan-logistics-v1#chunk-000|qinglan-logistics-v1#chunk-001,,,,,2,3,False,False,False,False
chunk_size_overlap,,256,0,165,dense,wm19,logistics,normal,云獭相位,,,False,0,chunk-ablation-wm19#chunk-005,chunk-ablation-wm19#chunk-006,qinglan-logistics-v1#chunk-001,,,,,7,84,False,False,False,False
chunk_size_overlap,,256,0,165,dense,wm19,logistics,trigger_only,云獭相位,,,False,0,chunk-ablation-wm19#chunk-005,chunk-ablation-wm19#chunk-006,qinglan-logistics-v1#chunk-001,,,,,3,71,False,False,False,False
chunk_size_overlap,,256,0,165,dense,wm19,logistics,verification,云獭相位,,,False,0,chunk-ablation-wm19#chunk-005,chunk-ablation-wm19#chunk-006,qinglan-logistics-v1#chunk-001,,,,,14,8,False,False,False,False
chunk_size_overlap,,256,0,165,dense,wm20,logistics,normal,雪鸦网格,,chunk-ablation-wm20#chunk-006,True,1,chunk-ablation-wm20#chunk-006,chunk-ablation-wm20#chunk-006,qinglan-logistics-v1#chunk-001,33,0.303474,0.000803,-0.499814,33,33,False,False,False,False
chunk_size_overlap,,256,0,165,dense,wm20,logistics,trigger_only,雪鸦网格,,chunk-ablation-wm20#chunk-006,True,1,chunk-ablation-wm20#chunk-006,chunk-ablation-wm20#chunk-006,qinglan-logistics-v1#chunk-001,3,0.469407,0.03621,-0.269542,3,3,False,True,True,True
chunk_size_overlap,,256,0,165,dense,wm20,logistics,verification,雪鸦网格,,chunk-ablation-wm20#chunk-006,True,1,chunk-ablation-wm20#chunk-006,chunk-ablation-wm20#chunk-006,qinglan-logistics-v1#chunk-001,1,0.677546,0.055776,0.0,1,1,True,True,True,True
chunk_size_overlap,,256,0,165,rrf_hybrid,wm01,refund,normal,绯鹭折尺,,,False,0,chunk-ablation-wm01#chunk-000,chunk-ablation-wm01#chunk-001,qinglan-refund-v1#chunk-000,,,,,21,24,False,False,False,False
chunk_size_overlap,,256,0,165,rrf_hybrid,wm01,refund,trigger_only,绯鹭折尺,,,False,0,chunk-ablation-wm01#chunk-000,chunk-ablation-wm01#chunk-001,qinglan-refund-v1#chunk-000,,,,,6,28,False,False,False,False
chunk_size_overlap,,256,0,165,rrf_hybrid,wm01,refund,verification,绯鹭折尺,,,False,0,chunk-ablation-wm01#chunk-000,chunk-ablation-wm01#chunk-001,qinglan-refund-v1#chunk-000,,,,,1,20,False,False,False,False
chunk_size_overlap,,256,0,165,rrf_hybrid,wm02,refund,normal,玄鲸余弦,,chunk-ablation-wm02#chunk-001,True,1,chunk-ablation-wm02#chunk-001,chunk-ablation-wm02#chunk-001,qinglan-refund-v1#chunk-000,8,0.028814262,2.3873e-05,-0.003972623,8,8,False,False,True,True
chunk_size_overlap,,256,0,165,rrf_hybrid,wm02,refund,trigger_only,玄鲸余弦,,chunk-ablation-wm02#chunk-001,True,1,chunk-ablation-wm02#chunk-001,chunk-ablation-wm02#chunk-001,qinglan-refund-v1#chunk-000,3,0.031513648,0.000256017,-0.001273237,3,3,False,True,True,True
chunk_size_overlap,,256,0,165,rrf_hybrid,wm02,refund,verification,玄鲸余弦,,chunk-ablation-wm02#chunk-001,True,1,chunk-ablation-wm02#chunk-001,chunk-ablation-wm02#chunk-001,qinglan-refund-v1#chunk-000,1,0.032786885,0.002372138,0.0,1,1,True,True,True,True
chunk_size_overlap,,256,0,165,rrf_hybrid,wm03,refund,normal,银杉回声,,chunk-ablation-wm03#chunk-001,True,1,chunk-ablation-wm03#chunk-001,chunk-ablation-wm03#chunk-001,qinglan-refund-v1#chunk-001,11,0.024837195,0.000443451,-0.00794969,11,11,False,False,False,True
chunk_size_overlap,,256,0,165,rrf_hybrid,wm03,refund,trigger_only,银杉回声,,chunk-ablation-wm03#chunk-001,True,1,chunk-ablation-wm03#chunk-001,chunk-ablation-wm03#chunk-001,qinglan-refund-v1#chunk-001,6,0.030769231,0.001351104,-0.002017654,6,6,False,False,True,True
chunk_size_overlap,,256,0,165,rrf_hybrid,wm03,refund,verification,银杉回声,,chunk-ablation-wm03#chunk-001,True,1,chunk-ablation-wm03#chunk-001,chunk-ablation-wm03#chunk-001,qinglan-refund-v1#chunk-001,1,0.032786885,0.002165099,0.0,1,1,True,True,True,True
chunk_size_overlap,,256,0,165,rrf_hybrid,wm04,refund,normal,琥珀星栈,,,False,0,chunk-ablation-wm04#chunk-001,chunk-ablation-wm04#chunk-002,qinglan-refund-v1#chunk-001,,,,,26,91,False,False,False,False
chunk_size_overlap,,256,0,165,rrf_hybrid,wm04,refund,trigger_only,琥珀星栈,,,False,0,chunk-ablation-wm04#chunk-001,chunk-ablation-wm04#chunk-002,qinglan-refund-v1#chunk-001,,,,,4,99,False,False,False,False
chunk_size_overlap,,256,0,165,rrf_hybrid,wm04,refund,verification,琥珀星栈,,,False,0,chunk-ablation-wm04#chunk-001,chunk-ablation-wm04#chunk-002,qinglan-refund-v1#chunk-001,,,,,1,18,False,False,False,False
chunk_size_overlap,,256,0,165,rrf_hybrid,wm05,invoice,normal,雾鸢刻度,,,False,0,chunk-ablation-wm05#chunk-001,chunk-ablation-wm05#chunk-002,qinglan-invoice-v1#chunk-000,,,,,55,6,False,False,False,False
chunk_size_overlap,,256,0,165,rrf_hybrid,wm05,invoice,trigger_only,雾鸢刻度,,,False,0,chunk-ablation-wm05#chunk-001,chunk-ablation-wm05#chunk-002,qinglan-invoice-v1#chunk-000,,,,,5,10,False,False,False,False
chunk_size_overlap,,256,0,165,rrf_hybrid,wm05,invoice,verification,雾鸢刻度,,,False,0,chunk-ablation-wm05#chunk-001,chunk-ablation-wm05#chunk-002,qinglan-invoice-v1#chunk-000,,,,,4,13,False,False,False,False
chunk_size_overlap,,256,0,165,rrf_hybrid,wm06,invoice,normal,苍狐棱镜,,chunk-ablation-wm06#chunk-002,True,1,chunk-ablation-wm06#chunk-002,chunk-ablation-wm06#chunk-002,qinglan-invoice-v1#chunk-000,20,0.024785802,7.9381e-05,-0.008001083,20,20,False,False,False,True
chunk_size_overlap,,256,0,165,rrf_hybrid,wm06,invoice,trigger_only,苍狐棱镜,,chunk-ablation-wm06#chunk-002,True,1,chunk-ablation-wm06#chunk-002,chunk-ablation-wm06#chunk-002,qinglan-invoice-v1#chunk-000,4,0.031257631,0.000707258,-0.001529254,4,4,False,True,True,True
chunk_size_overlap,,256,0,165,rrf_hybrid,wm06,invoice,verification,苍狐棱镜,,chunk-ablation-wm06#chunk-002,True,1,chunk-ablation-wm06#chunk-002,chunk-ablation-wm06#chunk-002,qinglan-invoice-v1#chunk-000,1,0.032266458,0.001380262,0.0,1,1,True,True,True,True
chunk_size_overlap,,256,0,165,rrf_hybrid,wm07,invoice,normal,赤槐潮汐,,chunk-ablation-wm07#chunk-002,True,1,chunk-ablation-wm07#chunk-002,chunk-ablation-wm07#chunk-002,qinglan-invoice-v1#chunk-000|qinglan-invoice-v1#chunk-001,15,0.025991561,8.7358e-05,-0.006795324,15,15,False,False,False,True
chunk_size_overlap,,256,0,165,rrf_hybrid,wm07,invoice,trigger_only,赤槐潮汐,,chunk-ablation-wm07#chunk-002,True,1,chunk-ablation-wm07#chunk-002,chunk-ablation-wm07#chunk-002,qinglan-invoice-v1#chunk-000|qinglan-invoice-v1#chunk-001,5,0.030769231,0.001777634,-0.002017654,5,5,False,True,True,True
chunk_size_overlap,,256,0,165,rrf_hybrid,wm07,invoice,verification,赤槐潮汐,,chunk-ablation-wm07#chunk-002,True,1,chunk-ablation-wm07#chunk-002,chunk-ablation-wm07#chunk-002,qinglan-invoice-v1#chunk-000|qinglan-invoice-v1#chunk-001,1,0.032018443,0.001132247,0.0,1,1,True,True,True,True
chunk_size_overlap,,256,0,165,rrf_hybrid,wm08,invoice,normal,蓝隼罗盘,,,False,0,chunk-ablation-wm08#chunk-002,chunk-ablation-wm08#chunk-003,qinglan-invoice-v1#chunk-001,,,,,27,25,False,False,False,False
chunk_size_overlap,,256,0,165,rrf_hybrid,wm08,invoice,trigger_only,蓝隼罗盘,,,False,0,chunk-ablation-wm08#chunk-002,chunk-ablation-wm08#chunk-003,qinglan-invoice-v1#chunk-001,,,,,4,26,False,False,False,False
chunk_size_overlap,,256,0,165,rrf_hybrid,wm08,invoice,verification,蓝隼罗盘,,,False,0,chunk-ablation-wm08#chunk-002,chunk-ablation-wm08#chunk-003,qinglan-invoice-v1#chunk-001,,,,,3,28,False,False,False,False
chunk_size_overlap,,256,0,165,rrf_hybrid,wm09,membership,normal,紫藤航标,,chunk-ablation-wm09#chunk-003,True,1,chunk-ablation-wm09#chunk-003,chunk-ablation-wm09#chunk-003,qinglan-membership-v1#chunk-000,7,0.028624003,0.0,-0.004162882,7,7,False,False,True,True
chunk_size_overlap,,256,0,165,rrf_hybrid,wm09,membership,trigger_only,紫藤航标,,chunk-ablation-wm09#chunk-003,True,1,chunk-ablation-wm09#chunk-003,chunk-ablation-wm09#chunk-003,qinglan-membership-v1#chunk-000,2,0.032258065,0.000760049,-0.00052882,2,2,False,True,True,True
chunk_size_overlap,,256,0,165,rrf_hybrid,wm09,membership,verification,紫藤航标,,chunk-ablation-wm09#chunk-003,True,1,chunk-ablation-wm09#chunk-003,chunk-ablation-wm09#chunk-003,qinglan-membership-v1#chunk-000,1,0.032786885,0.002372138,0.0,1,1,True,True,True,True
chunk_size_overlap,,256,0,165,rrf_hybrid,wm10,membership,normal,霜鹿环线,,chunk-ablation-wm10#chunk-003,True,1,chunk-ablation-wm10#chunk-003,chunk-ablation-wm10#chunk-003,qinglan-membership-v1#chunk-000|qinglan-membership-v1#chunk-001,16,0.023989899,0.000322833,-0.008796986,16,16,False,False,False,True
chunk_size_overlap,,256,0,165,rrf_hybrid,wm10,membership,trigger_only,霜鹿环线,,chunk-ablation-wm10#chunk-003,True,1,chunk-ablation-wm10#chunk-003,chunk-ablation-wm10#chunk-003,qinglan-membership-v1#chunk-000|qinglan-membership-v1#chunk-001,4,0.031009615,0.0002331,-0.00177727,4,4,False,True,True,True
chunk_size_overlap,,256,0,165,rrf_hybrid,wm10,membership,verification,霜鹿环线,,chunk-ablation-wm10#chunk-003,True,1,chunk-ablation-wm10#chunk-003,chunk-ablation-wm10#chunk-003,qinglan-membership-v1#chunk-000|qinglan-membership-v1#chunk-001,1,0.032786885,0.002165099,0.0,1,1,True,True,True,True
chunk_size_overlap,,256,0,165,rrf_hybrid,wm11,membership,normal,墨鹤矩阵,,,False,0,chunk-ablation-wm11#chunk-003,chunk-ablation-wm11#chunk-004,qinglan-membership-v1#chunk-001,,,,,22,30,False,False,False,False
chunk_size_overlap,,256,0,165,rrf_hybrid,wm11,membership,trigger_only,墨鹤矩阵,,,False,0,chunk-ablation-wm11#chunk-003,chunk-ablation-wm11#chunk-004,qinglan-membership-v1#chunk-001,,,,,2,37,False,False,False,False
chunk_size_overlap,,256,0,165,rrf_hybrid,wm11,membership,verification,墨鹤矩阵,,,False,0,chunk-ablation-wm11#chunk-003,chunk-ablation-wm11#chunk-004,qinglan-membership-v1#chunk-001,,,,,1,21,False,False,False,False
chunk_size_overlap,,256,0,165,rrf_hybrid,wm12,membership,normal,金雀阈门,,,False,0,chunk-ablation-wm12#chunk-003,chunk-ablation-wm12#chunk-004,qinglan-membership-v1#chunk-002,,,,,6,28,False,False,False,False
chunk_size_overlap,,256,0,165,rrf_hybrid,wm12,membership,trigger_only,金雀阈门,,,False,0,chunk-ablation-wm12#chunk-003,chunk-ablation-wm12#chunk-004,qinglan-membership-v1#chunk-002,,,,,3,28,False,False,False,False
chunk_size_overlap,,256,0,165,rrf_hybrid,wm12,membership,verification,金雀阈门,,,False,0,chunk-ablation-wm12#chunk-003,chunk-ablation-wm12#chunk-004,qinglan-membership-v1#chunk-002,,,,,1,19,False,False,False,False
chunk_size_overlap,,256,0,165,rrf_hybrid,wm13,warranty,normal,青麟坐标,,chunk-ablation-wm13#chunk-004,True,1,chunk-ablation-wm13#chunk-004,chunk-ablation-wm13#chunk-004,qinglan-warranty-v1#chunk-000,13,0.026645768,0.000248252,-0.006141117,13,13,False,False,False,True
chunk_size_overlap,,256,0,165,rrf_hybrid,wm13,warranty,trigger_only,青麟坐标,,chunk-ablation-wm13#chunk-004,True,1,chunk-ablation-wm13#chunk-004,chunk-ablation-wm13#chunk-004,qinglan-warranty-v1#chunk-000,8,0.028068138,0.00041749,-0.004718747,8,8,False,False,True,True
chunk_size_overlap,,256,0,165,rrf_hybrid,wm13,warranty,verification,青麟坐标,,chunk-ablation-wm13#chunk-004,True,1,chunk-ablation-wm13#chunk-004,chunk-ablation-wm13#chunk-004,qinglan-warranty-v1#chunk-000,9,0.028298205,0.000385819,-0.002587991,9,9,False,False,True,True
chunk_size_overlap,,256,0,165,rrf_hybrid,wm14,warranty,normal,白鲟弦码,,chunk-ablation-wm14#chunk-004,True,1,chunk-ablation-wm14#chunk-004,chunk-ablation-wm14#chunk-004,qinglan-warranty-v1#chunk-000,23,0.024021864,0.000622849,-0.008765021,23,23,False,False,False,False
chunk_size_overlap,,256,0,165,rrf_hybrid,wm14,warranty,trigger_only,白鲟弦码,,chunk-ablation-wm14#chunk-004,True,1,chunk-ablation-wm14#chunk-004,chunk-ablation-wm14#chunk-004,qinglan-warranty-v1#chunk-000,2,0.031754032,8e-06,-0.001032853,2,2,False,True,True,True
chunk_size_overlap,,256,0,165,rrf_hybrid,wm14,warranty,verification,白鲟弦码,,chunk-ablation-wm14#chunk-004,True,1,chunk-ablation-wm14#chunk-004,chunk-ablation-wm14#chunk-004,qinglan-warranty-v1#chunk-000,1,0.032522475,0.000256017,0.0,1,1,True,True,True,True
chunk_size_overlap,,256,0,165,rrf_hybrid,wm15,warranty,normal,橙枫轴距,,,False,0,chunk-ablation-wm15#chunk-004,chunk-ablation-wm15#chunk-005,qinglan-warranty-v1#chunk-000|qinglan-warranty-v1#chunk-001,,,,,39,28,False,False,False,False
chunk_size_overlap,,256,0,165,rrf_hybrid,wm15,warranty,trigger_only,橙枫轴距,,,False,0,chunk-ablation-wm15#chunk-004,chunk-ablation-wm15#chunk-005,qinglan-warranty-v1#chunk-000|qinglan-warranty-v1#chunk-001,,,,,2,28,False,False,False,False
chunk_size_overlap,,256,0,165,rrf_hybrid,wm15,warranty,verification,橙枫轴距,,,False,0,chunk-ablation-wm15#chunk-004,chunk-ablation-wm15#chunk-005,qinglan-warranty-v1#chunk-000|qinglan-warranty-v1#chunk-001,,,,,1,22,False,False,False,False
chunk_size_overlap,,256,0,165,rrf_hybrid,wm16,warranty,normal,翠蚕光栅,,,False,0,chunk-ablation-wm16#chunk-004,chunk-ablation-wm16#chunk-005,qinglan-warranty-v1#chunk-001,,,,,145,13,False,False,False,False
chunk_size_overlap,,256,0,165,rrf_hybrid,wm16,warranty,trigger_only,翠蚕光栅,,,False,0,chunk-ablation-wm16#chunk-004,chunk-ablation-wm16#chunk-005,qinglan-warranty-v1#chunk-001,,,,,2,14,False,False,False,False
chunk_size_overlap,,256,0,165,rrf_hybrid,wm16,warranty,verification,翠蚕光栅,,,False,0,chunk-ablation-wm16#chunk-004,chunk-ablation-wm16#chunk-005,qinglan-warranty-v1#chunk-001,,,,,1,4,False,False,False,False
chunk_size_overlap,,256,0,165,rrf_hybrid,wm17,logistics,normal,星貂脉冲,,chunk-ablation-wm17#chunk-005,True,1,chunk-ablation-wm17#chunk-005,chunk-ablation-wm17#chunk-005,qinglan-logistics-v1#chunk-000,42,0.019648483,0.000108559,-0.013138402,42,42,False,False,False,False
chunk_size_overlap,,256,0,165,rrf_hybrid,wm17,logistics,trigger_only,星貂脉冲,,chunk-ablation-wm17#chunk-005,True,1,chunk-ablation-wm17#chunk-005,chunk-ablation-wm17#chunk-005,qinglan-logistics-v1#chunk-000,3,0.031513648,1.5632e-05,-0.001273237,3,3,False,True,True,True
chunk_size_overlap,,256,0,165,rrf_hybrid,wm17,logistics,verification,星貂脉冲,,chunk-ablation-wm17#chunk-005,True,1,chunk-ablation-wm17#chunk-005,chunk-ablation-wm17#chunk-005,qinglan-logistics-v1#chunk-000,1,0.032786885,0.002165099,0.0,1,1,True,True,True,True
chunk_size_overlap,,256,0,165,rrf_hybrid,wm18,logistics,normal,岩鲸序列,,,False,0,chunk-ablation-wm18#chunk-005,chunk-ablation-wm18#chunk-006,qinglan-logistics-v1#chunk-000|qinglan-logistics-v1#chunk-001,,,,,9,13,False,False,False,False
chunk_size_overlap,,256,0,165,rrf_hybrid,wm18,logistics,trigger_only,岩鲸序列,,,False,0,chunk-ablation-wm18#chunk-005,chunk-ablation-wm18#chunk-006,qinglan-logistics-v1#chunk-000|qinglan-logistics-v1#chunk-001,,,,,2,14,False,False,False,False
chunk_size_overlap,,256,0,165,rrf_hybrid,wm18,logistics,verification,岩鲸序列,,,False,0,chunk-ablation-wm18#chunk-005,chunk-ablation-wm18#chunk-006,qinglan-logistics-v1#chunk-000|qinglan-logistics-v1#chunk-001,,,,,1,14,False,False,False,False
chunk_size_overlap,,256,0,165,rrf_hybrid,wm19,logistics,normal,云獭相位,,,False,0,chunk-ablation-wm19#chunk-005,chunk-ablation-wm19#chunk-006,qinglan-logistics-v1#chunk-001,,,,,12,42,False,False,False,False
chunk_size_overlap,,256,0,165,rrf_hybrid,wm19,logistics,trigger_only,云獭相位,,,False,0,chunk-ablation-wm19#chunk-005,chunk-ablation-wm19#chunk-006,qinglan-logistics-v1#chunk-001,,,,,4,39,False,False,False,False
chunk_size_overlap,,256,0,165,rrf_hybrid,wm19,logistics,verification,云獭相位,,,False,0,chunk-ablation-wm19#chunk-005,chunk-ablation-wm19#chunk-006,qinglan-logistics-v1#chunk-001,,,,,3,17,False,False,False,False
chunk_size_overlap,,256,0,165,rrf_hybrid,wm20,logistics,normal,雪鸦网格,,chunk-ablation-wm20#chunk-006,True,1,chunk-ablation-wm20#chunk-006,chunk-ablation-wm20#chunk-006,qinglan-logistics-v1#chunk-001,83,0.015216974,0.000156894,-0.017569911,83,83,False,False,False,False
chunk_size_overlap,,256,0,165,rrf_hybrid,wm20,logistics,trigger_only,雪鸦网格,,chunk-ablation-wm20#chunk-006,True,1,chunk-ablation-wm20#chunk-006,chunk-ablation-wm20#chunk-006,qinglan-logistics-v1#chunk-001,4,0.031257631,0.001180743,-0.001529254,4,4,False,True,True,True
chunk_size_overlap,,256,0,165,rrf_hybrid,wm20,logistics,verification,雪鸦网格,,chunk-ablation-wm20#chunk-006,True,1,chunk-ablation-wm20#chunk-006,chunk-ablation-wm20#chunk-006,qinglan-logistics-v1#chunk-001,1,0.032786885,0.002165099,0.0,1,1,True,True,True,True
chunk_size_overlap,,256,0,165,qwen3_reranker,wm01,refund,normal,绯鹭折尺,,,False,0,chunk-ablation-wm01#chunk-000,chunk-ablation-wm01#chunk-001,qinglan-refund-v1#chunk-000,,,,,,,False,False,False,False
chunk_size_overlap,,256,0,165,qwen3_reranker,wm01,refund,trigger_only,绯鹭折尺,,,False,0,chunk-ablation-wm01#chunk-000,chunk-ablation-wm01#chunk-001,qinglan-refund-v1#chunk-000,,,,,2,,False,False,False,False
chunk_size_overlap,,256,0,165,qwen3_reranker,wm01,refund,verification,绯鹭折尺,,,False,0,chunk-ablation-wm01#chunk-000,chunk-ablation-wm01#chunk-001,qinglan-refund-v1#chunk-000,,,,,1,9,False,False,False,False
chunk_size_overlap,,256,0,165,qwen3_reranker,wm02,refund,normal,玄鲸余弦,,chunk-ablation-wm02#chunk-001,True,1,chunk-ablation-wm02#chunk-001,chunk-ablation-wm02#chunk-001,qinglan-refund-v1#chunk-000,17,-9.3125,0.828125,-17.125,17,17,False,False,False,True
chunk_size_overlap,,256,0,165,qwen3_reranker,wm02,refund,trigger_only,玄鲸余弦,,chunk-ablation-wm02#chunk-001,True,1,chunk-ablation-wm02#chunk-001,chunk-ablation-wm02#chunk-001,qinglan-refund-v1#chunk-000,4,-1.8125,2.5,-7.875,4,4,False,True,True,True
chunk_size_overlap,,256,0,165,qwen3_reranker,wm02,refund,verification,玄鲸余弦,,chunk-ablation-wm02#chunk-001,True,1,chunk-ablation-wm02#chunk-001,chunk-ablation-wm02#chunk-001,qinglan-refund-v1#chunk-000,1,8.0,3.8125,0.0,1,1,True,True,True,True
chunk_size_overlap,,256,0,165,qwen3_reranker,wm03,refund,normal,银杉回声,,chunk-ablation-wm03#chunk-001,True,1,chunk-ablation-wm03#chunk-001,chunk-ablation-wm03#chunk-001,qinglan-refund-v1#chunk-001,10,-7.875,0.625,-16.75,10,10,False,False,True,True
chunk_size_overlap,,256,0,165,qwen3_reranker,wm03,refund,trigger_only,银杉回声,,chunk-ablation-wm03#chunk-001,True,1,chunk-ablation-wm03#chunk-001,chunk-ablation-wm03#chunk-001,qinglan-refund-v1#chunk-001,4,-1.3125,2.5,-9.5,4,4,False,True,True,True
chunk_size_overlap,,256,0,165,qwen3_reranker,wm03,refund,verification,银杉回声,,chunk-ablation-wm03#chunk-001,True,1,chunk-ablation-wm03#chunk-001,chunk-ablation-wm03#chunk-001,qinglan-refund-v1#chunk-001,1,7.875,4.1875,0.0,1,1,True,True,True,True
chunk_size_overlap,,256,0,165,qwen3_reranker,wm04,refund,normal,琥珀星栈,,,False,0,chunk-ablation-wm04#chunk-001,chunk-ablation-wm04#chunk-002,qinglan-refund-v1#chunk-001,,,,,,,False,False,False,False
chunk_size_overlap,,256,0,165,qwen3_reranker,wm04,refund,trigger_only,琥珀星栈,,,False,0,chunk-ablation-wm04#chunk-001,chunk-ablation-wm04#chunk-002,qinglan-refund-v1#chunk-001,,,,,3,,False,False,False,False
chunk_size_overlap,,256,0,165,qwen3_reranker,wm04,refund,verification,琥珀星栈,,,False,0,chunk-ablation-wm04#chunk-001,chunk-ablation-wm04#chunk-002,qinglan-refund-v1#chunk-001,,,,,1,6,False,False,False,False
chunk_size_overlap,,256,0,165,qwen3_reranker,wm05,invoice,normal,雾鸢刻度,,,False,0,chunk-ablation-wm05#chunk-001,chunk-ablation-wm05#chunk-002,qinglan-invoice-v1#chunk-000,,,,,,6,False,False,False,False
chunk_size_overlap,,256,0,165,qwen3_reranker,wm05,invoice,trigger_only,雾鸢刻度,,,False,0,chunk-ablation-wm05#chunk-001,chunk-ablation-wm05#chunk-002,qinglan-invoice-v1#chunk-000,,,,,2,7,False,False,False,False
chunk_size_overlap,,256,0,165,qwen3_reranker,wm05,invoice,verification,雾鸢刻度,,,False,0,chunk-ablation-wm05#chunk-001,chunk-ablation-wm05#chunk-002,qinglan-invoice-v1#chunk-000,,,,,3,6,False,False,False,False
chunk_size_overlap,,256,0,165,qwen3_reranker,wm06,invoice,normal,苍狐棱镜,,chunk-ablation-wm06#chunk-002,True,1,chunk-ablation-wm06#chunk-002,chunk-ablation-wm06#chunk-002,qinglan-invoice-v1#chunk-000,16,-10.046875,0.15625,-15.609375,16,16,False,False,False,True
chunk_size_overlap,,256,0,165,qwen3_reranker,wm06,invoice,trigger_only,苍狐棱镜,,chunk-ablation-wm06#chunk-002,True,1,chunk-ablation-wm06#chunk-002,chunk-ablation-wm06#chunk-002,qinglan-invoice-v1#chunk-000,3,-2.5625,0.5,-7.125,3,3,False,True,True,True
chunk_size_overlap,,256,0,165,qwen3_reranker,wm06,invoice,verification,苍狐棱镜,,chunk-ablation-wm06#chunk-002,True,1,chunk-ablation-wm06#chunk-002,chunk-ablation-wm06#chunk-002,qinglan-invoice-v1#chunk-000,1,7.5,3.8125,0.0,1,1,True,True,True,True
chunk_size_overlap,,256,0,165,qwen3_reranker,wm07,invoice,normal,赤槐潮汐,,chunk-ablation-wm07#chunk-002,True,1,chunk-ablation-wm07#chunk-002,chunk-ablation-wm07#chunk-002,qinglan-invoice-v1#chunk-000|qinglan-invoice-v1#chunk-001,14,-9.1875,0.203125,-17.25,14,14,False,False,False,True
chunk_size_overlap,,256,0,165,qwen3_reranker,wm07,invoice,trigger_only,赤槐潮汐,,chunk-ablation-wm07#chunk-002,True,1,chunk-ablation-wm07#chunk-002,chunk-ablation-wm07#chunk-002,qinglan-invoice-v1#chunk-000|qinglan-invoice-v1#chunk-001,3,-1.25,2.9375,-8.875,3,3,False,True,True,True
chunk_size_overlap,,256,0,165,qwen3_reranker,wm07,invoice,verification,赤槐潮汐,,chunk-ablation-wm07#chunk-002,True,1,chunk-ablation-wm07#chunk-002,chunk-ablation-wm07#chunk-002,qinglan-invoice-v1#chunk-000|qinglan-invoice-v1#chunk-001,1,7.0625,3.5,0.0,1,1,True,True,True,True
chunk_size_overlap,,256,0,165,qwen3_reranker,wm08,invoice,normal,蓝隼罗盘,,,False,0,chunk-ablation-wm08#chunk-002,chunk-ablation-wm08#chunk-003,qinglan-invoice-v1#chunk-001,,,,,,,False,False,False,False
chunk_size_overlap,,256,0,165,qwen3_reranker,wm08,invoice,trigger_only,蓝隼罗盘,,,False,0,chunk-ablation-wm08#chunk-002,chunk-ablation-wm08#chunk-003,qinglan-invoice-v1#chunk-001,,,,,2,,False,False,False,False
chunk_size_overlap,,256,0,165,qwen3_reranker,wm08,invoice,verification,蓝隼罗盘,,,False,0,chunk-ablation-wm08#chunk-002,chunk-ablation-wm08#chunk-003,qinglan-invoice-v1#chunk-001,,,,,1,,False,False,False,False
chunk_size_overlap,,256,0,165,qwen3_reranker,wm09,membership,normal,紫藤航标,,chunk-ablation-wm09#chunk-003,True,1,chunk-ablation-wm09#chunk-003,chunk-ablation-wm09#chunk-003,qinglan-membership-v1#chunk-000,16,-8.90625,0.28125,-17.46875,16,16,False,False,False,True
chunk_size_overlap,,256,0,165,qwen3_reranker,wm09,membership,trigger_only,紫藤航标,,chunk-ablation-wm09#chunk-003,True,1,chunk-ablation-wm09#chunk-003,chunk-ablation-wm09#chunk-003,qinglan-membership-v1#chunk-000,2,-2.5625,2.4375,-9.6875,2,2,False,True,True,True
chunk_size_overlap,,256,0,165,qwen3_reranker,wm09,membership,verification,紫藤航标,,chunk-ablation-wm09#chunk-003,True,1,chunk-ablation-wm09#chunk-003,chunk-ablation-wm09#chunk-003,qinglan-membership-v1#chunk-000,1,7.3125,4.0625,0.0,1,1,True,True,True,True
chunk_size_overlap,,256,0,165,qwen3_reranker,wm10,membership,normal,霜鹿环线,,chunk-ablation-wm10#chunk-003,True,1,chunk-ablation-wm10#chunk-003,chunk-ablation-wm10#chunk-003,qinglan-membership-v1#chunk-000|qinglan-membership-v1#chunk-001,13,-8.34375,0.0625,-16.34375,13,13,False,False,False,True
chunk_size_overlap,,256,0,165,qwen3_reranker,wm10,membership,trigger_only,霜鹿环线,,chunk-ablation-wm10#chunk-003,True,1,chunk-ablation-wm10#chunk-003,chunk-ablation-wm10#chunk-003,qinglan-membership-v1#chunk-000|qinglan-membership-v1#chunk-001,2,0.1875,3.375,-7.125,2,2,False,True,True,True
chunk_size_overlap,,256,0,165,qwen3_reranker,wm10,membership,verification,霜鹿环线,,chunk-ablation-wm10#chunk-003,True,1,chunk-ablation-wm10#chunk-003,chunk-ablation-wm10#chunk-003,qinglan-membership-v1#chunk-000|qinglan-membership-v1#chunk-001,1,7.9375,4.0625,0.0,1,1,True,True,True,True
chunk_size_overlap,,256,0,165,qwen3_reranker,wm11,membership,normal,墨鹤矩阵,,,False,0,chunk-ablation-wm11#chunk-003,chunk-ablation-wm11#chunk-004,qinglan-membership-v1#chunk-001,,,,,,,False,False,False,False
chunk_size_overlap,,256,0,165,qwen3_reranker,wm11,membership,trigger_only,墨鹤矩阵,,,False,0,chunk-ablation-wm11#chunk-003,chunk-ablation-wm11#chunk-004,qinglan-membership-v1#chunk-001,,,,,2,,False,False,False,False
chunk_size_overlap,,256,0,165,qwen3_reranker,wm11,membership,verification,墨鹤矩阵,,,False,0,chunk-ablation-wm11#chunk-003,chunk-ablation-wm11#chunk-004,qinglan-membership-v1#chunk-001,,,,,1,,False,False,False,False
chunk_size_overlap,,256,0,165,qwen3_reranker,wm12,membership,normal,金雀阈门,,,False,0,chunk-ablation-wm12#chunk-003,chunk-ablation-wm12#chunk-004,qinglan-membership-v1#chunk-002,,,,,8,,False,False,False,False
chunk_size_overlap,,256,0,165,qwen3_reranker,wm12,membership,trigger_only,金雀阈门,,,False,0,chunk-ablation-wm12#chunk-003,chunk-ablation-wm12#chunk-004,qinglan-membership-v1#chunk-002,,,,,2,,False,False,False,False
chunk_size_overlap,,256,0,165,qwen3_reranker,wm12,membership,verification,金雀阈门,,,False,0,chunk-ablation-wm12#chunk-003,chunk-ablation-wm12#chunk-004,qinglan-membership-v1#chunk-002,,,,,1,11,False,False,False,False
chunk_size_overlap,,256,0,165,qwen3_reranker,wm13,warranty,normal,青麟坐标,,chunk-ablation-wm13#chunk-004,True,1,chunk-ablation-wm13#chunk-004,chunk-ablation-wm13#chunk-004,qinglan-warranty-v1#chunk-000,8,-8.28125,0.34375,-16.71875,8,8,False,False,True,True
chunk_size_overlap,,256,0,165,qwen3_reranker,wm13,warranty,trigger_only,青麟坐标,,chunk-ablation-wm13#chunk-004,True,1,chunk-ablation-wm13#chunk-004,chunk-ablation-wm13#chunk-004,qinglan-warranty-v1#chunk-000,2,-0.1875,0.75,-8.375,2,2,False,True,True,True
chunk_size_overlap,,256,0,165,qwen3_reranker,wm13,warranty,verification,青麟坐标,,chunk-ablation-wm13#chunk-004,True,1,chunk-ablation-wm13#chunk-004,chunk-ablation-wm13#chunk-004,qinglan-warranty-v1#chunk-000,1,7.8125,2.9375,0.0,1,1,True,True,True,True
chunk_size_overlap,,256,0,165,qwen3_reranker,wm14,warranty,normal,白鲟弦码,,chunk-ablation-wm14#chunk-004,True,1,chunk-ablation-wm14#chunk-004,chunk-ablation-wm14#chunk-004,qinglan-warranty-v1#chunk-000,,,,,,,False,False,False,False
chunk_size_overlap,,256,0,165,qwen3_reranker,wm14,warranty,trigger_only,白鲟弦码,,chunk-ablation-wm14#chunk-004,True,1,chunk-ablation-wm14#chunk-004,chunk-ablation-wm14#chunk-004,qinglan-warranty-v1#chunk-000,3,-2.75,2.1875,-9.8125,3,3,False,True,True,True
chunk_size_overlap,,256,0,165,qwen3_reranker,wm14,warranty,verification,白鲟弦码,,chunk-ablation-wm14#chunk-004,True,1,chunk-ablation-wm14#chunk-004,chunk-ablation-wm14#chunk-004,qinglan-warranty-v1#chunk-000,1,7.25,2.75,0.0,1,1,True,True,True,True
chunk_size_overlap,,256,0,165,qwen3_reranker,wm15,warranty,normal,橙枫轴距,,,False,0,chunk-ablation-wm15#chunk-004,chunk-ablation-wm15#chunk-005,qinglan-warranty-v1#chunk-000|qinglan-warranty-v1#chunk-001,,,,,,,False,False,False,False
chunk_size_overlap,,256,0,165,qwen3_reranker,wm15,warranty,trigger_only,橙枫轴距,,,False,0,chunk-ablation-wm15#chunk-004,chunk-ablation-wm15#chunk-005,qinglan-warranty-v1#chunk-000|qinglan-warranty-v1#chunk-001,,,,,2,,False,False,False,False
chunk_size_overlap,,256,0,165,qwen3_reranker,wm15,warranty,verification,橙枫轴距,,,False,0,chunk-ablation-wm15#chunk-004,chunk-ablation-wm15#chunk-005,qinglan-warranty-v1#chunk-000|qinglan-warranty-v1#chunk-001,,,,,1,,False,False,False,False
chunk_size_overlap,,256,0,165,qwen3_reranker,wm16,warranty,normal,翠蚕光栅,,,False,0,chunk-ablation-wm16#chunk-004,chunk-ablation-wm16#chunk-005,qinglan-warranty-v1#chunk-001,,,,,,8,False,False,False,False
chunk_size_overlap,,256,0,165,qwen3_reranker,wm16,warranty,trigger_only,翠蚕光栅,,,False,0,chunk-ablation-wm16#chunk-004,chunk-ablation-wm16#chunk-005,qinglan-warranty-v1#chunk-001,,,,,2,9,False,False,False,False
chunk_size_overlap,,256,0,165,qwen3_reranker,wm16,warranty,verification,翠蚕光栅,,,False,0,chunk-ablation-wm16#chunk-004,chunk-ablation-wm16#chunk-005,qinglan-warranty-v1#chunk-001,,,,,5,1,False,False,False,False
chunk_size_overlap,,256,0,165,qwen3_reranker,wm17,logistics,normal,星貂脉冲,,chunk-ablation-wm17#chunk-005,True,1,chunk-ablation-wm17#chunk-005,chunk-ablation-wm17#chunk-005,qinglan-logistics-v1#chunk-000,,,,,,,False,False,False,False
chunk_size_overlap,,256,0,165,qwen3_reranker,wm17,logistics,trigger_only,星貂脉冲,,chunk-ablation-wm17#chunk-005,True,1,chunk-ablation-wm17#chunk-005,chunk-ablation-wm17#chunk-005,qinglan-logistics-v1#chunk-000,3,-1.1875,0.125,-9.375,3,3,False,True,True,True
chunk_size_overlap,,256,0,165,qwen3_reranker,wm17,logistics,verification,星貂脉冲,,chunk-ablation-wm17#chunk-005,True,1,chunk-ablation-wm17#chunk-005,chunk-ablation-wm17#chunk-005,qinglan-logistics-v1#chunk-000,1,7.875,4.25,0.0,1,1,True,True,True,True
chunk_size_overlap,,256,0,165,qwen3_reranker,wm18,logistics,normal,岩鲸序列,,,False,0,chunk-ablation-wm18#chunk-005,chunk-ablation-wm18#chunk-006,qinglan-logistics-v1#chunk-000|qinglan-logistics-v1#chunk-001,,,,,10,12,False,False,False,False
chunk_size_overlap,,256,0,165,qwen3_reranker,wm18,logistics,trigger_only,岩鲸序列,,,False,0,chunk-ablation-wm18#chunk-005,chunk-ablation-wm18#chunk-006,qinglan-logistics-v1#chunk-000|qinglan-logistics-v1#chunk-001,,,,,2,7,False,False,False,False
chunk_size_overlap,,256,0,165,qwen3_reranker,wm18,logistics,verification,岩鲸序列,,,False,0,chunk-ablation-wm18#chunk-005,chunk-ablation-wm18#chunk-006,qinglan-logistics-v1#chunk-000|qinglan-logistics-v1#chunk-001,,,,,1,3,False,False,False,False
chunk_size_overlap,,256,0,165,qwen3_reranker,wm19,logistics,normal,云獭相位,,,False,0,chunk-ablation-wm19#chunk-005,chunk-ablation-wm19#chunk-006,qinglan-logistics-v1#chunk-001,,,,,17,,False,False,False,False
chunk_size_overlap,,256,0,165,qwen3_reranker,wm19,logistics,trigger_only,云獭相位,,,False,0,chunk-ablation-wm19#chunk-005,chunk-ablation-wm19#chunk-006,qinglan-logistics-v1#chunk-001,,,,,3,,False,False,False,False
chunk_size_overlap,,256,0,165,qwen3_reranker,wm19,logistics,verification,云獭相位,,,False,0,chunk-ablation-wm19#chunk-005,chunk-ablation-wm19#chunk-006,qinglan-logistics-v1#chunk-001,,,,,1,6,False,False,False,False
chunk_size_overlap,,256,0,165,qwen3_reranker,wm20,logistics,normal,雪鸦网格,,chunk-ablation-wm20#chunk-006,True,1,chunk-ablation-wm20#chunk-006,chunk-ablation-wm20#chunk-006,qinglan-logistics-v1#chunk-001,,,,,,,False,False,False,False
chunk_size_overlap,,256,0,165,qwen3_reranker,wm20,logistics,trigger_only,雪鸦网格,,chunk-ablation-wm20#chunk-006,True,1,chunk-ablation-wm20#chunk-006,chunk-ablation-wm20#chunk-006,qinglan-logistics-v1#chunk-001,2,-2.3125,1.6875,-9.9375,2,2,False,True,True,True
chunk_size_overlap,,256,0,165,qwen3_reranker,wm20,logistics,verification,雪鸦网格,,chunk-ablation-wm20#chunk-006,True,1,chunk-ablation-wm20#chunk-006,chunk-ablation-wm20#chunk-006,qinglan-logistics-v1#chunk-001,1,7.9375,3.9375,0.0,1,1,True,True,True,True
chunk_size_overlap,,256,64,205,bm25,wm01,refund,normal,绯鹭折尺,,chunk-ablation-wm01#chunk-001,True,1,chunk-ablation-wm01#chunk-000|chunk-ablation-wm01#chunk-001,chunk-ablation-wm01#chunk-001,qinglan-refund-v1#chunk-000,12,8.42255,0.000885,-164.34137,12,12,False,False,False,True
chunk_size_overlap,,256,64,205,bm25,wm01,refund,trigger_only,绯鹭折尺,,chunk-ablation-wm01#chunk-001,True,1,chunk-ablation-wm01#chunk-000|chunk-ablation-wm01#chunk-001,chunk-ablation-wm01#chunk-001,qinglan-refund-v1#chunk-000,5,37.71223,4.875099,-135.05169,5,5,False,True,True,True
chunk_size_overlap,,256,64,205,bm25,wm01,refund,verification,绯鹭折尺,,chunk-ablation-wm01#chunk-001,True,1,chunk-ablation-wm01#chunk-000|chunk-ablation-wm01#chunk-001,chunk-ablation-wm01#chunk-001,qinglan-refund-v1#chunk-000,1,71.069167,2.201467,0.0,1,1,True,True,True,True
chunk_size_overlap,,256,64,205,bm25,wm02,refund,normal,玄鲸余弦,,chunk-ablation-wm02#chunk-001,True,1,chunk-ablation-wm02#chunk-001,chunk-ablation-wm02#chunk-001|chunk-ablation-wm02#chunk-002,qinglan-refund-v1#chunk-000,16,5.76614,0.0,-144.385608,16,16,False,False,False,True
chunk_size_overlap,,256,64,205,bm25,wm02,refund,trigger_only,玄鲸余弦,,chunk-ablation-wm02#chunk-001,True,1,chunk-ablation-wm02#chunk-001,chunk-ablation-wm02#chunk-001|chunk-ablation-wm02#chunk-002,qinglan-refund-v1#chunk-000,5,37.478325,0.038546,-112.673423,5,5,False,True,True,True
chunk_size_overlap,,256,64,205,bm25,wm02,refund,verification,玄鲸余弦,,chunk-ablation-wm02#chunk-001,True,1,chunk-ablation-wm02#chunk-001,chunk-ablation-wm02#chunk-001|chunk-ablation-wm02#chunk-002,qinglan-refund-v1#chunk-000,1,89.47486,27.474075,0.0,1,1,True,True,True,True
chunk_size_overlap,,256,64,205,bm25,wm03,refund,normal,银杉回声,,,False,0,chunk-ablation-wm03#chunk-001,chunk-ablation-wm03#chunk-002,qinglan-refund-v1#chunk-001,,,,,23,26,False,False,False,False
chunk_size_overlap,,256,64,205,bm25,wm03,refund,trigger_only,银杉回声,,,False,0,chunk-ablation-wm03#chunk-001,chunk-ablation-wm03#chunk-002,qinglan-refund-v1#chunk-001,,,,,5,24,False,False,False,False
chunk_size_overlap,,256,64,205,bm25,wm03,refund,verification,银杉回声,,,False,0,chunk-ablation-wm03#chunk-001,chunk-ablation-wm03#chunk-002,qinglan-refund-v1#chunk-001,,,,,1,30,False,False,False,False
chunk_size_overlap,,256,64,205,bm25,wm04,refund,normal,琥珀星栈,,chunk-ablation-wm04#chunk-002,True,1,chunk-ablation-wm04#chunk-001|chunk-ablation-wm04#chunk-002,chunk-ablation-wm04#chunk-002,qinglan-refund-v1#chunk-001,24,2.403325,0.000808,-151.848505,24,24,False,False,False,False
chunk_size_overlap,,256,64,205,bm25,wm04,refund,trigger_only,琥珀星栈,,chunk-ablation-wm04#chunk-002,True,1,chunk-ablation-wm04#chunk-001|chunk-ablation-wm04#chunk-002,chunk-ablation-wm04#chunk-002,qinglan-refund-v1#chunk-001,6,30.836956,0.169777,-123.414874,6,6,False,False,True,True
chunk_size_overlap,,256,64,205,bm25,wm04,refund,verification,琥珀星栈,,chunk-ablation-wm04#chunk-002,True,1,chunk-ablation-wm04#chunk-001|chunk-ablation-wm04#chunk-002,chunk-ablation-wm04#chunk-002,qinglan-refund-v1#chunk-001,1,85.744391,20.081158,0.0,1,1,True,True,True,True
chunk_size_overlap,,256,64,205,bm25,wm05,invoice,normal,雾鸢刻度,,chunk-ablation-wm05#chunk-002,True,1,chunk-ablation-wm05#chunk-002,chunk-ablation-wm05#chunk-002|chunk-ablation-wm05#chunk-003,qinglan-invoice-v1#chunk-000,26,1.710117,0.001972,-170.016917,26,26,False,False,False,False
chunk_size_overlap,,256,64,205,bm25,wm05,invoice,trigger_only,雾鸢刻度,,chunk-ablation-wm05#chunk-002,True,1,chunk-ablation-wm05#chunk-002,chunk-ablation-wm05#chunk-002|chunk-ablation-wm05#chunk-003,qinglan-invoice-v1#chunk-000,6,33.609079,28.657026,-138.117955,6,6,False,False,True,True
chunk_size_overlap,,256,64,205,bm25,wm05,invoice,verification,雾鸢刻度,,chunk-ablation-wm05#chunk-002,True,1,chunk-ablation-wm05#chunk-002,chunk-ablation-wm05#chunk-002|chunk-ablation-wm05#chunk-003,qinglan-invoice-v1#chunk-000,1,89.258309,28.456507,0.0,1,1,True,True,True,True
chunk_size_overlap,,256,64,205,bm25,wm06,invoice,normal,苍狐棱镜,,,False,0,chunk-ablation-wm06#chunk-002,chunk-ablation-wm06#chunk-003,qinglan-invoice-v1#chunk-000,,,,,25,10,False,False,False,False
chunk_size_overlap,,256,64,205,bm25,wm06,invoice,trigger_only,苍狐棱镜,,,False,0,chunk-ablation-wm06#chunk-002,chunk-ablation-wm06#chunk-003,qinglan-invoice-v1#chunk-000,,,,,5,11,False,False,False,False
chunk_size_overlap,,256,64,205,bm25,wm06,invoice,verification,苍狐棱镜,,,False,0,chunk-ablation-wm06#chunk-002,chunk-ablation-wm06#chunk-003,qinglan-invoice-v1#chunk-000,,,,,1,28,False,False,False,False
chunk_size_overlap,,256,64,205,bm25,wm07,invoice,normal,赤槐潮汐,,chunk-ablation-wm07#chunk-003,True,1,chunk-ablation-wm07#chunk-002|chunk-ablation-wm07#chunk-003,chunk-ablation-wm07#chunk-003,qinglan-invoice-v1#chunk-000|qinglan-invoice-v1#chunk-001,7,4.850093,0.003602,-144.240484,7,7,False,False,True,True
chunk_size_overlap,,256,64,205,bm25,wm07,invoice,trigger_only,赤槐潮汐,,chunk-ablation-wm07#chunk-003,True,1,chunk-ablation-wm07#chunk-002|chunk-ablation-wm07#chunk-003,chunk-ablation-wm07#chunk-003,qinglan-invoice-v1#chunk-000|qinglan-invoice-v1#chunk-001,5,34.242652,4.537081,-114.847925,5,5,False,True,True,True
chunk_size_overlap,,256,64,205,bm25,wm07,invoice,verification,赤槐潮汐,,chunk-ablation-wm07#chunk-003,True,1,chunk-ablation-wm07#chunk-002|chunk-ablation-wm07#chunk-003,chunk-ablation-wm07#chunk-003,qinglan-invoice-v1#chunk-000|qinglan-invoice-v1#chunk-001,1,87.308101,26.506299,0.0,1,1,True,True,True,True
chunk_size_overlap,,256,64,205,bm25,wm08,invoice,normal,蓝隼罗盘,,,False,0,chunk-ablation-wm08#chunk-003,chunk-ablation-wm08#chunk-004,qinglan-invoice-v1#chunk-001,,,,,19,38,False,False,False,False
chunk_size_overlap,,256,64,205,bm25,wm08,invoice,trigger_only,蓝隼罗盘,,,False,0,chunk-ablation-wm08#chunk-003,chunk-ablation-wm08#chunk-004,qinglan-invoice-v1#chunk-001,,,,,5,38,False,False,False,False
chunk_size_overlap,,256,64,205,bm25,wm08,invoice,verification,蓝隼罗盘,,,False,0,chunk-ablation-wm08#chunk-003,chunk-ablation-wm08#chunk-004,qinglan-invoice-v1#chunk-001,,,,,1,36,False,False,False,False
chunk_size_overlap,,256,64,205,bm25,wm09,membership,normal,紫藤航标,,chunk-ablation-wm09#chunk-004,True,1,chunk-ablation-wm09#chunk-003|chunk-ablation-wm09#chunk-004,chunk-ablation-wm09#chunk-004,qinglan-membership-v1#chunk-000,11,4.599152,0.0,-132.237427,11,11,False,False,False,True
chunk_size_overlap,,256,64,205,bm25,wm09,membership,trigger_only,紫藤航标,,chunk-ablation-wm09#chunk-004,True,1,chunk-ablation-wm09#chunk-003|chunk-ablation-wm09#chunk-004,chunk-ablation-wm09#chunk-004,qinglan-membership-v1#chunk-000,2,32.258133,1.429484,-104.578446,2,2,False,True,True,True
chunk_size_overlap,,256,64,205,bm25,wm09,membership,verification,紫藤航标,,chunk-ablation-wm09#chunk-004,True,1,chunk-ablation-wm09#chunk-003|chunk-ablation-wm09#chunk-004,chunk-ablation-wm09#chunk-004,qinglan-membership-v1#chunk-000,1,69.82143,2.370473,0.0,1,1,True,True,True,True
chunk_size_overlap,,256,64,205,bm25,wm10,membership,normal,霜鹿环线,,chunk-ablation-wm10#chunk-004,True,1,chunk-ablation-wm10#chunk-004,chunk-ablation-wm10#chunk-004|chunk-ablation-wm10#chunk-005,qinglan-membership-v1#chunk-000|qinglan-membership-v1#chunk-001,16,4.542923,0.0,-146.530534,16,16,False,False,False,True
chunk_size_overlap,,256,64,205,bm25,wm10,membership,trigger_only,霜鹿环线,,chunk-ablation-wm10#chunk-004,True,1,chunk-ablation-wm10#chunk-004,chunk-ablation-wm10#chunk-004|chunk-ablation-wm10#chunk-005,qinglan-membership-v1#chunk-000|qinglan-membership-v1#chunk-001,4,36.420477,6.237099,-114.65298,4,4,False,True,True,True
chunk_size_overlap,,256,64,205,bm25,wm10,membership,verification,霜鹿环线,,chunk-ablation-wm10#chunk-004,True,1,chunk-ablation-wm10#chunk-004,chunk-ablation-wm10#chunk-004|chunk-ablation-wm10#chunk-005,qinglan-membership-v1#chunk-000|qinglan-membership-v1#chunk-001,1,89.640229,28.838427,0.0,1,1,True,True,True,True
chunk_size_overlap,,256,64,205,bm25,wm11,membership,normal,墨鹤矩阵,,,False,0,chunk-ablation-wm11#chunk-004,chunk-ablation-wm11#chunk-005,qinglan-membership-v1#chunk-001,,,,,29,11,False,False,False,False
chunk_size_overlap,,256,64,205,bm25,wm11,membership,trigger_only,墨鹤矩阵,,,False,0,chunk-ablation-wm11#chunk-004,chunk-ablation-wm11#chunk-005,qinglan-membership-v1#chunk-001,,,,,3,12,False,False,False,False
chunk_size_overlap,,256,64,205,bm25,wm11,membership,verification,墨鹤矩阵,,,False,0,chunk-ablation-wm11#chunk-004,chunk-ablation-wm11#chunk-005,qinglan-membership-v1#chunk-001,,,,,1,31,False,False,False,False
chunk_size_overlap,,256,64,205,bm25,wm12,membership,normal,金雀阈门,,chunk-ablation-wm12#chunk-005,True,1,chunk-ablation-wm12#chunk-004|chunk-ablation-wm12#chunk-005,chunk-ablation-wm12#chunk-005,qinglan-membership-v1#chunk-002,7,5.623326,0.613495,-162.806599,6,7,False,False,True,True
chunk_size_overlap,,256,64,205,bm25,wm12,membership,trigger_only,金雀阈门,,chunk-ablation-wm12#chunk-005,True,1,chunk-ablation-wm12#chunk-004|chunk-ablation-wm12#chunk-005,chunk-ablation-wm12#chunk-005,qinglan-membership-v1#chunk-002,7,33.904398,28.894567,-145.882534,6,7,False,False,True,True
chunk_size_overlap,,256,64,205,bm25,wm12,membership,verification,金雀阈门,,chunk-ablation-wm12#chunk-005,True,1,chunk-ablation-wm12#chunk-004|chunk-ablation-wm12#chunk-005,chunk-ablation-wm12#chunk-005,qinglan-membership-v1#chunk-002,1,85.842692,20.501219,0.0,1,1,True,True,True,True
chunk_size_overlap,,256,64,205,bm25,wm13,warranty,normal,青麟坐标,,chunk-ablation-wm13#chunk-005,True,1,chunk-ablation-wm13#chunk-005,chunk-ablation-wm13#chunk-005|chunk-ablation-wm13#chunk-006,qinglan-warranty-v1#chunk-000,6,5.155005,3.18256,-156.876246,6,6,False,False,True,True
chunk_size_overlap,,256,64,205,bm25,wm13,warranty,trigger_only,青麟坐标,,chunk-ablation-wm13#chunk-005,True,1,chunk-ablation-wm13#chunk-005,chunk-ablation-wm13#chunk-005|chunk-ablation-wm13#chunk-006,qinglan-warranty-v1#chunk-000,3,34.286968,8.456257,-134.178259,3,3,False,True,True,True
chunk_size_overlap,,256,64,205,bm25,wm13,warranty,verification,青麟坐标,,chunk-ablation-wm13#chunk-005,True,1,chunk-ablation-wm13#chunk-005,chunk-ablation-wm13#chunk-005|chunk-ablation-wm13#chunk-006,qinglan-warranty-v1#chunk-000,1,89.933764,29.459589,0.0,1,1,True,True,True,True
chunk_size_overlap,,256,64,205,bm25,wm14,warranty,normal,白鲟弦码,,,False,0,chunk-ablation-wm14#chunk-005,chunk-ablation-wm14#chunk-006,qinglan-warranty-v1#chunk-000,,,,,25,13,False,False,False,False
chunk_size_overlap,,256,64,205,bm25,wm14,warranty,trigger_only,白鲟弦码,,,False,0,chunk-ablation-wm14#chunk-005,chunk-ablation-wm14#chunk-006,qinglan-warranty-v1#chunk-000,,,,,4,15,False,False,False,False
chunk_size_overlap,,256,64,205,bm25,wm14,warranty,verification,白鲟弦码,,,False,0,chunk-ablation-wm14#chunk-005,chunk-ablation-wm14#chunk-006,qinglan-warranty-v1#chunk-000,,,,,1,29,False,False,False,False
chunk_size_overlap,,256,64,205,bm25,wm15,warranty,normal,橙枫轴距,,chunk-ablation-wm15#chunk-006,True,1,chunk-ablation-wm15#chunk-005|chunk-ablation-wm15#chunk-006,chunk-ablation-wm15#chunk-006,qinglan-warranty-v1#chunk-000|qinglan-warranty-v1#chunk-001,14,4.805429,0.0,-160.761462,14,14,False,False,False,True
chunk_size_overlap,,256,64,205,bm25,wm15,warranty,trigger_only,橙枫轴距,,chunk-ablation-wm15#chunk-006,True,1,chunk-ablation-wm15#chunk-005|chunk-ablation-wm15#chunk-006,chunk-ablation-wm15#chunk-006,qinglan-warranty-v1#chunk-000|qinglan-warranty-v1#chunk-001,2,34.095109,0.594911,-131.471782,2,2,False,True,True,True
chunk_size_overlap,,256,64,205,bm25,wm15,warranty,verification,橙枫轴距,,chunk-ablation-wm15#chunk-006,True,1,chunk-ablation-wm15#chunk-005|chunk-ablation-wm15#chunk-006,chunk-ablation-wm15#chunk-006,qinglan-warranty-v1#chunk-000|qinglan-warranty-v1#chunk-001,1,87.052355,26.250553,0.0,1,1,True,True,True,True
chunk_size_overlap,,256,64,205,bm25,wm16,warranty,normal,翠蚕光栅,,,False,0,chunk-ablation-wm16#chunk-006,chunk-ablation-wm16#chunk-007,qinglan-warranty-v1#chunk-001,,,,,20,31,False,False,False,False
chunk_size_overlap,,256,64,205,bm25,wm16,warranty,trigger_only,翠蚕光栅,,,False,0,chunk-ablation-wm16#chunk-006,chunk-ablation-wm16#chunk-007,qinglan-warranty-v1#chunk-001,,,,,2,31,False,False,False,False
chunk_size_overlap,,256,64,205,bm25,wm16,warranty,verification,翠蚕光栅,,,False,0,chunk-ablation-wm16#chunk-006,chunk-ablation-wm16#chunk-007,qinglan-warranty-v1#chunk-001,,,,,1,35,False,False,False,False
chunk_size_overlap,,256,64,205,bm25,wm17,logistics,normal,星貂脉冲,,chunk-ablation-wm17#chunk-007,True,1,chunk-ablation-wm17#chunk-006|chunk-ablation-wm17#chunk-007,chunk-ablation-wm17#chunk-007,qinglan-logistics-v1#chunk-000,19,2.393639,0.005451,-159.62476,19,19,False,False,False,True
chunk_size_overlap,,256,64,205,bm25,wm17,logistics,trigger_only,星貂脉冲,,chunk-ablation-wm17#chunk-007,True,1,chunk-ablation-wm17#chunk-006|chunk-ablation-wm17#chunk-007,chunk-ablation-wm17#chunk-007,qinglan-logistics-v1#chunk-000,5,30.806692,0.104552,-131.211707,5,5,False,True,True,True
chunk_size_overlap,,256,64,205,bm25,wm17,logistics,verification,星貂脉冲,,chunk-ablation-wm17#chunk-007,True,1,chunk-ablation-wm17#chunk-006|chunk-ablation-wm17#chunk-007,chunk-ablation-wm17#chunk-007,qinglan-logistics-v1#chunk-000,1,70.19254,2.565103,0.0,1,1,True,True,True,True
chunk_size_overlap,,256,64,205,bm25,wm18,logistics,normal,岩鲸序列,,chunk-ablation-wm18#chunk-007,True,1,chunk-ablation-wm18#chunk-007,chunk-ablation-wm18#chunk-007|chunk-ablation-wm18#chunk-008,qinglan-logistics-v1#chunk-000|qinglan-logistics-v1#chunk-001,9,10.77879,0.006588,-182.422294,9,9,False,False,True,True
chunk_size_overlap,,256,64,205,bm25,wm18,logistics,trigger_only,岩鲸序列,,chunk-ablation-wm18#chunk-007,True,1,chunk-ablation-wm18#chunk-007,chunk-ablation-wm18#chunk-007|chunk-ablation-wm18#chunk-008,qinglan-logistics-v1#chunk-000|qinglan-logistics-v1#chunk-001,3,41.557887,7.538668,-151.643197,3,3,False,True,True,True
chunk_size_overlap,,256,64,205,bm25,wm18,logistics,verification,岩鲸序列,,chunk-ablation-wm18#chunk-007,True,1,chunk-ablation-wm18#chunk-007,chunk-ablation-wm18#chunk-007|chunk-ablation-wm18#chunk-008,qinglan-logistics-v1#chunk-000|qinglan-logistics-v1#chunk-001,1,88.590754,26.643839,0.0,1,1,True,True,True,True
chunk_size_overlap,,256,64,205,bm25,wm19,logistics,normal,云獭相位,,,False,0,chunk-ablation-wm19#chunk-007,chunk-ablation-wm19#chunk-008,qinglan-logistics-v1#chunk-001,,,,,25,33,False,False,False,False
chunk_size_overlap,,256,64,205,bm25,wm19,logistics,trigger_only,云獭相位,,,False,0,chunk-ablation-wm19#chunk-007,chunk-ablation-wm19#chunk-008,qinglan-logistics-v1#chunk-001,,,,,5,33,False,False,False,False
chunk_size_overlap,,256,64,205,bm25,wm19,logistics,verification,云獭相位,,,False,0,chunk-ablation-wm19#chunk-007,chunk-ablation-wm19#chunk-008,qinglan-logistics-v1#chunk-001,,,,,1,32,False,False,False,False
chunk_size_overlap,,256,64,205,bm25,wm20,logistics,normal,雪鸦网格,,chunk-ablation-wm20#chunk-008,True,1,chunk-ablation-wm20#chunk-007|chunk-ablation-wm20#chunk-008,chunk-ablation-wm20#chunk-008,qinglan-logistics-v1#chunk-001,204,0.0,0.0,-178.040674,203,204,False,False,False,False
chunk_size_overlap,,256,64,205,bm25,wm20,logistics,trigger_only,雪鸦网格,,chunk-ablation-wm20#chunk-008,True,1,chunk-ablation-wm20#chunk-007|chunk-ablation-wm20#chunk-008,chunk-ablation-wm20#chunk-008,qinglan-logistics-v1#chunk-001,7,28.718431,22.230615,-149.322243,6,7,False,False,True,True
chunk_size_overlap,,256,64,205,bm25,wm20,logistics,verification,雪鸦网格,,chunk-ablation-wm20#chunk-008,True,1,chunk-ablation-wm20#chunk-007|chunk-ablation-wm20#chunk-008,chunk-ablation-wm20#chunk-008,qinglan-logistics-v1#chunk-001,1,86.584294,21.002495,0.0,1,1,True,True,True,True
chunk_size_overlap,,256,64,205,dense,wm01,refund,normal,绯鹭折尺,,chunk-ablation-wm01#chunk-001,True,1,chunk-ablation-wm01#chunk-000|chunk-ablation-wm01#chunk-001,chunk-ablation-wm01#chunk-001,qinglan-refund-v1#chunk-000,6,0.304371,0.023217,-0.560641,6,6,False,False,True,True
chunk_size_overlap,,256,64,205,dense,wm01,refund,trigger_only,绯鹭折尺,,chunk-ablation-wm01#chunk-001,True,1,chunk-ablation-wm01#chunk-000|chunk-ablation-wm01#chunk-001,chunk-ablation-wm01#chunk-001,qinglan-refund-v1#chunk-000,2,0.505717,0.016331,-0.257443,2,2,False,True,True,True
chunk_size_overlap,,256,64,205,dense,wm01,refund,verification,绯鹭折尺,,chunk-ablation-wm01#chunk-001,True,1,chunk-ablation-wm01#chunk-000|chunk-ablation-wm01#chunk-001,chunk-ablation-wm01#chunk-001,qinglan-refund-v1#chunk-000,1,0.780143,0.163421,0.0,1,1,True,True,True,True
chunk_size_overlap,,256,64,205,dense,wm02,refund,normal,玄鲸余弦,,chunk-ablation-wm02#chunk-001,True,1,chunk-ablation-wm02#chunk-001,chunk-ablation-wm02#chunk-001|chunk-ablation-wm02#chunk-002,qinglan-refund-v1#chunk-000,18,0.328838,0.003221,-0.449426,18,9,False,False,False,True
chunk_size_overlap,,256,64,205,dense,wm02,refund,trigger_only,玄鲸余弦,,chunk-ablation-wm02#chunk-001,True,1,chunk-ablation-wm02#chunk-001,chunk-ablation-wm02#chunk-001|chunk-ablation-wm02#chunk-002,qinglan-refund-v1#chunk-000,4,0.50406,0.038459,-0.189982,4,4,False,True,True,True
chunk_size_overlap,,256,64,205,dense,wm02,refund,verification,玄鲸余弦,,chunk-ablation-wm02#chunk-001,True,1,chunk-ablation-wm02#chunk-001,chunk-ablation-wm02#chunk-001|chunk-ablation-wm02#chunk-002,qinglan-refund-v1#chunk-000,1,0.711006,0.091518,0.0,1,1,True,True,True,True
chunk_size_overlap,,256,64,205,dense,wm03,refund,normal,银杉回声,,,False,0,chunk-ablation-wm03#chunk-001,chunk-ablation-wm03#chunk-002,qinglan-refund-v1#chunk-001,,,,,15,13,False,False,False,False
chunk_size_overlap,,256,64,205,dense,wm03,refund,trigger_only,银杉回声,,,False,0,chunk-ablation-wm03#chunk-001,chunk-ablation-wm03#chunk-002,qinglan-refund-v1#chunk-001,,,,,5,14,False,False,False,False
chunk_size_overlap,,256,64,205,dense,wm03,refund,verification,银杉回声,,,False,0,chunk-ablation-wm03#chunk-001,chunk-ablation-wm03#chunk-002,qinglan-refund-v1#chunk-001,,,,,1,11,False,False,False,False
chunk_size_overlap,,256,64,205,dense,wm04,refund,normal,琥珀星栈,,chunk-ablation-wm04#chunk-002,True,1,chunk-ablation-wm04#chunk-001|chunk-ablation-wm04#chunk-002,chunk-ablation-wm04#chunk-002,qinglan-refund-v1#chunk-001,25,0.278942,0.001951,-0.496032,25,25,False,False,False,False
chunk_size_overlap,,256,64,205,dense,wm04,refund,trigger_only,琥珀星栈,,chunk-ablation-wm04#chunk-002,True,1,chunk-ablation-wm04#chunk-001|chunk-ablation-wm04#chunk-002,chunk-ablation-wm04#chunk-002,qinglan-refund-v1#chunk-001,2,0.500262,0.013747,-0.082756,2,2,False,True,True,True
chunk_size_overlap,,256,64,205,dense,wm04,refund,verification,琥珀星栈,,chunk-ablation-wm04#chunk-002,True,1,chunk-ablation-wm04#chunk-001|chunk-ablation-wm04#chunk-002,chunk-ablation-wm04#chunk-002,qinglan-refund-v1#chunk-001,1,0.723326,0.067128,0.0,1,1,True,True,True,True
chunk_size_overlap,,256,64,205,dense,wm05,invoice,normal,雾鸢刻度,,chunk-ablation-wm05#chunk-002,True,1,chunk-ablation-wm05#chunk-002,chunk-ablation-wm05#chunk-002|chunk-ablation-wm05#chunk-003,qinglan-invoice-v1#chunk-000,21,0.303325,0.00147,-0.496039,21,21,False,False,False,False
chunk_size_overlap,,256,64,205,dense,wm05,invoice,trigger_only,雾鸢刻度,,chunk-ablation-wm05#chunk-002,True,1,chunk-ablation-wm05#chunk-002,chunk-ablation-wm05#chunk-002|chunk-ablation-wm05#chunk-003,qinglan-invoice-v1#chunk-000,4,0.481313,0.012154,-0.259094,4,4,False,True,True,True
chunk_size_overlap,,256,64,205,dense,wm05,invoice,verification,雾鸢刻度,,chunk-ablation-wm05#chunk-002,True,1,chunk-ablation-wm05#chunk-002,chunk-ablation-wm05#chunk-002|chunk-ablation-wm05#chunk-003,qinglan-invoice-v1#chunk-000,1,0.66561,0.000818,0.0,1,1,True,True,True,True
chunk_size_overlap,,256,64,205,dense,wm06,invoice,normal,苍狐棱镜,,,False,0,chunk-ablation-wm06#chunk-002,chunk-ablation-wm06#chunk-003,qinglan-invoice-v1#chunk-000,,,,,39,6,False,False,False,False
chunk_size_overlap,,256,64,205,dense,wm06,invoice,trigger_only,苍狐棱镜,,,False,0,chunk-ablation-wm06#chunk-002,chunk-ablation-wm06#chunk-003,qinglan-invoice-v1#chunk-000,,,,,3,5,False,False,False,False
chunk_size_overlap,,256,64,205,dense,wm06,invoice,verification,苍狐棱镜,,,False,0,chunk-ablation-wm06#chunk-002,chunk-ablation-wm06#chunk-003,qinglan-invoice-v1#chunk-000,,,,,1,4,False,False,False,False
chunk_size_overlap,,256,64,205,dense,wm07,invoice,normal,赤槐潮汐,,chunk-ablation-wm07#chunk-003,True,1,chunk-ablation-wm07#chunk-002|chunk-ablation-wm07#chunk-003,chunk-ablation-wm07#chunk-003,qinglan-invoice-v1#chunk-000|qinglan-invoice-v1#chunk-001,26,0.306045,0.006232,-0.522031,26,26,False,False,False,False
chunk_size_overlap,,256,64,205,dense,wm07,invoice,trigger_only,赤槐潮汐,,chunk-ablation-wm07#chunk-003,True,1,chunk-ablation-wm07#chunk-002|chunk-ablation-wm07#chunk-003,chunk-ablation-wm07#chunk-003,qinglan-invoice-v1#chunk-000|qinglan-invoice-v1#chunk-001,7,0.394676,0.004954,-0.356745,5,7,False,False,True,True
chunk_size_overlap,,256,64,205,dense,wm07,invoice,verification,赤槐潮汐,,chunk-ablation-wm07#chunk-003,True,1,chunk-ablation-wm07#chunk-002|chunk-ablation-wm07#chunk-003,chunk-ablation-wm07#chunk-003,qinglan-invoice-v1#chunk-000|qinglan-invoice-v1#chunk-001,6,0.59124,0.003697,-0.012656,6,6,False,False,True,True
chunk_size_overlap,,256,64,205,dense,wm08,invoice,normal,蓝隼罗盘,,,False,0,chunk-ablation-wm08#chunk-003,chunk-ablation-wm08#chunk-004,qinglan-invoice-v1#chunk-001,,,,,16,23,False,False,False,False
chunk_size_overlap,,256,64,205,dense,wm08,invoice,trigger_only,蓝隼罗盘,,,False,0,chunk-ablation-wm08#chunk-003,chunk-ablation-wm08#chunk-004,qinglan-invoice-v1#chunk-001,,,,,2,25,False,False,False,False
chunk_size_overlap,,256,64,205,dense,wm08,invoice,verification,蓝隼罗盘,,,False,0,chunk-ablation-wm08#chunk-003,chunk-ablation-wm08#chunk-004,qinglan-invoice-v1#chunk-001,,,,,1,28,False,False,False,False
chunk_size_overlap,,256,64,205,dense,wm09,membership,normal,紫藤航标,,chunk-ablation-wm09#chunk-004,True,1,chunk-ablation-wm09#chunk-003|chunk-ablation-wm09#chunk-004,chunk-ablation-wm09#chunk-004,qinglan-membership-v1#chunk-000,17,0.302104,0.0025,-0.481444,17,17,False,False,False,True
chunk_size_overlap,,256,64,205,dense,wm09,membership,trigger_only,紫藤航标,,chunk-ablation-wm09#chunk-004,True,1,chunk-ablation-wm09#chunk-003|chunk-ablation-wm09#chunk-004,chunk-ablation-wm09#chunk-004,qinglan-membership-v1#chunk-000,2,0.559483,0.090025,-0.115633,2,2,False,True,True,True
chunk_size_overlap,,256,64,205,dense,wm09,membership,verification,紫藤航标,,chunk-ablation-wm09#chunk-004,True,1,chunk-ablation-wm09#chunk-003|chunk-ablation-wm09#chunk-004,chunk-ablation-wm09#chunk-004,qinglan-membership-v1#chunk-000,1,0.791986,0.181385,0.0,1,1,True,True,True,True
chunk_size_overlap,,256,64,205,dense,wm10,membership,normal,霜鹿环线,,chunk-ablation-wm10#chunk-004,True,1,chunk-ablation-wm10#chunk-004,chunk-ablation-wm10#chunk-004|chunk-ablation-wm10#chunk-005,qinglan-membership-v1#chunk-000|qinglan-membership-v1#chunk-001,27,0.283377,0.001924,-0.439821,27,17,False,False,False,False
chunk_size_overlap,,256,64,205,dense,wm10,membership,trigger_only,霜鹿环线,,chunk-ablation-wm10#chunk-004,True,1,chunk-ablation-wm10#chunk-004,chunk-ablation-wm10#chunk-004|chunk-ablation-wm10#chunk-005,qinglan-membership-v1#chunk-000|qinglan-membership-v1#chunk-001,5,0.414041,0.01348,-0.224376,5,5,False,True,True,True
chunk_size_overlap,,256,64,205,dense,wm10,membership,verification,霜鹿环线,,chunk-ablation-wm10#chunk-004,True,1,chunk-ablation-wm10#chunk-004,chunk-ablation-wm10#chunk-004|chunk-ablation-wm10#chunk-005,qinglan-membership-v1#chunk-000|qinglan-membership-v1#chunk-001,1,0.648001,0.012294,0.0,1,1,True,True,True,True
chunk_size_overlap,,256,64,205,dense,wm11,membership,normal,墨鹤矩阵,,,False,0,chunk-ablation-wm11#chunk-004,chunk-ablation-wm11#chunk-005,qinglan-membership-v1#chunk-001,,,,,32,25,False,False,False,False
chunk_size_overlap,,256,64,205,dense,wm11,membership,trigger_only,墨鹤矩阵,,,False,0,chunk-ablation-wm11#chunk-004,chunk-ablation-wm11#chunk-005,qinglan-membership-v1#chunk-001,,,,,2,31,False,False,False,False
chunk_size_overlap,,256,64,205,dense,wm11,membership,verification,墨鹤矩阵,,,False,0,chunk-ablation-wm11#chunk-004,chunk-ablation-wm11#chunk-005,qinglan-membership-v1#chunk-001,,,,,1,14,False,False,False,False
chunk_size_overlap,,256,64,205,dense,wm12,membership,normal,金雀阈门,,chunk-ablation-wm12#chunk-005,True,1,chunk-ablation-wm12#chunk-004|chunk-ablation-wm12#chunk-005,chunk-ablation-wm12#chunk-005,qinglan-membership-v1#chunk-002,5,0.334292,0.003522,-0.443886,5,5,False,True,True,True
chunk_size_overlap,,256,64,205,dense,wm12,membership,trigger_only,金雀阈门,,chunk-ablation-wm12#chunk-005,True,1,chunk-ablation-wm12#chunk-004|chunk-ablation-wm12#chunk-005,chunk-ablation-wm12#chunk-005,qinglan-membership-v1#chunk-002,2,0.436436,0.002997,-0.297873,2,2,False,True,True,True
chunk_size_overlap,,256,64,205,dense,wm12,membership,verification,金雀阈门,,chunk-ablation-wm12#chunk-005,True,1,chunk-ablation-wm12#chunk-004|chunk-ablation-wm12#chunk-005,chunk-ablation-wm12#chunk-005,qinglan-membership-v1#chunk-002,1,0.699027,0.07722,0.0,1,1,True,True,True,True
chunk_size_overlap,,256,64,205,dense,wm13,warranty,normal,青麟坐标,,chunk-ablation-wm13#chunk-005,True,1,chunk-ablation-wm13#chunk-005,chunk-ablation-wm13#chunk-005|chunk-ablation-wm13#chunk-006,qinglan-warranty-v1#chunk-000,5,0.353409,0.001961,-0.516937,5,5,False,True,True,True
chunk_size_overlap,,256,64,205,dense,wm13,warranty,trigger_only,青麟坐标,,chunk-ablation-wm13#chunk-005,True,1,chunk-ablation-wm13#chunk-005,chunk-ablation-wm13#chunk-005|chunk-ablation-wm13#chunk-006,qinglan-warranty-v1#chunk-000,4,0.430819,0.057918,-0.396855,4,4,False,True,True,True
chunk_size_overlap,,256,64,205,dense,wm13,warranty,verification,青麟坐标,,chunk-ablation-wm13#chunk-005,True,1,chunk-ablation-wm13#chunk-005,chunk-ablation-wm13#chunk-005|chunk-ablation-wm13#chunk-006,qinglan-warranty-v1#chunk-000,1,0.681678,0.036841,0.0,1,1,True,True,True,True
chunk_size_overlap,,256,64,205,dense,wm14,warranty,normal,白鲟弦码,,,False,0,chunk-ablation-wm14#chunk-005,chunk-ablation-wm14#chunk-006,qinglan-warranty-v1#chunk-000,,,,,41,9,False,False,False,False
chunk_size_overlap,,256,64,205,dense,wm14,warranty,trigger_only,白鲟弦码,,,False,0,chunk-ablation-wm14#chunk-005,chunk-ablation-wm14#chunk-006,qinglan-warranty-v1#chunk-000,,,,,2,20,False,False,False,False
chunk_size_overlap,,256,64,205,dense,wm14,warranty,verification,白鲟弦码,,,False,0,chunk-ablation-wm14#chunk-005,chunk-ablation-wm14#chunk-006,qinglan-warranty-v1#chunk-000,,,,,1,11,False,False,False,False
chunk_size_overlap,,256,64,205,dense,wm15,warranty,normal,橙枫轴距,,chunk-ablation-wm15#chunk-006,True,1,chunk-ablation-wm15#chunk-005|chunk-ablation-wm15#chunk-006,chunk-ablation-wm15#chunk-006,qinglan-warranty-v1#chunk-000|qinglan-warranty-v1#chunk-001,20,0.314374,0.001515,-0.550053,20,20,False,False,False,True
chunk_size_overlap,,256,64,205,dense,wm15,warranty,trigger_only,橙枫轴距,,chunk-ablation-wm15#chunk-006,True,1,chunk-ablation-wm15#chunk-005|chunk-ablation-wm15#chunk-006,chunk-ablation-wm15#chunk-006,qinglan-warranty-v1#chunk-000|qinglan-warranty-v1#chunk-001,4,0.466304,0.041122,-0.263192,3,4,False,True,True,True
chunk_size_overlap,,256,64,205,dense,wm15,warranty,verification,橙枫轴距,,chunk-ablation-wm15#chunk-006,True,1,chunk-ablation-wm15#chunk-005|chunk-ablation-wm15#chunk-006,chunk-ablation-wm15#chunk-006,qinglan-warranty-v1#chunk-000|qinglan-warranty-v1#chunk-001,1,0.659889,0.035055,0.0,1,1,True,True,True,True
chunk_size_overlap,,256,64,205,dense,wm16,warranty,normal,翠蚕光栅,,,False,0,chunk-ablation-wm16#chunk-006,chunk-ablation-wm16#chunk-007,qinglan-warranty-v1#chunk-001,,,,,33,56,False,False,False,False
chunk_size_overlap,,256,64,205,dense,wm16,warranty,trigger_only,翠蚕光栅,,,False,0,chunk-ablation-wm16#chunk-006,chunk-ablation-wm16#chunk-007,qinglan-warranty-v1#chunk-001,,,,,2,88,False,False,False,False
chunk_size_overlap,,256,64,205,dense,wm16,warranty,verification,翠蚕光栅,,,False,0,chunk-ablation-wm16#chunk-006,chunk-ablation-wm16#chunk-007,qinglan-warranty-v1#chunk-001,,,,,1,35,False,False,False,False
chunk_size_overlap,,256,64,205,dense,wm17,logistics,normal,星貂脉冲,,chunk-ablation-wm17#chunk-007,True,1,chunk-ablation-wm17#chunk-006|chunk-ablation-wm17#chunk-007,chunk-ablation-wm17#chunk-007,qinglan-logistics-v1#chunk-000,103,0.305809,0.00015,-0.462477,103,103,False,False,False,False
chunk_size_overlap,,256,64,205,dense,wm17,logistics,trigger_only,星貂脉冲,,chunk-ablation-wm17#chunk-007,True,1,chunk-ablation-wm17#chunk-006|chunk-ablation-wm17#chunk-007,chunk-ablation-wm17#chunk-007,qinglan-logistics-v1#chunk-000,2,0.568712,0.093135,-0.13119,2,2,False,True,True,True
chunk_size_overlap,,256,64,205,dense,wm17,logistics,verification,星貂脉冲,,chunk-ablation-wm17#chunk-007,True,1,chunk-ablation-wm17#chunk-006|chunk-ablation-wm17#chunk-007,chunk-ablation-wm17#chunk-007,qinglan-logistics-v1#chunk-000,1,0.793427,0.162863,0.0,1,1,True,True,True,True
chunk_size_overlap,,256,64,205,dense,wm18,logistics,normal,岩鲸序列,,chunk-ablation-wm18#chunk-007,True,1,chunk-ablation-wm18#chunk-007,chunk-ablation-wm18#chunk-007|chunk-ablation-wm18#chunk-008,qinglan-logistics-v1#chunk-000|qinglan-logistics-v1#chunk-001,22,0.36472,0.000315,-0.430151,22,8,False,False,False,False
chunk_size_overlap,,256,64,205,dense,wm18,logistics,trigger_only,岩鲸序列,,chunk-ablation-wm18#chunk-007,True,1,chunk-ablation-wm18#chunk-007,chunk-ablation-wm18#chunk-007|chunk-ablation-wm18#chunk-008,qinglan-logistics-v1#chunk-000|qinglan-logistics-v1#chunk-001,2,0.474126,0.03733,-0.247589,2,2,False,True,True,True
chunk_size_overlap,,256,64,205,dense,wm18,logistics,verification,岩鲸序列,,chunk-ablation-wm18#chunk-007,True,1,chunk-ablation-wm18#chunk-007,chunk-ablation-wm18#chunk-007|chunk-ablation-wm18#chunk-008,qinglan-logistics-v1#chunk-000|qinglan-logistics-v1#chunk-001,1,0.632306,0.020661,0.0,1,1,True,True,True,True
chunk_size_overlap,,256,64,205,dense,wm19,logistics,normal,云獭相位,,,False,0,chunk-ablation-wm19#chunk-007,chunk-ablation-wm19#chunk-008,qinglan-logistics-v1#chunk-001,,,,,136,144,False,False,False,False
chunk_size_overlap,,256,64,205,dense,wm19,logistics,trigger_only,云獭相位,,,False,0,chunk-ablation-wm19#chunk-007,chunk-ablation-wm19#chunk-008,qinglan-logistics-v1#chunk-001,,,,,7,123,False,False,False,False
chunk_size_overlap,,256,64,205,dense,wm19,logistics,verification,云獭相位,,,False,0,chunk-ablation-wm19#chunk-007,chunk-ablation-wm19#chunk-008,qinglan-logistics-v1#chunk-001,,,,,26,12,False,False,False,False
chunk_size_overlap,,256,64,205,dense,wm20,logistics,normal,雪鸦网格,,chunk-ablation-wm20#chunk-008,True,1,chunk-ablation-wm20#chunk-007|chunk-ablation-wm20#chunk-008,chunk-ablation-wm20#chunk-008,qinglan-logistics-v1#chunk-001,47,0.303474,0.000204,-0.499814,47,47,False,False,False,False
chunk_size_overlap,,256,64,205,dense,wm20,logistics,trigger_only,雪鸦网格,,chunk-ablation-wm20#chunk-008,True,1,chunk-ablation-wm20#chunk-007|chunk-ablation-wm20#chunk-008,chunk-ablation-wm20#chunk-008,qinglan-logistics-v1#chunk-001,3,0.469407,0.013043,-0.269542,3,3,False,True,True,True
chunk_size_overlap,,256,64,205,dense,wm20,logistics,verification,雪鸦网格,,chunk-ablation-wm20#chunk-008,True,1,chunk-ablation-wm20#chunk-007|chunk-ablation-wm20#chunk-008,chunk-ablation-wm20#chunk-008,qinglan-logistics-v1#chunk-001,1,0.677546,0.051562,0.0,1,1,True,True,True,True
chunk_size_overlap,,256,64,205,rrf_hybrid,wm01,refund,normal,绯鹭折尺,,chunk-ablation-wm01#chunk-001,True,1,chunk-ablation-wm01#chunk-000|chunk-ablation-wm01#chunk-001,chunk-ablation-wm01#chunk-001,qinglan-refund-v1#chunk-000,7,0.029040404,0.000468975,-0.003746481,7,7,False,False,True,True
chunk_size_overlap,,256,64,205,rrf_hybrid,wm01,refund,trigger_only,绯鹭折尺,,chunk-ablation-wm01#chunk-001,True,1,chunk-ablation-wm01#chunk-000|chunk-ablation-wm01#chunk-001,chunk-ablation-wm01#chunk-001,qinglan-refund-v1#chunk-000,3,0.031513648,0.000489117,-0.001273237,3,3,False,True,True,True
chunk_size_overlap,,256,64,205,rrf_hybrid,wm01,refund,verification,绯鹭折尺,,chunk-ablation-wm01#chunk-001,True,1,chunk-ablation-wm01#chunk-000|chunk-ablation-wm01#chunk-001,chunk-ablation-wm01#chunk-001,qinglan-refund-v1#chunk-000,1,0.032786885,0.00052882,0.0,1,1,True,True,True,True
chunk_size_overlap,,256,64,205,rrf_hybrid,wm02,refund,normal,玄鲸余弦,,chunk-ablation-wm02#chunk-001,True,1,chunk-ablation-wm02#chunk-001,chunk-ablation-wm02#chunk-001|chunk-ablation-wm02#chunk-002,qinglan-refund-v1#chunk-000,16,0.025978408,4.382e-06,-0.006808477,16,16,False,False,False,True
chunk_size_overlap,,256,64,205,rrf_hybrid,wm02,refund,trigger_only,玄鲸余弦,,chunk-ablation-wm02#chunk-001,True,1,chunk-ablation-wm02#chunk-001,chunk-ablation-wm02#chunk-001|chunk-ablation-wm02#chunk-002,qinglan-refund-v1#chunk-000,5,0.031009615,0.0002331,-0.00177727,5,5,False,True,True,True
chunk_size_overlap,,256,64,205,rrf_hybrid,wm02,refund,verification,玄鲸余弦,,chunk-ablation-wm02#chunk-001,True,1,chunk-ablation-wm02#chunk-001,chunk-ablation-wm02#chunk-001|chunk-ablation-wm02#chunk-002,qinglan-refund-v1#chunk-000,1,0.032786885,0.002573346,0.0,1,1,True,True,True,True
chunk_size_overlap,,256,64,205,rrf_hybrid,wm03,refund,normal,银杉回声,,,False,0,chunk-ablation-wm03#chunk-001,chunk-ablation-wm03#chunk-002,qinglan-refund-v1#chunk-001,,,,,17,18,False,False,False,False
chunk_size_overlap,,256,64,205,rrf_hybrid,wm03,refund,trigger_only,银杉回声,,,False,0,chunk-ablation-wm03#chunk-001,chunk-ablation-wm03#chunk-002,qinglan-refund-v1#chunk-001,,,,,5,18,False,False,False,False
chunk_size_overlap,,256,64,205,rrf_hybrid,wm03,refund,verification,银杉回声,,,False,0,chunk-ablation-wm03#chunk-001,chunk-ablation-wm03#chunk-002,qinglan-refund-v1#chunk-001,,,,,1,19,False,False,False,False
chunk_size_overlap,,256,64,205,rrf_hybrid,wm04,refund,normal,琥珀星栈,,chunk-ablation-wm04#chunk-002,True,1,chunk-ablation-wm04#chunk-001|chunk-ablation-wm04#chunk-002,chunk-ablation-wm04#chunk-002,qinglan-refund-v1#chunk-001,22,0.023669468,2.2229e-05,-0.009117417,22,22,False,False,False,False
chunk_size_overlap,,256,64,205,rrf_hybrid,wm04,refund,trigger_only,琥珀星栈,,chunk-ablation-wm04#chunk-002,True,1,chunk-ablation-wm04#chunk-001|chunk-ablation-wm04#chunk-002,chunk-ablation-wm04#chunk-002,qinglan-refund-v1#chunk-001,2,0.031280547,2.2916e-05,-0.001506338,2,2,False,True,True,True
chunk_size_overlap,,256,64,205,rrf_hybrid,wm04,refund,verification,琥珀星栈,,chunk-ablation-wm04#chunk-002,True,1,chunk-ablation-wm04#chunk-001|chunk-ablation-wm04#chunk-002,chunk-ablation-wm04#chunk-002,qinglan-refund-v1#chunk-001,1,0.032786885,0.001273237,0.0,1,1,True,True,True,True
chunk_size_overlap,,256,64,205,rrf_hybrid,wm05,invoice,normal,雾鸢刻度,,chunk-ablation-wm05#chunk-002,True,1,chunk-ablation-wm05#chunk-002,chunk-ablation-wm05#chunk-002|chunk-ablation-wm05#chunk-003,qinglan-invoice-v1#chunk-000,21,0.023973586,0.000284211,-0.008813299,21,21,False,False,False,False
chunk_size_overlap,,256,64,205,rrf_hybrid,wm05,invoice,trigger_only,雾鸢刻度,,chunk-ablation-wm05#chunk-002,True,1,chunk-ablation-wm05#chunk-002,chunk-ablation-wm05#chunk-002|chunk-ablation-wm05#chunk-003,qinglan-invoice-v1#chunk-000,4,0.030776515,0.000226142,-0.00201037,4,4,False,True,True,True
chunk_size_overlap,,256,64,205,rrf_hybrid,wm05,invoice,verification,雾鸢刻度,,chunk-ablation-wm05#chunk-002,True,1,chunk-ablation-wm05#chunk-002,chunk-ablation-wm05#chunk-002|chunk-ablation-wm05#chunk-003,qinglan-invoice-v1#chunk-000,1,0.032786885,0.002669131,0.0,1,1,True,True,True,True
chunk_size_overlap,,256,64,205,rrf_hybrid,wm06,invoice,normal,苍狐棱镜,,,False,0,chunk-ablation-wm06#chunk-002,chunk-ablation-wm06#chunk-003,qinglan-invoice-v1#chunk-000,,,,,31,6,False,False,False,False
chunk_size_overlap,,256,64,205,rrf_hybrid,wm06,invoice,trigger_only,苍狐棱镜,,,False,0,chunk-ablation-wm06#chunk-002,chunk-ablation-wm06#chunk-003,qinglan-invoice-v1#chunk-000,,,,,3,5,False,False,False,False
chunk_size_overlap,,256,64,205,rrf_hybrid,wm06,invoice,verification,苍狐棱镜,,,False,0,chunk-ablation-wm06#chunk-002,chunk-ablation-wm06#chunk-003,qinglan-invoice-v1#chunk-000,,,,,1,14,False,False,False,False
chunk_size_overlap,,256,64,205,rrf_hybrid,wm07,invoice,normal,赤槐潮汐,,chunk-ablation-wm07#chunk-003,True,1,chunk-ablation-wm07#chunk-002|chunk-ablation-wm07#chunk-003,chunk-ablation-wm07#chunk-003,qinglan-invoice-v1#chunk-000|qinglan-invoice-v1#chunk-001,10,0.02655328,7.2444e-05,-0.006233605,10,10,False,False,True,True
chunk_size_overlap,,256,64,205,rrf_hybrid,wm07,invoice,trigger_only,赤槐潮汐,,chunk-ablation-wm07#chunk-003,True,1,chunk-ablation-wm07#chunk-002|chunk-ablation-wm07#chunk-003,chunk-ablation-wm07#chunk-003,qinglan-invoice-v1#chunk-000|qinglan-invoice-v1#chunk-001,6,0.030309989,0.001073967,-0.002476896,5,6,False,False,True,True
chunk_size_overlap,,256,64,205,rrf_hybrid,wm07,invoice,verification,赤槐潮汐,,chunk-ablation-wm07#chunk-003,True,1,chunk-ablation-wm07#chunk-002|chunk-ablation-wm07#chunk-003,chunk-ablation-wm07#chunk-003,qinglan-invoice-v1#chunk-000|qinglan-invoice-v1#chunk-001,1,0.031544958,0.001130211,0.0,1,1,True,True,True,True
chunk_size_overlap,,256,64,205,rrf_hybrid,wm08,invoice,normal,蓝隼罗盘,,,False,0,chunk-ablation-wm08#chunk-003,chunk-ablation-wm08#chunk-004,qinglan-invoice-v1#chunk-001,,,,,15,32,False,False,False,False
chunk_size_overlap,,256,64,205,rrf_hybrid,wm08,invoice,trigger_only,蓝隼罗盘,,,False,0,chunk-ablation-wm08#chunk-003,chunk-ablation-wm08#chunk-004,qinglan-invoice-v1#chunk-001,,,,,3,35,False,False,False,False
chunk_size_overlap,,256,64,205,rrf_hybrid,wm08,invoice,verification,蓝隼罗盘,,,False,0,chunk-ablation-wm08#chunk-003,chunk-ablation-wm08#chunk-004,qinglan-invoice-v1#chunk-001,,,,,1,37,False,False,False,False
chunk_size_overlap,,256,64,205,rrf_hybrid,wm09,membership,normal,紫藤航标,,chunk-ablation-wm09#chunk-004,True,1,chunk-ablation-wm09#chunk-003|chunk-ablation-wm09#chunk-004,chunk-ablation-wm09#chunk-004,qinglan-membership-v1#chunk-000,11,0.02707152,0.000214995,-0.005715365,11,11,False,False,False,True
chunk_size_overlap,,256,64,205,rrf_hybrid,wm09,membership,trigger_only,紫藤航标,,chunk-ablation-wm09#chunk-004,True,1,chunk-ablation-wm09#chunk-003|chunk-ablation-wm09#chunk-004,chunk-ablation-wm09#chunk-004,qinglan-membership-v1#chunk-000,2,0.032258065,0.001008065,-0.00052882,2,2,False,True,True,True
chunk_size_overlap,,256,64,205,rrf_hybrid,wm09,membership,verification,紫藤航标,,chunk-ablation-wm09#chunk-004,True,1,chunk-ablation-wm09#chunk-003|chunk-ablation-wm09#chunk-004,chunk-ablation-wm09#chunk-004,qinglan-membership-v1#chunk-000,1,0.032786885,0.002207987,0.0,1,1,True,True,True,True
chunk_size_overlap,,256,64,205,rrf_hybrid,wm10,membership,normal,霜鹿环线,,chunk-ablation-wm10#chunk-004,True,1,chunk-ablation-wm10#chunk-004,chunk-ablation-wm10#chunk-004|chunk-ablation-wm10#chunk-005,qinglan-membership-v1#chunk-000|qinglan-membership-v1#chunk-001,18,0.024652148,1.0571e-05,-0.008134737,18,18,False,False,False,True
chunk_size_overlap,,256,64,205,rrf_hybrid,wm10,membership,trigger_only,霜鹿环线,,chunk-ablation-wm10#chunk-004,True,1,chunk-ablation-wm10#chunk-004,chunk-ablation-wm10#chunk-004|chunk-ablation-wm10#chunk-005,qinglan-membership-v1#chunk-000|qinglan-membership-v1#chunk-001,4,0.031009615,0.0002331,-0.00177727,4,4,False,True,True,True
chunk_size_overlap,,256,64,205,rrf_hybrid,wm10,membership,verification,霜鹿环线,,chunk-ablation-wm10#chunk-004,True,1,chunk-ablation-wm10#chunk-004,chunk-ablation-wm10#chunk-004|chunk-ablation-wm10#chunk-005,qinglan-membership-v1#chunk-000|qinglan-membership-v1#chunk-001,1,0.032786885,0.001273237,0.0,1,1,True,True,True,True
chunk_size_overlap,,256,64,205,rrf_hybrid,wm11,membership,normal,墨鹤矩阵,,,False,0,chunk-ablation-wm11#chunk-004,chunk-ablation-wm11#chunk-005,qinglan-membership-v1#chunk-001,,,,,29,16,False,False,False,False
chunk_size_overlap,,256,64,205,rrf_hybrid,wm11,membership,trigger_only,墨鹤矩阵,,,False,0,chunk-ablation-wm11#chunk-004,chunk-ablation-wm11#chunk-005,qinglan-membership-v1#chunk-001,,,,,2,18,False,False,False,False
chunk_size_overlap,,256,64,205,rrf_hybrid,wm11,membership,verification,墨鹤矩阵,,,False,0,chunk-ablation-wm11#chunk-004,chunk-ablation-wm11#chunk-005,qinglan-membership-v1#chunk-001,,,,,1,25,False,False,False,False
chunk_size_overlap,,256,64,205,rrf_hybrid,wm12,membership,normal,金雀阈门,,chunk-ablation-wm12#chunk-005,True,1,chunk-ablation-wm12#chunk-004|chunk-ablation-wm12#chunk-005,chunk-ablation-wm12#chunk-005,qinglan-membership-v1#chunk-002,5,0.030309989,0.000678734,-0.002476896,5,5,False,True,True,True
chunk_size_overlap,,256,64,205,rrf_hybrid,wm12,membership,trigger_only,金雀阈门,,chunk-ablation-wm12#chunk-005,True,1,chunk-ablation-wm12#chunk-004|chunk-ablation-wm12#chunk-005,chunk-ablation-wm12#chunk-005,qinglan-membership-v1#chunk-002,3,0.031054405,0.0,-0.00173248,3,3,False,True,True,True
chunk_size_overlap,,256,64,205,rrf_hybrid,wm12,membership,verification,金雀阈门,,chunk-ablation-wm12#chunk-005,True,1,chunk-ablation-wm12#chunk-004|chunk-ablation-wm12#chunk-005,chunk-ablation-wm12#chunk-005,qinglan-membership-v1#chunk-002,1,0.032786885,0.001032853,0.0,1,1,True,True,True,True
chunk_size_overlap,,256,64,205,rrf_hybrid,wm13,warranty,normal,青麟坐标,,chunk-ablation-wm13#chunk-005,True,1,chunk-ablation-wm13#chunk-005,chunk-ablation-wm13#chunk-005|chunk-ablation-wm13#chunk-006,qinglan-warranty-v1#chunk-000,5,0.030536131,0.0,-0.002250754,5,5,False,True,True,True
chunk_size_overlap,,256,64,205,rrf_hybrid,wm13,warranty,trigger_only,青麟坐标,,chunk-ablation-wm13#chunk-005,True,1,chunk-ablation-wm13#chunk-005,chunk-ablation-wm13#chunk-005|chunk-ablation-wm13#chunk-006,qinglan-warranty-v1#chunk-000,3,0.031498016,0.0,-0.001288869,3,3,False,True,True,True
chunk_size_overlap,,256,64,205,rrf_hybrid,wm13,warranty,verification,青麟坐标,,chunk-ablation-wm13#chunk-005,True,1,chunk-ablation-wm13#chunk-005,chunk-ablation-wm13#chunk-005|chunk-ablation-wm13#chunk-006,qinglan-warranty-v1#chunk-000,1,0.032786885,0.002929487,0.0,1,1,True,True,True,True
chunk_size_overlap,,256,64,205,rrf_hybrid,wm14,warranty,normal,白鲟弦码,,,False,0,chunk-ablation-wm14#chunk-005,chunk-ablation-wm14#chunk-006,qinglan-warranty-v1#chunk-000,,,,,32,9,False,False,False,False
chunk_size_overlap,,256,64,205,rrf_hybrid,wm14,warranty,trigger_only,白鲟弦码,,,False,0,chunk-ablation-wm14#chunk-005,chunk-ablation-wm14#chunk-006,qinglan-warranty-v1#chunk-000,,,,,2,14,False,False,False,False
chunk_size_overlap,,256,64,205,rrf_hybrid,wm14,warranty,verification,白鲟弦码,,,False,0,chunk-ablation-wm14#chunk-005,chunk-ablation-wm14#chunk-006,qinglan-warranty-v1#chunk-000,,,,,1,21,False,False,False,False
chunk_size_overlap,,256,64,205,rrf_hybrid,wm15,warranty,normal,橙枫轴距,,chunk-ablation-wm15#chunk-006,True,1,chunk-ablation-wm15#chunk-005|chunk-ablation-wm15#chunk-006,chunk-ablation-wm15#chunk-006,qinglan-warranty-v1#chunk-000|qinglan-warranty-v1#chunk-001,17,0.026013514,0.000266691,-0.006773371,17,17,False,False,False,True
chunk_size_overlap,,256,64,205,rrf_hybrid,wm15,warranty,trigger_only,橙枫轴距,,chunk-ablation-wm15#chunk-006,True,1,chunk-ablation-wm15#chunk-005|chunk-ablation-wm15#chunk-006,chunk-ablation-wm15#chunk-006,qinglan-warranty-v1#chunk-000|qinglan-warranty-v1#chunk-001,2,0.031754032,0.000699627,-0.001032853,2,2,False,True,True,True
chunk_size_overlap,,256,64,205,rrf_hybrid,wm15,warranty,verification,橙枫轴距,,chunk-ablation-wm15#chunk-006,True,1,chunk-ablation-wm15#chunk-005|chunk-ablation-wm15#chunk-006,chunk-ablation-wm15#chunk-006,qinglan-warranty-v1#chunk-000|qinglan-warranty-v1#chunk-001,1,0.032786885,0.001040853,0.0,1,1,True,True,True,True
chunk_size_overlap,,256,64,205,rrf_hybrid,wm16,warranty,normal,翠蚕光栅,,,False,0,chunk-ablation-wm16#chunk-006,chunk-ablation-wm16#chunk-007,qinglan-warranty-v1#chunk-001,,,,,28,42,False,False,False,False
chunk_size_overlap,,256,64,205,rrf_hybrid,wm16,warranty,trigger_only,翠蚕光栅,,,False,0,chunk-ablation-wm16#chunk-006,chunk-ablation-wm16#chunk-007,qinglan-warranty-v1#chunk-001,,,,,2,46,False,False,False,False
chunk_size_overlap,,256,64,205,rrf_hybrid,wm16,warranty,verification,翠蚕光栅,,,False,0,chunk-ablation-wm16#chunk-006,chunk-ablation-wm16#chunk-007,qinglan-warranty-v1#chunk-001,,,,,1,38,False,False,False,False
chunk_size_overlap,,256,64,205,rrf_hybrid,wm17,logistics,normal,星貂脉冲,,chunk-ablation-wm17#chunk-007,True,1,chunk-ablation-wm17#chunk-006|chunk-ablation-wm17#chunk-007,chunk-ablation-wm17#chunk-007,qinglan-logistics-v1#chunk-000,31,0.018793197,5.2248e-05,-0.013993688,31,31,False,False,False,False
chunk_size_overlap,,256,64,205,rrf_hybrid,wm17,logistics,trigger_only,星貂脉冲,,chunk-ablation-wm17#chunk-007,True,1,chunk-ablation-wm17#chunk-006|chunk-ablation-wm17#chunk-007,chunk-ablation-wm17#chunk-007,qinglan-logistics-v1#chunk-000,2,0.031513648,0.0,-0.001273237,2,2,False,True,True,True
chunk_size_overlap,,256,64,205,rrf_hybrid,wm17,logistics,verification,星貂脉冲,,chunk-ablation-wm17#chunk-007,True,1,chunk-ablation-wm17#chunk-006|chunk-ablation-wm17#chunk-007,chunk-ablation-wm17#chunk-007,qinglan-logistics-v1#chunk-000,1,0.032786885,0.00052882,0.0,1,1,True,True,True,True
chunk_size_overlap,,256,64,205,rrf_hybrid,wm18,logistics,normal,岩鲸序列,,chunk-ablation-wm18#chunk-007,True,1,chunk-ablation-wm18#chunk-007,chunk-ablation-wm18#chunk-007|chunk-ablation-wm18#chunk-008,qinglan-logistics-v1#chunk-000|qinglan-logistics-v1#chunk-001,8,0.026687876,1.6468e-05,-0.006099009,8,8,False,False,True,True
chunk_size_overlap,,256,64,205,rrf_hybrid,wm18,logistics,trigger_only,岩鲸序列,,chunk-ablation-wm18#chunk-007,True,1,chunk-ablation-wm18#chunk-007,chunk-ablation-wm18#chunk-007|chunk-ablation-wm18#chunk-008,qinglan-logistics-v1#chunk-000|qinglan-logistics-v1#chunk-001,2,0.032002048,0.000721501,-0.000784837,2,2,False,True,True,True
chunk_size_overlap,,256,64,205,rrf_hybrid,wm18,logistics,verification,岩鲸序列,,chunk-ablation-wm18#chunk-007,True,1,chunk-ablation-wm18#chunk-007,chunk-ablation-wm18#chunk-007|chunk-ablation-wm18#chunk-008,qinglan-logistics-v1#chunk-000|qinglan-logistics-v1#chunk-001,1,0.032786885,0.002207987,0.0,1,1,True,True,True,True
chunk_size_overlap,,256,64,205,rrf_hybrid,wm19,logistics,normal,云獭相位,,,False,0,chunk-ablation-wm19#chunk-007,chunk-ablation-wm19#chunk-008,qinglan-logistics-v1#chunk-001,,,,,34,52,False,False,False,False
chunk_size_overlap,,256,64,205,rrf_hybrid,wm19,logistics,trigger_only,云獭相位,,,False,0,chunk-ablation-wm19#chunk-007,chunk-ablation-wm19#chunk-008,qinglan-logistics-v1#chunk-001,,,,,5,46,False,False,False,False
chunk_size_overlap,,256,64,205,rrf_hybrid,wm19,logistics,verification,云獭相位,,,False,0,chunk-ablation-wm19#chunk-007,chunk-ablation-wm19#chunk-008,qinglan-logistics-v1#chunk-001,,,,,5,24,False,False,False,False
chunk_size_overlap,,256,64,205,rrf_hybrid,wm20,logistics,normal,雪鸦网格,,chunk-ablation-wm20#chunk-008,True,1,chunk-ablation-wm20#chunk-007|chunk-ablation-wm20#chunk-008,chunk-ablation-wm20#chunk-008,qinglan-logistics-v1#chunk-001,103,0.013133673,5.1398e-05,-0.019653212,103,103,False,False,False,False
chunk_size_overlap,,256,64,205,rrf_hybrid,wm20,logistics,trigger_only,雪鸦网格,,chunk-ablation-wm20#chunk-008,True,1,chunk-ablation-wm20#chunk-007|chunk-ablation-wm20#chunk-008,chunk-ablation-wm20#chunk-008,qinglan-logistics-v1#chunk-001,4,0.030798389,2.1874e-05,-0.001988496,4,4,False,True,True,True
chunk_size_overlap,,256,64,205,rrf_hybrid,wm20,logistics,verification,雪鸦网格,,chunk-ablation-wm20#chunk-008,True,1,chunk-ablation-wm20#chunk-007|chunk-ablation-wm20#chunk-008,chunk-ablation-wm20#chunk-008,qinglan-logistics-v1#chunk-001,1,0.032786885,0.00052882,0.0,1,1,True,True,True,True
chunk_size_overlap,,256,64,205,qwen3_reranker,wm01,refund,normal,绯鹭折尺,,chunk-ablation-wm01#chunk-001,True,1,chunk-ablation-wm01#chunk-000|chunk-ablation-wm01#chunk-001,chunk-ablation-wm01#chunk-001,qinglan-refund-v1#chunk-000,16,-6.25,0.0,-15.25,16,16,False,False,False,True
chunk_size_overlap,,256,64,205,qwen3_reranker,wm01,refund,trigger_only,绯鹭折尺,,chunk-ablation-wm01#chunk-001,True,1,chunk-ablation-wm01#chunk-000|chunk-ablation-wm01#chunk-001,chunk-ablation-wm01#chunk-001,qinglan-refund-v1#chunk-000,2,0.1875,1.5,-8.0625,2,2,False,True,True,True
chunk_size_overlap,,256,64,205,qwen3_reranker,wm01,refund,verification,绯鹭折尺,,chunk-ablation-wm01#chunk-001,True,1,chunk-ablation-wm01#chunk-000|chunk-ablation-wm01#chunk-001,chunk-ablation-wm01#chunk-001,qinglan-refund-v1#chunk-000,1,7.3125,2.4375,0.0,1,1,True,True,True,True
chunk_size_overlap,,256,64,205,qwen3_reranker,wm02,refund,normal,玄鲸余弦,,chunk-ablation-wm02#chunk-001,True,1,chunk-ablation-wm02#chunk-001,chunk-ablation-wm02#chunk-001|chunk-ablation-wm02#chunk-002,qinglan-refund-v1#chunk-000,18,-8.6875,0.1875,-16.375,18,18,False,False,False,True
chunk_size_overlap,,256,64,205,qwen3_reranker,wm02,refund,trigger_only,玄鲸余弦,,chunk-ablation-wm02#chunk-001,True,1,chunk-ablation-wm02#chunk-001,chunk-ablation-wm02#chunk-001|chunk-ablation-wm02#chunk-002,qinglan-refund-v1#chunk-000,4,-0.8125,3.5625,-6.9375,4,4,False,True,True,True
chunk_size_overlap,,256,64,205,qwen3_reranker,wm02,refund,verification,玄鲸余弦,,chunk-ablation-wm02#chunk-001,True,1,chunk-ablation-wm02#chunk-001,chunk-ablation-wm02#chunk-001|chunk-ablation-wm02#chunk-002,qinglan-refund-v1#chunk-000,1,7.875,4.125,0.0,1,1,True,True,True,True
chunk_size_overlap,,256,64,205,qwen3_reranker,wm03,refund,normal,银杉回声,,,False,0,chunk-ablation-wm03#chunk-001,chunk-ablation-wm03#chunk-002,qinglan-refund-v1#chunk-001,,,,,9,15,False,False,False,False
chunk_size_overlap,,256,64,205,qwen3_reranker,wm03,refund,trigger_only,银杉回声,,,False,0,chunk-ablation-wm03#chunk-001,chunk-ablation-wm03#chunk-002,qinglan-refund-v1#chunk-001,,,,,3,10,False,False,False,False
chunk_size_overlap,,256,64,205,qwen3_reranker,wm03,refund,verification,银杉回声,,,False,0,chunk-ablation-wm03#chunk-001,chunk-ablation-wm03#chunk-002,qinglan-refund-v1#chunk-001,,,,,1,3,False,False,False,False
chunk_size_overlap,,256,64,205,qwen3_reranker,wm04,refund,normal,琥珀星栈,,chunk-ablation-wm04#chunk-002,True,1,chunk-ablation-wm04#chunk-001|chunk-ablation-wm04#chunk-002,chunk-ablation-wm04#chunk-002,qinglan-refund-v1#chunk-001,,,,,,,False,False,False,False
chunk_size_overlap,,256,64,205,qwen3_reranker,wm04,refund,trigger_only,琥珀星栈,,chunk-ablation-wm04#chunk-002,True,1,chunk-ablation-wm04#chunk-001|chunk-ablation-wm04#chunk-002,chunk-ablation-wm04#chunk-002,qinglan-refund-v1#chunk-001,5,-1.75,0.375,-8.4375,5,5,False,True,True,True
chunk_size_overlap,,256,64,205,qwen3_reranker,wm04,refund,verification,琥珀星栈,,chunk-ablation-wm04#chunk-002,True,1,chunk-ablation-wm04#chunk-001|chunk-ablation-wm04#chunk-002,chunk-ablation-wm04#chunk-002,qinglan-refund-v1#chunk-001,1,7.9375,4.125,0.0,1,1,True,True,True,True
chunk_size_overlap,,256,64,205,qwen3_reranker,wm05,invoice,normal,雾鸢刻度,,chunk-ablation-wm05#chunk-002,True,1,chunk-ablation-wm05#chunk-002,chunk-ablation-wm05#chunk-002|chunk-ablation-wm05#chunk-003,qinglan-invoice-v1#chunk-000,,,,,,,False,False,False,False
chunk_size_overlap,,256,64,205,qwen3_reranker,wm05,invoice,trigger_only,雾鸢刻度,,chunk-ablation-wm05#chunk-002,True,1,chunk-ablation-wm05#chunk-002,chunk-ablation-wm05#chunk-002|chunk-ablation-wm05#chunk-003,qinglan-invoice-v1#chunk-000,2,-0.4375,2.5,-9.125,2,2,False,True,True,True
chunk_size_overlap,,256,64,205,qwen3_reranker,wm05,invoice,verification,雾鸢刻度,,chunk-ablation-wm05#chunk-002,True,1,chunk-ablation-wm05#chunk-002,chunk-ablation-wm05#chunk-002|chunk-ablation-wm05#chunk-003,qinglan-invoice-v1#chunk-000,1,7.25,3.3125,0.0,1,1,True,True,True,True
chunk_size_overlap,,256,64,205,qwen3_reranker,wm06,invoice,normal,苍狐棱镜,,,False,0,chunk-ablation-wm06#chunk-002,chunk-ablation-wm06#chunk-003,qinglan-invoice-v1#chunk-000,,,,,,7,False,False,False,False
chunk_size_overlap,,256,64,205,qwen3_reranker,wm06,invoice,trigger_only,苍狐棱镜,,,False,0,chunk-ablation-wm06#chunk-002,chunk-ablation-wm06#chunk-003,qinglan-invoice-v1#chunk-000,,,,,3,5,False,False,False,False
chunk_size_overlap,,256,64,205,qwen3_reranker,wm06,invoice,verification,苍狐棱镜,,,False,0,chunk-ablation-wm06#chunk-002,chunk-ablation-wm06#chunk-003,qinglan-invoice-v1#chunk-000,,,,,1,7,False,False,False,False
chunk_size_overlap,,256,64,205,qwen3_reranker,wm07,invoice,normal,赤槐潮汐,,chunk-ablation-wm07#chunk-003,True,1,chunk-ablation-wm07#chunk-002|chunk-ablation-wm07#chunk-003,chunk-ablation-wm07#chunk-003,qinglan-invoice-v1#chunk-000|qinglan-invoice-v1#chunk-001,17,-10.125,0.109375,-18.1875,17,17,False,False,False,True
chunk_size_overlap,,256,64,205,qwen3_reranker,wm07,invoice,trigger_only,赤槐潮汐,,chunk-ablation-wm07#chunk-003,True,1,chunk-ablation-wm07#chunk-002|chunk-ablation-wm07#chunk-003,chunk-ablation-wm07#chunk-003,qinglan-invoice-v1#chunk-000|qinglan-invoice-v1#chunk-001,4,-1.4375,2.8125,-9.0625,3,4,False,True,True,True
chunk_size_overlap,,256,64,205,qwen3_reranker,wm07,invoice,verification,赤槐潮汐,,chunk-ablation-wm07#chunk-003,True,1,chunk-ablation-wm07#chunk-002|chunk-ablation-wm07#chunk-003,chunk-ablation-wm07#chunk-003,qinglan-invoice-v1#chunk-000|qinglan-invoice-v1#chunk-001,1,7.4375,3.8125,0.0,1,1,True,True,True,True
chunk_size_overlap,,256,64,205,qwen3_reranker,wm08,invoice,normal,蓝隼罗盘,,,False,0,chunk-ablation-wm08#chunk-003,chunk-ablation-wm08#chunk-004,qinglan-invoice-v1#chunk-001,,,,,15,,False,False,False,False
chunk_size_overlap,,256,64,205,qwen3_reranker,wm08,invoice,trigger_only,蓝隼罗盘,,,False,0,chunk-ablation-wm08#chunk-003,chunk-ablation-wm08#chunk-004,qinglan-invoice-v1#chunk-001,,,,,2,,False,False,False,False
chunk_size_overlap,,256,64,205,qwen3_reranker,wm08,invoice,verification,蓝隼罗盘,,,False,0,chunk-ablation-wm08#chunk-003,chunk-ablation-wm08#chunk-004,qinglan-invoice-v1#chunk-001,,,,,1,,False,False,False,False
chunk_size_overlap,,256,64,205,qwen3_reranker,wm09,membership,normal,紫藤航标,,chunk-ablation-wm09#chunk-004,True,1,chunk-ablation-wm09#chunk-003|chunk-ablation-wm09#chunk-004,chunk-ablation-wm09#chunk-004,qinglan-membership-v1#chunk-000,15,-9.15625,0.21875,-17.71875,15,15,False,False,False,True
chunk_size_overlap,,256,64,205,qwen3_reranker,wm09,membership,trigger_only,紫藤航标,,chunk-ablation-wm09#chunk-004,True,1,chunk-ablation-wm09#chunk-003|chunk-ablation-wm09#chunk-004,chunk-ablation-wm09#chunk-004,qinglan-membership-v1#chunk-000,2,-2.4375,1.25,-9.5625,2,2,False,True,True,True
chunk_size_overlap,,256,64,205,qwen3_reranker,wm09,membership,verification,紫藤航标,,chunk-ablation-wm09#chunk-004,True,1,chunk-ablation-wm09#chunk-003|chunk-ablation-wm09#chunk-004,chunk-ablation-wm09#chunk-004,qinglan-membership-v1#chunk-000,1,7.3125,3.8125,0.0,1,1,True,True,True,True
chunk_size_overlap,,256,64,205,qwen3_reranker,wm10,membership,normal,霜鹿环线,,chunk-ablation-wm10#chunk-004,True,1,chunk-ablation-wm10#chunk-004,chunk-ablation-wm10#chunk-004|chunk-ablation-wm10#chunk-005,qinglan-membership-v1#chunk-000|qinglan-membership-v1#chunk-001,12,-8.34375,0.1875,-16.34375,12,12,False,False,False,True
chunk_size_overlap,,256,64,205,qwen3_reranker,wm10,membership,trigger_only,霜鹿环线,,chunk-ablation-wm10#chunk-004,True,1,chunk-ablation-wm10#chunk-004,chunk-ablation-wm10#chunk-004|chunk-ablation-wm10#chunk-005,qinglan-membership-v1#chunk-000|qinglan-membership-v1#chunk-001,2,0.1875,3.375,-7.125,2,2,False,True,True,True
chunk_size_overlap,,256,64,205,qwen3_reranker,wm10,membership,verification,霜鹿环线,,chunk-ablation-wm10#chunk-004,True,1,chunk-ablation-wm10#chunk-004,chunk-ablation-wm10#chunk-004|chunk-ablation-wm10#chunk-005,qinglan-membership-v1#chunk-000|qinglan-membership-v1#chunk-001,1,7.9375,4.25,0.0,1,1,True,True,True,True
chunk_size_overlap,,256,64,205,qwen3_reranker,wm11,membership,normal,墨鹤矩阵,,,False,0,chunk-ablation-wm11#chunk-004,chunk-ablation-wm11#chunk-005,qinglan-membership-v1#chunk-001,,,,,,12,False,False,False,False
chunk_size_overlap,,256,64,205,qwen3_reranker,wm11,membership,trigger_only,墨鹤矩阵,,,False,0,chunk-ablation-wm11#chunk-004,chunk-ablation-wm11#chunk-005,qinglan-membership-v1#chunk-001,,,,,2,6,False,False,False,False
chunk_size_overlap,,256,64,205,qwen3_reranker,wm11,membership,verification,墨鹤矩阵,,,False,0,chunk-ablation-wm11#chunk-004,chunk-ablation-wm11#chunk-005,qinglan-membership-v1#chunk-001,,,,,1,,False,False,False,False
chunk_size_overlap,,256,64,205,qwen3_reranker,wm12,membership,normal,金雀阈门,,chunk-ablation-wm12#chunk-005,True,1,chunk-ablation-wm12#chunk-004|chunk-ablation-wm12#chunk-005,chunk-ablation-wm12#chunk-005,qinglan-membership-v1#chunk-002,16,-9.21875,0.34375,-17.96875,8,16,False,False,False,True
chunk_size_overlap,,256,64,205,qwen3_reranker,wm12,membership,trigger_only,金雀阈门,,chunk-ablation-wm12#chunk-005,True,1,chunk-ablation-wm12#chunk-004|chunk-ablation-wm12#chunk-005,chunk-ablation-wm12#chunk-005,qinglan-membership-v1#chunk-002,3,-4.25,2.5625,-12.5,2,3,False,True,True,True
chunk_size_overlap,,256,64,205,qwen3_reranker,wm12,membership,verification,金雀阈门,,chunk-ablation-wm12#chunk-005,True,1,chunk-ablation-wm12#chunk-004|chunk-ablation-wm12#chunk-005,chunk-ablation-wm12#chunk-005,qinglan-membership-v1#chunk-002,1,7.9375,3.9375,0.0,1,1,True,True,True,True
chunk_size_overlap,,256,64,205,qwen3_reranker,wm13,warranty,normal,青麟坐标,,chunk-ablation-wm13#chunk-005,True,1,chunk-ablation-wm13#chunk-005,chunk-ablation-wm13#chunk-005|chunk-ablation-wm13#chunk-006,qinglan-warranty-v1#chunk-000,6,-8.25,0.1875,-16.8125,6,6,False,False,True,True
chunk_size_overlap,,256,64,205,qwen3_reranker,wm13,warranty,trigger_only,青麟坐标,,chunk-ablation-wm13#chunk-005,True,1,chunk-ablation-wm13#chunk-005,chunk-ablation-wm13#chunk-005|chunk-ablation-wm13#chunk-006,qinglan-warranty-v1#chunk-000,3,-1.625,4.0,-9.8125,3,3,False,True,True,True
chunk_size_overlap,,256,64,205,qwen3_reranker,wm13,warranty,verification,青麟坐标,,chunk-ablation-wm13#chunk-005,True,1,chunk-ablation-wm13#chunk-005,chunk-ablation-wm13#chunk-005|chunk-ablation-wm13#chunk-006,qinglan-warranty-v1#chunk-000,1,7.5625,2.6875,0.0,1,1,True,True,True,True
chunk_size_overlap,,256,64,205,qwen3_reranker,wm14,warranty,normal,白鲟弦码,,,False,0,chunk-ablation-wm14#chunk-005,chunk-ablation-wm14#chunk-006,qinglan-warranty-v1#chunk-000,,,,,,7,False,False,False,False
chunk_size_overlap,,256,64,205,qwen3_reranker,wm14,warranty,trigger_only,白鲟弦码,,,False,0,chunk-ablation-wm14#chunk-005,chunk-ablation-wm14#chunk-006,qinglan-warranty-v1#chunk-000,,,,,3,6,False,False,False,False
chunk_size_overlap,,256,64,205,qwen3_reranker,wm14,warranty,verification,白鲟弦码,,,False,0,chunk-ablation-wm14#chunk-005,chunk-ablation-wm14#chunk-006,qinglan-warranty-v1#chunk-000,,,,,3,,False,False,False,False
chunk_size_overlap,,256,64,205,qwen3_reranker,wm15,warranty,normal,橙枫轴距,,chunk-ablation-wm15#chunk-006,True,1,chunk-ablation-wm15#chunk-005|chunk-ablation-wm15#chunk-006,chunk-ablation-wm15#chunk-006,qinglan-warranty-v1#chunk-000|qinglan-warranty-v1#chunk-001,20,-11.15625,,-19.71875,20,20,False,False,False,True
chunk_size_overlap,,256,64,205,qwen3_reranker,wm15,warranty,trigger_only,橙枫轴距,,chunk-ablation-wm15#chunk-006,True,1,chunk-ablation-wm15#chunk-005|chunk-ablation-wm15#chunk-006,chunk-ablation-wm15#chunk-006,qinglan-warranty-v1#chunk-000|qinglan-warranty-v1#chunk-001,3,-1.375,4.71875,-8.875,2,3,False,True,True,True
chunk_size_overlap,,256,64,205,qwen3_reranker,wm15,warranty,verification,橙枫轴距,,chunk-ablation-wm15#chunk-006,True,1,chunk-ablation-wm15#chunk-005|chunk-ablation-wm15#chunk-006,chunk-ablation-wm15#chunk-006,qinglan-warranty-v1#chunk-000|qinglan-warranty-v1#chunk-001,1,7.875,4.5,0.0,1,1,True,True,True,True
chunk_size_overlap,,256,64,205,qwen3_reranker,wm16,warranty,normal,翠蚕光栅,,,False,0,chunk-ablation-wm16#chunk-006,chunk-ablation-wm16#chunk-007,qinglan-warranty-v1#chunk-001,,,,,,,False,False,False,False
chunk_size_overlap,,256,64,205,qwen3_reranker,wm16,warranty,trigger_only,翠蚕光栅,,,False,0,chunk-ablation-wm16#chunk-006,chunk-ablation-wm16#chunk-007,qinglan-warranty-v1#chunk-001,,,,,2,,False,False,False,False
chunk_size_overlap,,256,64,205,qwen3_reranker,wm16,warranty,verification,翠蚕光栅,,,False,0,chunk-ablation-wm16#chunk-006,chunk-ablation-wm16#chunk-007,qinglan-warranty-v1#chunk-001,,,,,1,,False,False,False,False
chunk_size_overlap,,256,64,205,qwen3_reranker,wm17,logistics,normal,星貂脉冲,,chunk-ablation-wm17#chunk-007,True,1,chunk-ablation-wm17#chunk-006|chunk-ablation-wm17#chunk-007,chunk-ablation-wm17#chunk-007,qinglan-logistics-v1#chunk-000,,,,,,,False,False,False,False
chunk_size_overlap,,256,64,205,qwen3_reranker,wm17,logistics,trigger_only,星貂脉冲,,chunk-ablation-wm17#chunk-007,True,1,chunk-ablation-wm17#chunk-006|chunk-ablation-wm17#chunk-007,chunk-ablation-wm17#chunk-007,qinglan-logistics-v1#chunk-000,3,-0.8125,0.375,-9.1875,3,3,False,True,True,True
chunk_size_overlap,,256,64,205,qwen3_reranker,wm17,logistics,verification,星貂脉冲,,chunk-ablation-wm17#chunk-007,True,1,chunk-ablation-wm17#chunk-006|chunk-ablation-wm17#chunk-007,chunk-ablation-wm17#chunk-007,qinglan-logistics-v1#chunk-000,1,7.125,3.5,0.0,1,1,True,True,True,True
chunk_size_overlap,,256,64,205,qwen3_reranker,wm18,logistics,normal,岩鲸序列,,chunk-ablation-wm18#chunk-007,True,1,chunk-ablation-wm18#chunk-007,chunk-ablation-wm18#chunk-007|chunk-ablation-wm18#chunk-008,qinglan-logistics-v1#chunk-000|qinglan-logistics-v1#chunk-001,9,-8.625,0.46875,-16.9375,9,9,False,False,True,True
chunk_size_overlap,,256,64,205,qwen3_reranker,wm18,logistics,trigger_only,岩鲸序列,,chunk-ablation-wm18#chunk-007,True,1,chunk-ablation-wm18#chunk-007,chunk-ablation-wm18#chunk-007|chunk-ablation-wm18#chunk-008,qinglan-logistics-v1#chunk-000|qinglan-logistics-v1#chunk-001,2,-3.375,0.375,-11.5625,2,2,False,True,True,True
chunk_size_overlap,,256,64,205,qwen3_reranker,wm18,logistics,verification,岩鲸序列,,chunk-ablation-wm18#chunk-007,True,1,chunk-ablation-wm18#chunk-007,chunk-ablation-wm18#chunk-007|chunk-ablation-wm18#chunk-008,qinglan-logistics-v1#chunk-000|qinglan-logistics-v1#chunk-001,1,7.75,3.625,0.0,1,1,True,True,True,True
chunk_size_overlap,,256,64,205,qwen3_reranker,wm19,logistics,normal,云獭相位,,,False,0,chunk-ablation-wm19#chunk-007,chunk-ablation-wm19#chunk-008,qinglan-logistics-v1#chunk-001,,,,,,,False,False,False,False
chunk_size_overlap,,256,64,205,qwen3_reranker,wm19,logistics,trigger_only,云獭相位,,,False,0,chunk-ablation-wm19#chunk-007,chunk-ablation-wm19#chunk-008,qinglan-logistics-v1#chunk-001,,,,,3,,False,False,False,False
chunk_size_overlap,,256,64,205,qwen3_reranker,wm19,logistics,verification,云獭相位,,,False,0,chunk-ablation-wm19#chunk-007,chunk-ablation-wm19#chunk-008,qinglan-logistics-v1#chunk-001,,,,,1,,False,False,False,False
chunk_size_overlap,,256,64,205,qwen3_reranker,wm20,logistics,normal,雪鸦网格,,chunk-ablation-wm20#chunk-008,True,1,chunk-ablation-wm20#chunk-007|chunk-ablation-wm20#chunk-008,chunk-ablation-wm20#chunk-008,qinglan-logistics-v1#chunk-001,,,,,,,False,False,False,False
chunk_size_overlap,,256,64,205,qwen3_reranker,wm20,logistics,trigger_only,雪鸦网格,,chunk-ablation-wm20#chunk-008,True,1,chunk-ablation-wm20#chunk-007|chunk-ablation-wm20#chunk-008,chunk-ablation-wm20#chunk-008,qinglan-logistics-v1#chunk-001,2,-2.3125,0.0625,-9.9375,2,2,False,True,True,True
chunk_size_overlap,,256,64,205,qwen3_reranker,wm20,logistics,verification,雪鸦网格,,chunk-ablation-wm20#chunk-008,True,1,chunk-ablation-wm20#chunk-007|chunk-ablation-wm20#chunk-008,chunk-ablation-wm20#chunk-008,qinglan-logistics-v1#chunk-001,1,7.9375,3.625,0.0,1,1,True,True,True,True
chunk_size_overlap,,256,128,285,bm25,wm01,refund,normal,绯鹭折尺,,chunk-ablation-wm01#chunk-001,True,1,chunk-ablation-wm01#chunk-000|chunk-ablation-wm01#chunk-001,chunk-ablation-wm01#chunk-001|chunk-ablation-wm01#chunk-002,qinglan-refund-v1#chunk-000,9,8.425687,0.024051,-178.24792,9,9,False,False,True,True
chunk_size_overlap,,256,128,285,bm25,wm01,refund,trigger_only,绯鹭折尺,,chunk-ablation-wm01#chunk-001,True,1,chunk-ablation-wm01#chunk-000|chunk-ablation-wm01#chunk-001,chunk-ablation-wm01#chunk-001|chunk-ablation-wm01#chunk-002,qinglan-refund-v1#chunk-000,5,40.677844,5.18522,-145.995763,5,5,False,True,True,True
chunk_size_overlap,,256,128,285,bm25,wm01,refund,verification,绯鹭折尺,,chunk-ablation-wm01#chunk-001,True,1,chunk-ablation-wm01#chunk-000|chunk-ablation-wm01#chunk-001,chunk-ablation-wm01#chunk-001|chunk-ablation-wm01#chunk-002,qinglan-refund-v1#chunk-000,1,89.070803,18.314798,0.0,1,1,True,True,True,True
chunk_size_overlap,,256,128,285,bm25,wm02,refund,normal,玄鲸余弦,,chunk-ablation-wm02#chunk-002,True,1,chunk-ablation-wm02#chunk-001|chunk-ablation-wm02#chunk-002,chunk-ablation-wm02#chunk-002|chunk-ablation-wm02#chunk-003,qinglan-refund-v1#chunk-000,19,5.620733,0.0,-158.254521,19,19,False,False,False,True
chunk_size_overlap,,256,128,285,bm25,wm02,refund,trigger_only,玄鲸余弦,,chunk-ablation-wm02#chunk-002,True,1,chunk-ablation-wm02#chunk-001|chunk-ablation-wm02#chunk-002,chunk-ablation-wm02#chunk-002|chunk-ablation-wm02#chunk-003,qinglan-refund-v1#chunk-000,6,36.552413,0.57542,-127.322841,6,6,False,False,True,True
chunk_size_overlap,,256,128,285,bm25,wm02,refund,verification,玄鲸余弦,,chunk-ablation-wm02#chunk-002,True,1,chunk-ablation-wm02#chunk-001|chunk-ablation-wm02#chunk-002,chunk-ablation-wm02#chunk-002|chunk-ablation-wm02#chunk-003,qinglan-refund-v1#chunk-000,1,86.045999,7.527562,0.0,1,1,True,True,True,True
chunk_size_overlap,,256,128,285,bm25,wm03,refund,normal,银杉回声,,chunk-ablation-wm03#chunk-002,True,1,chunk-ablation-wm03#chunk-001|chunk-ablation-wm03#chunk-002,chunk-ablation-wm03#chunk-002|chunk-ablation-wm03#chunk-003,qinglan-refund-v1#chunk-001,17,8.347536,0.013722,-191.722273,17,17,False,False,False,True
chunk_size_overlap,,256,128,285,bm25,wm03,refund,trigger_only,银杉回声,,chunk-ablation-wm03#chunk-002,True,1,chunk-ablation-wm03#chunk-001|chunk-ablation-wm03#chunk-002,chunk-ablation-wm03#chunk-002|chunk-ablation-wm03#chunk-003,qinglan-refund-v1#chunk-001,5,38.426218,2.975702,-163.4576,5,5,False,True,True,True
chunk_size_overlap,,256,128,285,bm25,wm03,refund,verification,银杉回声,,chunk-ablation-wm03#chunk-002,True,1,chunk-ablation-wm03#chunk-001|chunk-ablation-wm03#chunk-002,chunk-ablation-wm03#chunk-002|chunk-ablation-wm03#chunk-003,qinglan-refund-v1#chunk-001,1,86.606145,20.614669,0.0,1,1,True,True,True,True
chunk_size_overlap,,256,128,285,bm25,wm04,refund,normal,琥珀星栈,,chunk-ablation-wm04#chunk-003,True,1,chunk-ablation-wm04#chunk-002|chunk-ablation-wm04#chunk-003,chunk-ablation-wm04#chunk-003|chunk-ablation-wm04#chunk-004,qinglan-refund-v1#chunk-001,34,2.485506,0.001786,-164.829201,34,34,False,False,False,False
chunk_size_overlap,,256,128,285,bm25,wm04,refund,trigger_only,琥珀星栈,,chunk-ablation-wm04#chunk-003,True,1,chunk-ablation-wm04#chunk-002|chunk-ablation-wm04#chunk-003,chunk-ablation-wm04#chunk-003|chunk-ablation-wm04#chunk-004,qinglan-refund-v1#chunk-001,6,33.664729,0.147186,-133.649978,6,6,False,False,True,True
chunk_size_overlap,,256,128,285,bm25,wm04,refund,verification,琥珀星栈,,chunk-ablation-wm04#chunk-003,True,1,chunk-ablation-wm04#chunk-002|chunk-ablation-wm04#chunk-003,chunk-ablation-wm04#chunk-003|chunk-ablation-wm04#chunk-004,qinglan-refund-v1#chunk-001,1,87.322813,15.085926,0.0,1,1,True,True,True,True
chunk_size_overlap,,256,128,285,bm25,wm05,invoice,normal,雾鸢刻度,,chunk-ablation-wm05#chunk-003,True,1,chunk-ablation-wm05#chunk-002|chunk-ablation-wm05#chunk-003,chunk-ablation-wm05#chunk-003|chunk-ablation-wm05#chunk-004,qinglan-invoice-v1#chunk-000,35,1.76311,0.0,-185.103162,35,15,False,False,False,False
chunk_size_overlap,,256,128,285,bm25,wm05,invoice,trigger_only,雾鸢刻度,,chunk-ablation-wm05#chunk-003,True,1,chunk-ablation-wm05#chunk-002|chunk-ablation-wm05#chunk-003,chunk-ablation-wm05#chunk-003|chunk-ablation-wm05#chunk-004,qinglan-invoice-v1#chunk-000,6,33.218334,1.105317,-153.647938,6,6,False,False,True,True
chunk_size_overlap,,256,128,285,bm25,wm05,invoice,verification,雾鸢刻度,,chunk-ablation-wm05#chunk-003,True,1,chunk-ablation-wm05#chunk-002|chunk-ablation-wm05#chunk-003,chunk-ablation-wm05#chunk-003|chunk-ablation-wm05#chunk-004,qinglan-invoice-v1#chunk-000,1,87.645619,19.552612,0.0,1,1,True,True,True,True
chunk_size_overlap,,256,128,285,bm25,wm06,invoice,normal,苍狐棱镜,,chunk-ablation-wm06#chunk-004,True,1,chunk-ablation-wm06#chunk-003|chunk-ablation-wm06#chunk-004,chunk-ablation-wm06#chunk-004|chunk-ablation-wm06#chunk-005,qinglan-invoice-v1#chunk-000,26,5.601536,0.0,-147.26196,26,26,False,False,False,False
chunk_size_overlap,,256,128,285,bm25,wm06,invoice,trigger_only,苍狐棱镜,,chunk-ablation-wm06#chunk-004,True,1,chunk-ablation-wm06#chunk-003|chunk-ablation-wm06#chunk-004,chunk-ablation-wm06#chunk-004|chunk-ablation-wm06#chunk-005,qinglan-invoice-v1#chunk-000,5,37.559931,0.339024,-115.303565,5,5,False,True,True,True
chunk_size_overlap,,256,128,285,bm25,wm06,invoice,verification,苍狐棱镜,,chunk-ablation-wm06#chunk-004,True,1,chunk-ablation-wm06#chunk-003|chunk-ablation-wm06#chunk-004,chunk-ablation-wm06#chunk-004|chunk-ablation-wm06#chunk-005,qinglan-invoice-v1#chunk-000,1,88.389096,15.681419,0.0,1,1,True,True,True,True
chunk_size_overlap,,256,128,285,bm25,wm07,invoice,normal,赤槐潮汐,,chunk-ablation-wm07#chunk-004,True,1,chunk-ablation-wm07#chunk-003|chunk-ablation-wm07#chunk-004,chunk-ablation-wm07#chunk-004|chunk-ablation-wm07#chunk-005,qinglan-invoice-v1#chunk-000|qinglan-invoice-v1#chunk-001,23,4.758344,0.006834,-156.818341,23,8,False,False,False,False
chunk_size_overlap,,256,128,285,bm25,wm07,invoice,trigger_only,赤槐潮汐,,chunk-ablation-wm07#chunk-004,True,1,chunk-ablation-wm07#chunk-003|chunk-ablation-wm07#chunk-004,chunk-ablation-wm07#chunk-004|chunk-ablation-wm07#chunk-005,qinglan-invoice-v1#chunk-000|qinglan-invoice-v1#chunk-001,5,36.644128,4.130465,-124.932557,5,5,False,True,True,True
chunk_size_overlap,,256,128,285,bm25,wm07,invoice,verification,赤槐潮汐,,chunk-ablation-wm07#chunk-004,True,1,chunk-ablation-wm07#chunk-003|chunk-ablation-wm07#chunk-004,chunk-ablation-wm07#chunk-004|chunk-ablation-wm07#chunk-005,qinglan-invoice-v1#chunk-000|qinglan-invoice-v1#chunk-001,1,88.220091,26.389332,0.0,1,1,True,True,True,True
chunk_size_overlap,,256,128,285,bm25,wm08,invoice,normal,蓝隼罗盘,,chunk-ablation-wm08#chunk-005,True,1,chunk-ablation-wm08#chunk-004|chunk-ablation-wm08#chunk-005,chunk-ablation-wm08#chunk-005|chunk-ablation-wm08#chunk-006,qinglan-invoice-v1#chunk-001,12,4.775535,0.0,-171.130344,12,12,False,False,False,True
chunk_size_overlap,,256,128,285,bm25,wm08,invoice,trigger_only,蓝隼罗盘,,chunk-ablation-wm08#chunk-005,True,1,chunk-ablation-wm08#chunk-004|chunk-ablation-wm08#chunk-005,chunk-ablation-wm08#chunk-005|chunk-ablation-wm08#chunk-006,qinglan-invoice-v1#chunk-001,5,36.843459,0.520133,-139.06242,5,5,False,True,True,True
chunk_size_overlap,,256,128,285,bm25,wm08,invoice,verification,蓝隼罗盘,,chunk-ablation-wm08#chunk-005,True,1,chunk-ablation-wm08#chunk-004|chunk-ablation-wm08#chunk-005,chunk-ablation-wm08#chunk-005|chunk-ablation-wm08#chunk-006,qinglan-invoice-v1#chunk-001,1,88.643909,17.175516,0.0,1,1,True,True,True,True
chunk_size_overlap,,256,128,285,bm25,wm09,membership,normal,紫藤航标,,chunk-ablation-wm09#chunk-006,True,1,chunk-ablation-wm09#chunk-005|chunk-ablation-wm09#chunk-006,chunk-ablation-wm09#chunk-006|chunk-ablation-wm09#chunk-007,qinglan-membership-v1#chunk-000,11,4.523051,0.0,-143.087983,11,11,False,False,False,True
chunk_size_overlap,,256,128,285,bm25,wm09,membership,trigger_only,紫藤航标,,chunk-ablation-wm09#chunk-006,True,1,chunk-ablation-wm09#chunk-005|chunk-ablation-wm09#chunk-006,chunk-ablation-wm09#chunk-006|chunk-ablation-wm09#chunk-007,qinglan-membership-v1#chunk-000,2,34.49673,0.445427,-113.114304,2,2,False,True,True,True
chunk_size_overlap,,256,128,285,bm25,wm09,membership,verification,紫藤航标,,chunk-ablation-wm09#chunk-006,True,1,chunk-ablation-wm09#chunk-005|chunk-ablation-wm09#chunk-006,chunk-ablation-wm09#chunk-006|chunk-ablation-wm09#chunk-007,qinglan-membership-v1#chunk-000,2,71.547578,8.815938,-7.152493,1,2,False,True,True,True
chunk_size_overlap,,256,128,285,bm25,wm10,membership,normal,霜鹿环线,,chunk-ablation-wm10#chunk-006,True,1,chunk-ablation-wm10#chunk-005|chunk-ablation-wm10#chunk-006,chunk-ablation-wm10#chunk-006|chunk-ablation-wm10#chunk-007,qinglan-membership-v1#chunk-000|qinglan-membership-v1#chunk-001,17,4.512095,0.000271,-158.900412,9,17,False,False,False,True
chunk_size_overlap,,256,128,285,bm25,wm10,membership,trigger_only,霜鹿环线,,chunk-ablation-wm10#chunk-006,True,1,chunk-ablation-wm10#chunk-005|chunk-ablation-wm10#chunk-006,chunk-ablation-wm10#chunk-006|chunk-ablation-wm10#chunk-007,qinglan-membership-v1#chunk-000|qinglan-membership-v1#chunk-001,5,36.011897,3.038164,-127.40061,4,5,False,True,True,True
chunk_size_overlap,,256,128,285,bm25,wm10,membership,verification,霜鹿环线,,chunk-ablation-wm10#chunk-006,True,1,chunk-ablation-wm10#chunk-005|chunk-ablation-wm10#chunk-006,chunk-ablation-wm10#chunk-006|chunk-ablation-wm10#chunk-007,qinglan-membership-v1#chunk-000|qinglan-membership-v1#chunk-001,1,88.075787,19.801959,0.0,1,1,True,True,True,True
chunk_size_overlap,,256,128,285,bm25,wm11,membership,normal,墨鹤矩阵,,chunk-ablation-wm11#chunk-007,True,1,chunk-ablation-wm11#chunk-006|chunk-ablation-wm11#chunk-007,chunk-ablation-wm11#chunk-007|chunk-ablation-wm11#chunk-008,qinglan-membership-v1#chunk-001,30,5.422567,0.0,-142.57205,30,30,False,False,False,False
chunk_size_overlap,,256,128,285,bm25,wm11,membership,trigger_only,墨鹤矩阵,,chunk-ablation-wm11#chunk-007,True,1,chunk-ablation-wm11#chunk-006|chunk-ablation-wm11#chunk-007,chunk-ablation-wm11#chunk-007|chunk-ablation-wm11#chunk-008,qinglan-membership-v1#chunk-001,4,37.380962,0.420101,-110.613655,4,4,False,True,True,True
chunk_size_overlap,,256,128,285,bm25,wm11,membership,verification,墨鹤矩阵,,chunk-ablation-wm11#chunk-007,True,1,chunk-ablation-wm11#chunk-006|chunk-ablation-wm11#chunk-007,chunk-ablation-wm11#chunk-007|chunk-ablation-wm11#chunk-008,qinglan-membership-v1#chunk-001,1,88.389096,8.79657,0.0,1,1,True,True,True,True
chunk_size_overlap,,256,128,285,bm25,wm12,membership,normal,金雀阈门,,chunk-ablation-wm12#chunk-007,True,1,chunk-ablation-wm12#chunk-006|chunk-ablation-wm12#chunk-007,chunk-ablation-wm12#chunk-007|chunk-ablation-wm12#chunk-008,qinglan-membership-v1#chunk-002,7,6.023536,0.71796,-176.060864,6,7,False,False,True,True
chunk_size_overlap,,256,128,285,bm25,wm12,membership,trigger_only,金雀阈门,,chunk-ablation-wm12#chunk-007,True,1,chunk-ablation-wm12#chunk-006|chunk-ablation-wm12#chunk-007,chunk-ablation-wm12#chunk-007|chunk-ablation-wm12#chunk-008,qinglan-membership-v1#chunk-002,7,36.915783,31.610207,-157.597725,6,7,False,False,True,True
chunk_size_overlap,,256,128,285,bm25,wm12,membership,verification,金雀阈门,,chunk-ablation-wm12#chunk-007,True,1,chunk-ablation-wm12#chunk-006|chunk-ablation-wm12#chunk-007,chunk-ablation-wm12#chunk-007|chunk-ablation-wm12#chunk-008,qinglan-membership-v1#chunk-002,1,87.082642,19.787343,0.0,1,1,True,True,True,True
chunk_size_overlap,,256,128,285,bm25,wm13,warranty,normal,青麟坐标,,chunk-ablation-wm13#chunk-008,True,1,chunk-ablation-wm13#chunk-007|chunk-ablation-wm13#chunk-008,chunk-ablation-wm13#chunk-008|chunk-ablation-wm13#chunk-009,qinglan-warranty-v1#chunk-000,6,5.387835,0.059446,-169.454933,6,6,False,False,True,True
chunk_size_overlap,,256,128,285,bm25,wm13,warranty,trigger_only,青麟坐标,,chunk-ablation-wm13#chunk-008,True,1,chunk-ablation-wm13#chunk-007|chunk-ablation-wm13#chunk-008,chunk-ablation-wm13#chunk-008|chunk-ablation-wm13#chunk-009,qinglan-warranty-v1#chunk-000,3,34.346564,0.974986,-147.229222,3,3,False,True,True,True
chunk_size_overlap,,256,128,285,bm25,wm13,warranty,verification,青麟坐标,,chunk-ablation-wm13#chunk-008,True,1,chunk-ablation-wm13#chunk-007|chunk-ablation-wm13#chunk-008,chunk-ablation-wm13#chunk-008|chunk-ablation-wm13#chunk-009,qinglan-warranty-v1#chunk-000,1,88.976676,15.743854,0.0,1,1,True,True,True,True
chunk_size_overlap,,256,128,285,bm25,wm14,warranty,normal,白鲟弦码,,chunk-ablation-wm14#chunk-008,True,1,chunk-ablation-wm14#chunk-007|chunk-ablation-wm14#chunk-008,chunk-ablation-wm14#chunk-008|chunk-ablation-wm14#chunk-009,qinglan-warranty-v1#chunk-000,30,1.859347,0.0,-142.026186,30,17,False,False,False,False
chunk_size_overlap,,256,128,285,bm25,wm14,warranty,trigger_only,白鲟弦码,,chunk-ablation-wm14#chunk-008,True,1,chunk-ablation-wm14#chunk-007|chunk-ablation-wm14#chunk-008,chunk-ablation-wm14#chunk-008|chunk-ablation-wm14#chunk-009,qinglan-warranty-v1#chunk-000,4,33.25156,1.497821,-110.633973,4,4,False,True,True,True
chunk_size_overlap,,256,128,285,bm25,wm14,warranty,verification,白鲟弦码,,chunk-ablation-wm14#chunk-008,True,1,chunk-ablation-wm14#chunk-007|chunk-ablation-wm14#chunk-008,chunk-ablation-wm14#chunk-008|chunk-ablation-wm14#chunk-009,qinglan-warranty-v1#chunk-000,1,87.822914,20.806077,0.0,1,1,True,True,True,True
chunk_size_overlap,,256,128,285,bm25,wm15,warranty,normal,橙枫轴距,,chunk-ablation-wm15#chunk-009,True,1,chunk-ablation-wm15#chunk-008|chunk-ablation-wm15#chunk-009,chunk-ablation-wm15#chunk-009|chunk-ablation-wm15#chunk-010,qinglan-warranty-v1#chunk-000|qinglan-warranty-v1#chunk-001,15,4.751959,0.0,-173.682656,15,15,False,False,False,True
chunk_size_overlap,,256,128,285,bm25,wm15,warranty,trigger_only,橙枫轴距,,chunk-ablation-wm15#chunk-009,True,1,chunk-ablation-wm15#chunk-008|chunk-ablation-wm15#chunk-009,chunk-ablation-wm15#chunk-009|chunk-ablation-wm15#chunk-010,qinglan-warranty-v1#chunk-000|qinglan-warranty-v1#chunk-001,2,36.819883,0.488938,-141.614732,2,2,False,True,True,True
chunk_size_overlap,,256,128,285,bm25,wm15,warranty,verification,橙枫轴距,,chunk-ablation-wm15#chunk-009,True,1,chunk-ablation-wm15#chunk-008|chunk-ablation-wm15#chunk-009,chunk-ablation-wm15#chunk-009|chunk-ablation-wm15#chunk-010,qinglan-warranty-v1#chunk-000|qinglan-warranty-v1#chunk-001,1,88.643909,17.394376,0.0,1,1,True,True,True,True
chunk_size_overlap,,256,128,285,bm25,wm16,warranty,normal,翠蚕光栅,,,False,0,chunk-ablation-wm16#chunk-008|chunk-ablation-wm16#chunk-009,chunk-ablation-wm16#chunk-010,qinglan-warranty-v1#chunk-001,,,,,28,21,False,False,False,False
chunk_size_overlap,,256,128,285,bm25,wm16,warranty,trigger_only,翠蚕光栅,,,False,0,chunk-ablation-wm16#chunk-008|chunk-ablation-wm16#chunk-009,chunk-ablation-wm16#chunk-010,qinglan-warranty-v1#chunk-001,,,,,2,23,False,False,False,False
chunk_size_overlap,,256,128,285,bm25,wm16,warranty,verification,翠蚕光栅,,,False,0,chunk-ablation-wm16#chunk-008|chunk-ablation-wm16#chunk-009,chunk-ablation-wm16#chunk-010,qinglan-warranty-v1#chunk-001,,,,,1,30,False,False,False,False
chunk_size_overlap,,256,128,285,bm25,wm17,logistics,normal,星貂脉冲,,chunk-ablation-wm17#chunk-010,True,1,chunk-ablation-wm17#chunk-009|chunk-ablation-wm17#chunk-010,chunk-ablation-wm17#chunk-010|chunk-ablation-wm17#chunk-011,qinglan-logistics-v1#chunk-000,31,2.469921,0.003009,-173.638754,24,31,False,False,False,False
chunk_size_overlap,,256,128,285,bm25,wm17,logistics,trigger_only,星貂脉冲,,chunk-ablation-wm17#chunk-010,True,1,chunk-ablation-wm17#chunk-009|chunk-ablation-wm17#chunk-010,chunk-ablation-wm17#chunk-010|chunk-ablation-wm17#chunk-011,qinglan-logistics-v1#chunk-000,6,33.39718,6.157019,-142.711495,5,6,False,False,True,True
chunk_size_overlap,,256,128,285,bm25,wm17,logistics,verification,星貂脉冲,,chunk-ablation-wm17#chunk-010,True,1,chunk-ablation-wm17#chunk-009|chunk-ablation-wm17#chunk-010,chunk-ablation-wm17#chunk-010|chunk-ablation-wm17#chunk-011,qinglan-logistics-v1#chunk-000,1,87.164197,17.668496,0.0,1,1,True,True,True,True
chunk_size_overlap,,256,128,285,bm25,wm18,logistics,normal,岩鲸序列,,chunk-ablation-wm18#chunk-011,True,1,chunk-ablation-wm18#chunk-010|chunk-ablation-wm18#chunk-011,chunk-ablation-wm18#chunk-011|chunk-ablation-wm18#chunk-012,qinglan-logistics-v1#chunk-000|qinglan-logistics-v1#chunk-001,14,10.470518,0.006218,-198.11512,14,14,False,False,False,True
chunk_size_overlap,,256,128,285,bm25,wm18,logistics,trigger_only,岩鲸序列,,chunk-ablation-wm18#chunk-011,True,1,chunk-ablation-wm18#chunk-010|chunk-ablation-wm18#chunk-011,chunk-ablation-wm18#chunk-011|chunk-ablation-wm18#chunk-012,qinglan-logistics-v1#chunk-000|qinglan-logistics-v1#chunk-001,3,40.994675,2.074503,-167.590963,3,3,False,True,True,True
chunk_size_overlap,,256,128,285,bm25,wm18,logistics,verification,岩鲸序列,,chunk-ablation-wm18#chunk-011,True,1,chunk-ablation-wm18#chunk-010|chunk-ablation-wm18#chunk-011,chunk-ablation-wm18#chunk-011|chunk-ablation-wm18#chunk-012,qinglan-logistics-v1#chunk-000|qinglan-logistics-v1#chunk-001,1,85.638476,7.444515,0.0,1,1,True,True,True,True
chunk_size_overlap,,256,128,285,bm25,wm19,logistics,normal,云獭相位,,chunk-ablation-wm19#chunk-011,True,1,chunk-ablation-wm19#chunk-010|chunk-ablation-wm19#chunk-011,chunk-ablation-wm19#chunk-011|chunk-ablation-wm19#chunk-012,qinglan-logistics-v1#chunk-001,20,6.589177,0.000568,-191.226958,20,20,False,False,False,True
chunk_size_overlap,,256,128,285,bm25,wm19,logistics,trigger_only,云獭相位,,chunk-ablation-wm19#chunk-011,True,1,chunk-ablation-wm19#chunk-010|chunk-ablation-wm19#chunk-011,chunk-ablation-wm19#chunk-011|chunk-ablation-wm19#chunk-012,qinglan-logistics-v1#chunk-001,5,38.223467,1.378731,-159.592668,5,5,False,True,True,True
chunk_size_overlap,,256,128,285,bm25,wm19,logistics,verification,云獭相位,,chunk-ablation-wm19#chunk-011,True,1,chunk-ablation-wm19#chunk-010|chunk-ablation-wm19#chunk-011,chunk-ablation-wm19#chunk-011|chunk-ablation-wm19#chunk-012,qinglan-logistics-v1#chunk-001,1,88.064991,19.39634,0.0,1,1,True,True,True,True
chunk_size_overlap,,256,128,285,bm25,wm20,logistics,normal,雪鸦网格,,chunk-ablation-wm20#chunk-012,True,1,chunk-ablation-wm20#chunk-011|chunk-ablation-wm20#chunk-012,chunk-ablation-wm20#chunk-012|chunk-ablation-wm20#chunk-013,qinglan-logistics-v1#chunk-001,284,0.0,0.0,-193.300288,283,284,False,False,False,False
chunk_size_overlap,,256,128,285,bm25,wm20,logistics,trigger_only,雪鸦网格,,chunk-ablation-wm20#chunk-012,True,1,chunk-ablation-wm20#chunk-011|chunk-ablation-wm20#chunk-012,chunk-ablation-wm20#chunk-012|chunk-ablation-wm20#chunk-013,qinglan-logistics-v1#chunk-001,6,31.489446,0.531728,-161.810842,6,6,False,False,True,True
chunk_size_overlap,,256,128,285,bm25,wm20,logistics,verification,雪鸦网格,,chunk-ablation-wm20#chunk-012,True,1,chunk-ablation-wm20#chunk-011|chunk-ablation-wm20#chunk-012,chunk-ablation-wm20#chunk-012|chunk-ablation-wm20#chunk-013,qinglan-logistics-v1#chunk-001,1,88.163714,16.007931,0.0,1,1,True,True,True,True
chunk_size_overlap,,256,128,285,dense,wm01,refund,normal,绯鹭折尺,,chunk-ablation-wm01#chunk-001,True,1,chunk-ablation-wm01#chunk-000|chunk-ablation-wm01#chunk-001,chunk-ablation-wm01#chunk-001|chunk-ablation-wm01#chunk-002,qinglan-refund-v1#chunk-000,10,0.280557,0.000308,-0.584455,10,10,False,False,True,True
chunk_size_overlap,,256,128,285,dense,wm01,refund,trigger_only,绯鹭折尺,,chunk-ablation-wm01#chunk-001,True,1,chunk-ablation-wm01#chunk-000|chunk-ablation-wm01#chunk-001,chunk-ablation-wm01#chunk-001|chunk-ablation-wm01#chunk-002,qinglan-refund-v1#chunk-000,4,0.438157,0.004682,-0.325003,4,4,False,True,True,True
chunk_size_overlap,,256,128,285,dense,wm01,refund,verification,绯鹭折尺,,chunk-ablation-wm01#chunk-001,True,1,chunk-ablation-wm01#chunk-000|chunk-ablation-wm01#chunk-001,chunk-ablation-wm01#chunk-001|chunk-ablation-wm01#chunk-002,qinglan-refund-v1#chunk-000,1,0.683232,0.021321,0.0,1,1,True,True,True,True
chunk_size_overlap,,256,128,285,dense,wm02,refund,normal,玄鲸余弦,,chunk-ablation-wm02#chunk-002,True,1,chunk-ablation-wm02#chunk-001|chunk-ablation-wm02#chunk-002,chunk-ablation-wm02#chunk-002|chunk-ablation-wm02#chunk-003,qinglan-refund-v1#chunk-000,9,0.380837,5.4e-05,-0.397427,9,9,False,False,True,True
chunk_size_overlap,,256,128,285,dense,wm02,refund,trigger_only,玄鲸余弦,,chunk-ablation-wm02#chunk-002,True,1,chunk-ablation-wm02#chunk-001|chunk-ablation-wm02#chunk-002,chunk-ablation-wm02#chunk-002|chunk-ablation-wm02#chunk-003,qinglan-refund-v1#chunk-000,2,0.613723,0.08358,-0.080319,2,2,False,True,True,True
chunk_size_overlap,,256,128,285,dense,wm02,refund,verification,玄鲸余弦,,chunk-ablation-wm02#chunk-002,True,1,chunk-ablation-wm02#chunk-001|chunk-ablation-wm02#chunk-002,chunk-ablation-wm02#chunk-002|chunk-ablation-wm02#chunk-003,qinglan-refund-v1#chunk-000,1,0.850201,0.132156,0.0,1,1,True,True,True,True
chunk_size_overlap,,256,128,285,dense,wm03,refund,normal,银杉回声,,chunk-ablation-wm03#chunk-002,True,1,chunk-ablation-wm03#chunk-001|chunk-ablation-wm03#chunk-002,chunk-ablation-wm03#chunk-002|chunk-ablation-wm03#chunk-003,qinglan-refund-v1#chunk-001,23,0.263846,0.004653,-0.578421,23,16,False,False,False,False
chunk_size_overlap,,256,128,285,dense,wm03,refund,trigger_only,银杉回声,,chunk-ablation-wm03#chunk-002,True,1,chunk-ablation-wm03#chunk-001|chunk-ablation-wm03#chunk-002,chunk-ablation-wm03#chunk-002|chunk-ablation-wm03#chunk-003,qinglan-refund-v1#chunk-001,5,0.44166,0.048875,-0.303392,5,5,False,True,True,True
chunk_size_overlap,,256,128,285,dense,wm03,refund,verification,银杉回声,,chunk-ablation-wm03#chunk-002,True,1,chunk-ablation-wm03#chunk-001|chunk-ablation-wm03#chunk-002,chunk-ablation-wm03#chunk-002|chunk-ablation-wm03#chunk-003,qinglan-refund-v1#chunk-001,1,0.676355,0.001351,0.0,1,1,True,True,True,True
chunk_size_overlap,,256,128,285,dense,wm04,refund,normal,琥珀星栈,,chunk-ablation-wm04#chunk-003,True,1,chunk-ablation-wm04#chunk-002|chunk-ablation-wm04#chunk-003,chunk-ablation-wm04#chunk-003|chunk-ablation-wm04#chunk-004,qinglan-refund-v1#chunk-001,31,0.278942,0.000365,-0.496032,31,31,False,False,False,False
chunk_size_overlap,,256,128,285,dense,wm04,refund,trigger_only,琥珀星栈,,chunk-ablation-wm04#chunk-003,True,1,chunk-ablation-wm04#chunk-002|chunk-ablation-wm04#chunk-003,chunk-ablation-wm04#chunk-003|chunk-ablation-wm04#chunk-004,qinglan-refund-v1#chunk-001,2,0.500262,0.013747,-0.082756,2,2,False,True,True,True
chunk_size_overlap,,256,128,285,dense,wm04,refund,verification,琥珀星栈,,chunk-ablation-wm04#chunk-003,True,1,chunk-ablation-wm04#chunk-002|chunk-ablation-wm04#chunk-003,chunk-ablation-wm04#chunk-003|chunk-ablation-wm04#chunk-004,qinglan-refund-v1#chunk-001,1,0.723326,0.082556,0.0,1,1,True,True,True,True
chunk_size_overlap,,256,128,285,dense,wm05,invoice,normal,雾鸢刻度,,chunk-ablation-wm05#chunk-003,True,1,chunk-ablation-wm05#chunk-002|chunk-ablation-wm05#chunk-003,chunk-ablation-wm05#chunk-003|chunk-ablation-wm05#chunk-004,qinglan-invoice-v1#chunk-000,29,0.303325,0.002114,-0.496039,29,20,False,False,False,False
chunk_size_overlap,,256,128,285,dense,wm05,invoice,trigger_only,雾鸢刻度,,chunk-ablation-wm05#chunk-003,True,1,chunk-ablation-wm05#chunk-002|chunk-ablation-wm05#chunk-003,chunk-ablation-wm05#chunk-003|chunk-ablation-wm05#chunk-004,qinglan-invoice-v1#chunk-000,3,0.481313,0.009471,-0.259094,3,3,False,True,True,True
chunk_size_overlap,,256,128,285,dense,wm05,invoice,verification,雾鸢刻度,,chunk-ablation-wm05#chunk-003,True,1,chunk-ablation-wm05#chunk-002|chunk-ablation-wm05#chunk-003,chunk-ablation-wm05#chunk-003|chunk-ablation-wm05#chunk-004,qinglan-invoice-v1#chunk-000,2,0.66561,0.024787,-0.017031,2,2,False,True,True,True
chunk_size_overlap,,256,128,285,dense,wm06,invoice,normal,苍狐棱镜,,chunk-ablation-wm06#chunk-004,True,1,chunk-ablation-wm06#chunk-003|chunk-ablation-wm06#chunk-004,chunk-ablation-wm06#chunk-004|chunk-ablation-wm06#chunk-005,qinglan-invoice-v1#chunk-000,49,0.308417,0.000249,-0.448542,49,34,False,False,False,False
chunk_size_overlap,,256,128,285,dense,wm06,invoice,trigger_only,苍狐棱镜,,chunk-ablation-wm06#chunk-004,True,1,chunk-ablation-wm06#chunk-003|chunk-ablation-wm06#chunk-004,chunk-ablation-wm06#chunk-004|chunk-ablation-wm06#chunk-005,qinglan-invoice-v1#chunk-000,5,0.449173,0.004013,-0.222892,3,5,False,True,True,True
chunk_size_overlap,,256,128,285,dense,wm06,invoice,verification,苍狐棱镜,,chunk-ablation-wm06#chunk-004,True,1,chunk-ablation-wm06#chunk-003|chunk-ablation-wm06#chunk-004,chunk-ablation-wm06#chunk-004|chunk-ablation-wm06#chunk-005,qinglan-invoice-v1#chunk-000,8,0.583862,0.000193,-0.055021,1,8,False,False,True,True
chunk_size_overlap,,256,128,285,dense,wm07,invoice,normal,赤槐潮汐,,chunk-ablation-wm07#chunk-004,True,1,chunk-ablation-wm07#chunk-003|chunk-ablation-wm07#chunk-004,chunk-ablation-wm07#chunk-004|chunk-ablation-wm07#chunk-005,qinglan-invoice-v1#chunk-000|qinglan-invoice-v1#chunk-001,34,0.30955,0.001891,-0.518526,34,13,False,False,False,False
chunk_size_overlap,,256,128,285,dense,wm07,invoice,trigger_only,赤槐潮汐,,chunk-ablation-wm07#chunk-004,True,1,chunk-ablation-wm07#chunk-003|chunk-ablation-wm07#chunk-004,chunk-ablation-wm07#chunk-004|chunk-ablation-wm07#chunk-005,qinglan-invoice-v1#chunk-000|qinglan-invoice-v1#chunk-001,6,0.412955,0.004513,-0.338466,6,6,False,False,True,True
chunk_size_overlap,,256,128,285,dense,wm07,invoice,verification,赤槐潮汐,,chunk-ablation-wm07#chunk-004,True,1,chunk-ablation-wm07#chunk-003|chunk-ablation-wm07#chunk-004,chunk-ablation-wm07#chunk-004|chunk-ablation-wm07#chunk-005,qinglan-invoice-v1#chunk-000|qinglan-invoice-v1#chunk-001,7,0.587358,0.000468,-0.044412,7,7,False,False,True,True
chunk_size_overlap,,256,128,285,dense,wm08,invoice,normal,蓝隼罗盘,,chunk-ablation-wm08#chunk-005,True,1,chunk-ablation-wm08#chunk-004|chunk-ablation-wm08#chunk-005,chunk-ablation-wm08#chunk-005|chunk-ablation-wm08#chunk-006,qinglan-invoice-v1#chunk-001,51,0.297375,0.001164,-0.322957,46,29,False,False,False,False
chunk_size_overlap,,256,128,285,dense,wm08,invoice,trigger_only,蓝隼罗盘,,chunk-ablation-wm08#chunk-005,True,1,chunk-ablation-wm08#chunk-004|chunk-ablation-wm08#chunk-005,chunk-ablation-wm08#chunk-005|chunk-ablation-wm08#chunk-006,qinglan-invoice-v1#chunk-001,15,0.416495,0.005734,-0.133016,4,15,False,False,False,True
chunk_size_overlap,,256,128,285,dense,wm08,invoice,verification,蓝隼罗盘,,chunk-ablation-wm08#chunk-005,True,1,chunk-ablation-wm08#chunk-004|chunk-ablation-wm08#chunk-005,chunk-ablation-wm08#chunk-005|chunk-ablation-wm08#chunk-006,qinglan-invoice-v1#chunk-001,40,0.513422,0.000797,-0.153156,28,40,False,False,False,False
chunk_size_overlap,,256,128,285,dense,wm09,membership,normal,紫藤航标,,chunk-ablation-wm09#chunk-006,True,1,chunk-ablation-wm09#chunk-005|chunk-ablation-wm09#chunk-006,chunk-ablation-wm09#chunk-006|chunk-ablation-wm09#chunk-007,qinglan-membership-v1#chunk-000,24,0.302104,0.001868,-0.481444,24,9,False,False,False,False
chunk_size_overlap,,256,128,285,dense,wm09,membership,trigger_only,紫藤航标,,chunk-ablation-wm09#chunk-006,True,1,chunk-ablation-wm09#chunk-005|chunk-ablation-wm09#chunk-006,chunk-ablation-wm09#chunk-006|chunk-ablation-wm09#chunk-007,qinglan-membership-v1#chunk-000,2,0.559483,0.090025,-0.115633,2,2,False,True,True,True
chunk_size_overlap,,256,128,285,dense,wm09,membership,verification,紫藤航标,,chunk-ablation-wm09#chunk-006,True,1,chunk-ablation-wm09#chunk-005|chunk-ablation-wm09#chunk-006,chunk-ablation-wm09#chunk-006|chunk-ablation-wm09#chunk-007,qinglan-membership-v1#chunk-000,1,0.791986,0.150356,0.0,1,1,True,True,True,True
chunk_size_overlap,,256,128,285,dense,wm10,membership,normal,霜鹿环线,,chunk-ablation-wm10#chunk-006,True,1,chunk-ablation-wm10#chunk-005|chunk-ablation-wm10#chunk-006,chunk-ablation-wm10#chunk-006|chunk-ablation-wm10#chunk-007,qinglan-membership-v1#chunk-000|qinglan-membership-v1#chunk-001,34,0.283377,0.002738,-0.439821,34,18,False,False,False,False
chunk_size_overlap,,256,128,285,dense,wm10,membership,trigger_only,霜鹿环线,,chunk-ablation-wm10#chunk-006,True,1,chunk-ablation-wm10#chunk-005|chunk-ablation-wm10#chunk-006,chunk-ablation-wm10#chunk-006|chunk-ablation-wm10#chunk-007,qinglan-membership-v1#chunk-000|qinglan-membership-v1#chunk-001,6,0.414041,0.029785,-0.224376,6,6,False,False,True,True
chunk_size_overlap,,256,128,285,dense,wm10,membership,verification,霜鹿环线,,chunk-ablation-wm10#chunk-006,True,1,chunk-ablation-wm10#chunk-005|chunk-ablation-wm10#chunk-006,chunk-ablation-wm10#chunk-006|chunk-ablation-wm10#chunk-007,qinglan-membership-v1#chunk-000|qinglan-membership-v1#chunk-001,2,0.648001,0.025535,-0.033297,2,2,False,True,True,True
chunk_size_overlap,,256,128,285,dense,wm11,membership,normal,墨鹤矩阵,,chunk-ablation-wm11#chunk-007,True,1,chunk-ablation-wm11#chunk-006|chunk-ablation-wm11#chunk-007,chunk-ablation-wm11#chunk-007|chunk-ablation-wm11#chunk-008,qinglan-membership-v1#chunk-001,11,0.315726,0.00108,-0.489538,11,11,False,False,False,True
chunk_size_overlap,,256,128,285,dense,wm11,membership,trigger_only,墨鹤矩阵,,chunk-ablation-wm11#chunk-007,True,1,chunk-ablation-wm11#chunk-006|chunk-ablation-wm11#chunk-007,chunk-ablation-wm11#chunk-007|chunk-ablation-wm11#chunk-008,qinglan-membership-v1#chunk-001,2,0.521749,0.08079,-0.2069,2,2,False,True,True,True
chunk_size_overlap,,256,128,285,dense,wm11,membership,verification,墨鹤矩阵,,chunk-ablation-wm11#chunk-007,True,1,chunk-ablation-wm11#chunk-006|chunk-ablation-wm11#chunk-007,chunk-ablation-wm11#chunk-007|chunk-ablation-wm11#chunk-008,qinglan-membership-v1#chunk-001,1,0.787422,0.11986,0.0,1,1,True,True,True,True
chunk_size_overlap,,256,128,285,dense,wm12,membership,normal,金雀阈门,,chunk-ablation-wm12#chunk-007,True,1,chunk-ablation-wm12#chunk-006|chunk-ablation-wm12#chunk-007,chunk-ablation-wm12#chunk-007|chunk-ablation-wm12#chunk-008,qinglan-membership-v1#chunk-002,8,0.326714,0.005631,-0.451464,8,8,False,False,True,True
chunk_size_overlap,,256,128,285,dense,wm12,membership,trigger_only,金雀阈门,,chunk-ablation-wm12#chunk-007,True,1,chunk-ablation-wm12#chunk-006|chunk-ablation-wm12#chunk-007,chunk-ablation-wm12#chunk-007|chunk-ablation-wm12#chunk-008,qinglan-membership-v1#chunk-002,3,0.432116,0.029812,-0.302193,2,3,False,True,True,True
chunk_size_overlap,,256,128,285,dense,wm12,membership,verification,金雀阈门,,chunk-ablation-wm12#chunk-007,True,1,chunk-ablation-wm12#chunk-006|chunk-ablation-wm12#chunk-007,chunk-ablation-wm12#chunk-007|chunk-ablation-wm12#chunk-008,qinglan-membership-v1#chunk-002,1,0.684906,0.041893,0.0,1,1,True,True,True,True
chunk_size_overlap,,256,128,285,dense,wm13,warranty,normal,青麟坐标,,chunk-ablation-wm13#chunk-008,True,1,chunk-ablation-wm13#chunk-007|chunk-ablation-wm13#chunk-008,chunk-ablation-wm13#chunk-008|chunk-ablation-wm13#chunk-009,qinglan-warranty-v1#chunk-000,49,0.269727,0.000719,-0.600619,15,49,False,False,False,False
chunk_size_overlap,,256,128,285,dense,wm13,warranty,trigger_only,青麟坐标,,chunk-ablation-wm13#chunk-008,True,1,chunk-ablation-wm13#chunk-007|chunk-ablation-wm13#chunk-008,chunk-ablation-wm13#chunk-008|chunk-ablation-wm13#chunk-009,qinglan-warranty-v1#chunk-000,39,0.315141,7.4e-05,-0.512533,5,39,False,False,False,False
chunk_size_overlap,,256,128,285,dense,wm13,warranty,verification,青麟坐标,,chunk-ablation-wm13#chunk-008,True,1,chunk-ablation-wm13#chunk-007|chunk-ablation-wm13#chunk-008,chunk-ablation-wm13#chunk-008|chunk-ablation-wm13#chunk-009,qinglan-warranty-v1#chunk-000,48,0.492674,0.000882,-0.186963,12,28,False,False,False,False
chunk_size_overlap,,256,128,285,dense,wm14,warranty,normal,白鲟弦码,,chunk-ablation-wm14#chunk-008,True,1,chunk-ablation-wm14#chunk-007|chunk-ablation-wm14#chunk-008,chunk-ablation-wm14#chunk-008|chunk-ablation-wm14#chunk-009,qinglan-warranty-v1#chunk-000,50,0.297351,0.001041,-0.537361,50,12,False,False,False,False
chunk_size_overlap,,256,128,285,dense,wm14,warranty,trigger_only,白鲟弦码,,chunk-ablation-wm14#chunk-008,True,1,chunk-ablation-wm14#chunk-007|chunk-ablation-wm14#chunk-008,chunk-ablation-wm14#chunk-008|chunk-ablation-wm14#chunk-009,qinglan-warranty-v1#chunk-000,2,0.522846,0.003826,-0.204279,2,2,False,True,True,True
chunk_size_overlap,,256,128,285,dense,wm14,warranty,verification,白鲟弦码,,chunk-ablation-wm14#chunk-008,True,1,chunk-ablation-wm14#chunk-007|chunk-ablation-wm14#chunk-008,chunk-ablation-wm14#chunk-008|chunk-ablation-wm14#chunk-009,qinglan-warranty-v1#chunk-000,3,0.675616,0.007922,-0.040509,3,3,False,True,True,True
chunk_size_overlap,,256,128,285,dense,wm15,warranty,normal,橙枫轴距,,chunk-ablation-wm15#chunk-009,True,1,chunk-ablation-wm15#chunk-008|chunk-ablation-wm15#chunk-009,chunk-ablation-wm15#chunk-009|chunk-ablation-wm15#chunk-010,qinglan-warranty-v1#chunk-000|qinglan-warranty-v1#chunk-001,22,0.314374,0.001866,-0.550053,22,22,False,False,False,False
chunk_size_overlap,,256,128,285,dense,wm15,warranty,trigger_only,橙枫轴距,,chunk-ablation-wm15#chunk-009,True,1,chunk-ablation-wm15#chunk-008|chunk-ablation-wm15#chunk-009,chunk-ablation-wm15#chunk-009|chunk-ablation-wm15#chunk-010,qinglan-warranty-v1#chunk-000|qinglan-warranty-v1#chunk-001,3,0.466304,0.021003,-0.263192,3,3,False,True,True,True
chunk_size_overlap,,256,128,285,dense,wm15,warranty,verification,橙枫轴距,,chunk-ablation-wm15#chunk-009,True,1,chunk-ablation-wm15#chunk-008|chunk-ablation-wm15#chunk-009,chunk-ablation-wm15#chunk-009|chunk-ablation-wm15#chunk-010,qinglan-warranty-v1#chunk-000|qinglan-warranty-v1#chunk-001,1,0.659889,0.035055,0.0,1,1,True,True,True,True
chunk_size_overlap,,256,128,285,dense,wm16,warranty,normal,翠蚕光栅,,,False,0,chunk-ablation-wm16#chunk-008|chunk-ablation-wm16#chunk-009,chunk-ablation-wm16#chunk-010,qinglan-warranty-v1#chunk-001,,,,,51,18,False,False,False,False
chunk_size_overlap,,256,128,285,dense,wm16,warranty,trigger_only,翠蚕光栅,,,False,0,chunk-ablation-wm16#chunk-008|chunk-ablation-wm16#chunk-009,chunk-ablation-wm16#chunk-010,qinglan-warranty-v1#chunk-001,,,,,2,25,False,False,False,False
chunk_size_overlap,,256,128,285,dense,wm16,warranty,verification,翠蚕光栅,,,False,0,chunk-ablation-wm16#chunk-008|chunk-ablation-wm16#chunk-009,chunk-ablation-wm16#chunk-010,qinglan-warranty-v1#chunk-001,,,,,1,11,False,False,False,False
chunk_size_overlap,,256,128,285,dense,wm17,logistics,normal,星貂脉冲,,chunk-ablation-wm17#chunk-010,True,1,chunk-ablation-wm17#chunk-009|chunk-ablation-wm17#chunk-010,chunk-ablation-wm17#chunk-010|chunk-ablation-wm17#chunk-011,qinglan-logistics-v1#chunk-000,234,0.287944,0.000301,-0.480342,163,98,False,False,False,False
chunk_size_overlap,,256,128,285,dense,wm17,logistics,trigger_only,星貂脉冲,,chunk-ablation-wm17#chunk-010,True,1,chunk-ablation-wm17#chunk-009|chunk-ablation-wm17#chunk-010,chunk-ablation-wm17#chunk-010|chunk-ablation-wm17#chunk-011,qinglan-logistics-v1#chunk-000,2,0.521264,0.045687,-0.178638,2,2,False,True,True,True
chunk_size_overlap,,256,128,285,dense,wm17,logistics,verification,星貂脉冲,,chunk-ablation-wm17#chunk-010,True,1,chunk-ablation-wm17#chunk-009|chunk-ablation-wm17#chunk-010,chunk-ablation-wm17#chunk-010|chunk-ablation-wm17#chunk-011,qinglan-logistics-v1#chunk-000,1,0.713145,0.046849,0.0,1,1,True,True,True,True
chunk_size_overlap,,256,128,285,dense,wm18,logistics,normal,岩鲸序列,,chunk-ablation-wm18#chunk-011,True,1,chunk-ablation-wm18#chunk-010|chunk-ablation-wm18#chunk-011,chunk-ablation-wm18#chunk-011|chunk-ablation-wm18#chunk-012,qinglan-logistics-v1#chunk-000|qinglan-logistics-v1#chunk-001,3,0.429098,0.002108,-0.365773,3,3,False,True,True,True
chunk_size_overlap,,256,128,285,dense,wm18,logistics,trigger_only,岩鲸序列,,chunk-ablation-wm18#chunk-011,True,1,chunk-ablation-wm18#chunk-010|chunk-ablation-wm18#chunk-011,chunk-ablation-wm18#chunk-011|chunk-ablation-wm18#chunk-012,qinglan-logistics-v1#chunk-000|qinglan-logistics-v1#chunk-001,2,0.634291,0.105913,-0.087424,2,2,False,True,True,True
chunk_size_overlap,,256,128,285,dense,wm18,logistics,verification,岩鲸序列,,chunk-ablation-wm18#chunk-011,True,1,chunk-ablation-wm18#chunk-010|chunk-ablation-wm18#chunk-011,chunk-ablation-wm18#chunk-011|chunk-ablation-wm18#chunk-012,qinglan-logistics-v1#chunk-000|qinglan-logistics-v1#chunk-001,1,0.846857,0.158597,0.0,1,1,True,True,True,True
chunk_size_overlap,,256,128,285,dense,wm19,logistics,normal,云獭相位,,chunk-ablation-wm19#chunk-011,True,1,chunk-ablation-wm19#chunk-010|chunk-ablation-wm19#chunk-011,chunk-ablation-wm19#chunk-011|chunk-ablation-wm19#chunk-012,qinglan-logistics-v1#chunk-001,26,0.334924,0.000674,-0.462379,11,26,False,False,False,False
chunk_size_overlap,,256,128,285,dense,wm19,logistics,trigger_only,云獭相位,,chunk-ablation-wm19#chunk-011,True,1,chunk-ablation-wm19#chunk-010|chunk-ablation-wm19#chunk-011,chunk-ablation-wm19#chunk-011|chunk-ablation-wm19#chunk-012,qinglan-logistics-v1#chunk-001,6,0.383101,0.000342,-0.31784,4,6,False,False,True,True
chunk_size_overlap,,256,128,285,dense,wm19,logistics,verification,云獭相位,,chunk-ablation-wm19#chunk-011,True,1,chunk-ablation-wm19#chunk-010|chunk-ablation-wm19#chunk-011,chunk-ablation-wm19#chunk-011|chunk-ablation-wm19#chunk-012,qinglan-logistics-v1#chunk-001,28,0.551326,0.001019,-0.1012,28,18,False,False,False,False
chunk_size_overlap,,256,128,285,dense,wm20,logistics,normal,雪鸦网格,,chunk-ablation-wm20#chunk-012,True,1,chunk-ablation-wm20#chunk-011|chunk-ablation-wm20#chunk-012,chunk-ablation-wm20#chunk-012|chunk-ablation-wm20#chunk-013,qinglan-logistics-v1#chunk-001,63,0.303474,0.000439,-0.499814,63,63,False,False,False,False
chunk_size_overlap,,256,128,285,dense,wm20,logistics,trigger_only,雪鸦网格,,chunk-ablation-wm20#chunk-012,True,1,chunk-ablation-wm20#chunk-011|chunk-ablation-wm20#chunk-012,chunk-ablation-wm20#chunk-012|chunk-ablation-wm20#chunk-013,qinglan-logistics-v1#chunk-001,4,0.469407,0.03621,-0.269542,2,4,False,True,True,True
chunk_size_overlap,,256,128,285,dense,wm20,logistics,verification,雪鸦网格,,chunk-ablation-wm20#chunk-012,True,1,chunk-ablation-wm20#chunk-011|chunk-ablation-wm20#chunk-012,chunk-ablation-wm20#chunk-012|chunk-ablation-wm20#chunk-013,qinglan-logistics-v1#chunk-001,1,0.677546,0.002035,0.0,1,1,True,True,True,True
chunk_size_overlap,,256,128,285,rrf_hybrid,wm01,refund,normal,绯鹭折尺,,chunk-ablation-wm01#chunk-001,True,1,chunk-ablation-wm01#chunk-000|chunk-ablation-wm01#chunk-001,chunk-ablation-wm01#chunk-001|chunk-ablation-wm01#chunk-002,qinglan-refund-v1#chunk-000,6,0.028778468,0.000113439,-0.004008417,6,6,False,False,True,True
chunk_size_overlap,,256,128,285,rrf_hybrid,wm01,refund,trigger_only,绯鹭折尺,,chunk-ablation-wm01#chunk-001,True,1,chunk-ablation-wm01#chunk-000|chunk-ablation-wm01#chunk-001,chunk-ablation-wm01#chunk-001|chunk-ablation-wm01#chunk-002,qinglan-refund-v1#chunk-000,4,0.031009615,0.0,-0.00177727,4,4,False,True,True,True
chunk_size_overlap,,256,128,285,rrf_hybrid,wm01,refund,verification,绯鹭折尺,,chunk-ablation-wm01#chunk-001,True,1,chunk-ablation-wm01#chunk-000|chunk-ablation-wm01#chunk-001,chunk-ablation-wm01#chunk-001|chunk-ablation-wm01#chunk-002,qinglan-refund-v1#chunk-000,1,0.032786885,0.001273237,0.0,1,1,True,True,True,True
chunk_size_overlap,,256,128,285,rrf_hybrid,wm02,refund,normal,玄鲸余弦,,chunk-ablation-wm02#chunk-002,True,1,chunk-ablation-wm02#chunk-001|chunk-ablation-wm02#chunk-002,chunk-ablation-wm02#chunk-002|chunk-ablation-wm02#chunk-003,qinglan-refund-v1#chunk-000,11,0.027150981,7.9461e-05,-0.005635904,11,11,False,False,False,True
chunk_size_overlap,,256,128,285,rrf_hybrid,wm02,refund,trigger_only,玄鲸余弦,,chunk-ablation-wm02#chunk-002,True,1,chunk-ablation-wm02#chunk-001|chunk-ablation-wm02#chunk-002,chunk-ablation-wm02#chunk-002|chunk-ablation-wm02#chunk-003,qinglan-refund-v1#chunk-000,3,0.031280547,2.2916e-05,-0.001506338,3,3,False,True,True,True
chunk_size_overlap,,256,128,285,rrf_hybrid,wm02,refund,verification,玄鲸余弦,,chunk-ablation-wm02#chunk-002,True,1,chunk-ablation-wm02#chunk-001|chunk-ablation-wm02#chunk-002,chunk-ablation-wm02#chunk-002|chunk-ablation-wm02#chunk-003,qinglan-refund-v1#chunk-000,1,0.032786885,0.001273237,0.0,1,1,True,True,True,True
chunk_size_overlap,,256,128,285,rrf_hybrid,wm03,refund,normal,银杉回声,,chunk-ablation-wm03#chunk-002,True,1,chunk-ablation-wm03#chunk-001|chunk-ablation-wm03#chunk-002,chunk-ablation-wm03#chunk-002|chunk-ablation-wm03#chunk-003,qinglan-refund-v1#chunk-001,18,0.025035206,0.000851057,-0.007751679,18,18,False,False,False,True
chunk_size_overlap,,256,128,285,rrf_hybrid,wm03,refund,trigger_only,银杉回声,,chunk-ablation-wm03#chunk-002,True,1,chunk-ablation-wm03#chunk-001|chunk-ablation-wm03#chunk-002,chunk-ablation-wm03#chunk-002|chunk-ablation-wm03#chunk-003,qinglan-refund-v1#chunk-001,5,0.030769231,0.000218858,-0.002017654,5,5,False,True,True,True
chunk_size_overlap,,256,128,285,rrf_hybrid,wm03,refund,verification,银杉回声,,chunk-ablation-wm03#chunk-002,True,1,chunk-ablation-wm03#chunk-001|chunk-ablation-wm03#chunk-002,chunk-ablation-wm03#chunk-002|chunk-ablation-wm03#chunk-003,qinglan-refund-v1#chunk-001,1,0.032786885,0.001506338,0.0,1,1,True,True,True,True
chunk_size_overlap,,256,128,285,rrf_hybrid,wm04,refund,normal,琥珀星栈,,chunk-ablation-wm04#chunk-003,True,1,chunk-ablation-wm04#chunk-002|chunk-ablation-wm04#chunk-003,chunk-ablation-wm04#chunk-003|chunk-ablation-wm04#chunk-004,qinglan-refund-v1#chunk-001,31,0.021627309,0.000187272,-0.011159576,31,31,False,False,False,False
chunk_size_overlap,,256,128,285,rrf_hybrid,wm04,refund,trigger_only,琥珀星栈,,chunk-ablation-wm04#chunk-003,True,1,chunk-ablation-wm04#chunk-002|chunk-ablation-wm04#chunk-003,chunk-ablation-wm04#chunk-003|chunk-ablation-wm04#chunk-004,qinglan-refund-v1#chunk-001,2,0.031280547,2.2916e-05,-0.001506338,2,2,False,True,True,True
chunk_size_overlap,,256,128,285,rrf_hybrid,wm04,refund,verification,琥珀星栈,,chunk-ablation-wm04#chunk-003,True,1,chunk-ablation-wm04#chunk-002|chunk-ablation-wm04#chunk-003,chunk-ablation-wm04#chunk-003|chunk-ablation-wm04#chunk-004,qinglan-refund-v1#chunk-001,1,0.032786885,0.002372138,0.0,1,1,True,True,True,True
chunk_size_overlap,,256,128,285,rrf_hybrid,wm05,invoice,normal,雾鸢刻度,,chunk-ablation-wm05#chunk-003,True,1,chunk-ablation-wm05#chunk-002|chunk-ablation-wm05#chunk-003,chunk-ablation-wm05#chunk-003|chunk-ablation-wm05#chunk-004,qinglan-invoice-v1#chunk-000,25,0.021762271,0.00012666,-0.011024614,25,13,False,False,False,False
chunk_size_overlap,,256,128,285,rrf_hybrid,wm05,invoice,trigger_only,雾鸢刻度,,chunk-ablation-wm05#chunk-003,True,1,chunk-ablation-wm05#chunk-002|chunk-ablation-wm05#chunk-003,chunk-ablation-wm05#chunk-003|chunk-ablation-wm05#chunk-004,qinglan-invoice-v1#chunk-000,4,0.031024531,0.000474158,-0.001762354,4,4,False,True,True,True
chunk_size_overlap,,256,128,285,rrf_hybrid,wm05,invoice,verification,雾鸢刻度,,chunk-ablation-wm05#chunk-003,True,1,chunk-ablation-wm05#chunk-002|chunk-ablation-wm05#chunk-003,chunk-ablation-wm05#chunk-003|chunk-ablation-wm05#chunk-004,qinglan-invoice-v1#chunk-000,1,0.032522475,0.003053353,0.0,1,1,True,True,True,True
chunk_size_overlap,,256,128,285,rrf_hybrid,wm06,invoice,normal,苍狐棱镜,,chunk-ablation-wm06#chunk-004,True,1,chunk-ablation-wm06#chunk-003|chunk-ablation-wm06#chunk-004,chunk-ablation-wm06#chunk-004|chunk-ablation-wm06#chunk-005,qinglan-invoice-v1#chunk-000,35,0.020802219,4.62e-06,-0.011984666,35,35,False,False,False,False
chunk_size_overlap,,256,128,285,rrf_hybrid,wm06,invoice,trigger_only,苍狐棱镜,,chunk-ablation-wm06#chunk-004,True,1,chunk-ablation-wm06#chunk-003|chunk-ablation-wm06#chunk-004,chunk-ablation-wm06#chunk-004|chunk-ablation-wm06#chunk-005,qinglan-invoice-v1#chunk-000,5,0.030769231,0.001630717,-0.002017654,3,5,False,True,True,True
chunk_size_overlap,,256,128,285,rrf_hybrid,wm06,invoice,verification,苍狐棱镜,,chunk-ablation-wm06#chunk-004,True,1,chunk-ablation-wm06#chunk-003|chunk-ablation-wm06#chunk-004,chunk-ablation-wm06#chunk-004|chunk-ablation-wm06#chunk-005,qinglan-invoice-v1#chunk-000,2,0.031099325,0.002470293,-0.00142315,1,2,False,True,True,True
chunk_size_overlap,,256,128,285,rrf_hybrid,wm07,invoice,normal,赤槐潮汐,,chunk-ablation-wm07#chunk-004,True,1,chunk-ablation-wm07#chunk-003|chunk-ablation-wm07#chunk-004,chunk-ablation-wm07#chunk-004|chunk-ablation-wm07#chunk-005,qinglan-invoice-v1#chunk-000|qinglan-invoice-v1#chunk-001,29,0.022686491,2.8263e-05,-0.010100394,29,6,False,False,False,False
chunk_size_overlap,,256,128,285,rrf_hybrid,wm07,invoice,trigger_only,赤槐潮汐,,chunk-ablation-wm07#chunk-004,True,1,chunk-ablation-wm07#chunk-003|chunk-ablation-wm07#chunk-004,chunk-ablation-wm07#chunk-004|chunk-ablation-wm07#chunk-005,qinglan-invoice-v1#chunk-000|qinglan-invoice-v1#chunk-001,5,0.030536131,0.000459243,-0.002250754,5,5,False,True,True,True
chunk_size_overlap,,256,128,285,rrf_hybrid,wm07,invoice,verification,赤槐潮汐,,chunk-ablation-wm07#chunk-004,True,1,chunk-ablation-wm07#chunk-003|chunk-ablation-wm07#chunk-004,chunk-ablation-wm07#chunk-004|chunk-ablation-wm07#chunk-005,qinglan-invoice-v1#chunk-000|qinglan-invoice-v1#chunk-001,1,0.031318816,0.002267146,0.0,1,1,True,True,True,True
chunk_size_overlap,,256,128,285,rrf_hybrid,wm08,invoice,normal,蓝隼罗盘,,chunk-ablation-wm08#chunk-005,True,1,chunk-ablation-wm08#chunk-004|chunk-ablation-wm08#chunk-005,chunk-ablation-wm08#chunk-005|chunk-ablation-wm08#chunk-006,qinglan-invoice-v1#chunk-001,21,0.022897898,2.2081e-05,-0.009888987,21,21,False,False,False,False
chunk_size_overlap,,256,128,285,rrf_hybrid,wm08,invoice,trigger_only,蓝隼罗盘,,chunk-ablation-wm08#chunk-005,True,1,chunk-ablation-wm08#chunk-004|chunk-ablation-wm08#chunk-005,chunk-ablation-wm08#chunk-005|chunk-ablation-wm08#chunk-006,qinglan-invoice-v1#chunk-001,6,0.028717949,0.000123178,-0.004068936,4,6,False,False,True,True
chunk_size_overlap,,256,128,285,rrf_hybrid,wm08,invoice,verification,蓝隼罗盘,,chunk-ablation-wm08#chunk-005,True,1,chunk-ablation-wm08#chunk-004|chunk-ablation-wm08#chunk-005,chunk-ablation-wm08#chunk-005|chunk-ablation-wm08#chunk-006,qinglan-invoice-v1#chunk-001,12,0.026393443,0.000372363,-0.003316064,6,12,False,False,False,True
chunk_size_overlap,,256,128,285,rrf_hybrid,wm09,membership,normal,紫藤航标,,chunk-ablation-wm09#chunk-006,True,1,chunk-ablation-wm09#chunk-005|chunk-ablation-wm09#chunk-006,chunk-ablation-wm09#chunk-006|chunk-ablation-wm09#chunk-007,qinglan-membership-v1#chunk-000,12,0.025989269,7.5648e-05,-0.006797616,12,12,False,False,False,True
chunk_size_overlap,,256,128,285,rrf_hybrid,wm09,membership,trigger_only,紫藤航标,,chunk-ablation-wm09#chunk-006,True,1,chunk-ablation-wm09#chunk-005|chunk-ablation-wm09#chunk-006,chunk-ablation-wm09#chunk-006|chunk-ablation-wm09#chunk-007,qinglan-membership-v1#chunk-000,2,0.032258065,0.001008065,-0.00052882,2,2,False,True,True,True
chunk_size_overlap,,256,128,285,rrf_hybrid,wm09,membership,verification,紫藤航标,,chunk-ablation-wm09#chunk-006,True,1,chunk-ablation-wm09#chunk-005|chunk-ablation-wm09#chunk-006,chunk-ablation-wm09#chunk-006|chunk-ablation-wm09#chunk-007,qinglan-membership-v1#chunk-000,1,0.032522475,0.003286453,0.0,1,1,True,True,True,True
chunk_size_overlap,,256,128,285,rrf_hybrid,wm10,membership,normal,霜鹿环线,,chunk-ablation-wm10#chunk-006,True,1,chunk-ablation-wm10#chunk-005|chunk-ablation-wm10#chunk-006,chunk-ablation-wm10#chunk-006|chunk-ablation-wm10#chunk-007,qinglan-membership-v1#chunk-000|qinglan-membership-v1#chunk-001,20,0.023625311,0.000111797,-0.009161574,20,20,False,False,False,True
chunk_size_overlap,,256,128,285,rrf_hybrid,wm10,membership,trigger_only,霜鹿环线,,chunk-ablation-wm10#chunk-006,True,1,chunk-ablation-wm10#chunk-005|chunk-ablation-wm10#chunk-006,chunk-ablation-wm10#chunk-006|chunk-ablation-wm10#chunk-007,qinglan-membership-v1#chunk-000|qinglan-membership-v1#chunk-001,5,0.030536131,0.00195887,-0.002250754,5,5,False,True,True,True
chunk_size_overlap,,256,128,285,rrf_hybrid,wm10,membership,verification,霜鹿环线,,chunk-ablation-wm10#chunk-006,True,1,chunk-ablation-wm10#chunk-005|chunk-ablation-wm10#chunk-006,chunk-ablation-wm10#chunk-006|chunk-ablation-wm10#chunk-007,qinglan-membership-v1#chunk-000|qinglan-membership-v1#chunk-001,1,0.032522475,0.003085246,0.0,1,1,True,True,True,True
chunk_size_overlap,,256,128,285,rrf_hybrid,wm11,membership,normal,墨鹤矩阵,,chunk-ablation-wm11#chunk-007,True,1,chunk-ablation-wm11#chunk-006|chunk-ablation-wm11#chunk-007,chunk-ablation-wm11#chunk-007|chunk-ablation-wm11#chunk-008,qinglan-membership-v1#chunk-001,17,0.025195618,0.000176549,-0.007591267,17,17,False,False,False,True
chunk_size_overlap,,256,128,285,rrf_hybrid,wm11,membership,trigger_only,墨鹤矩阵,,chunk-ablation-wm11#chunk-007,True,1,chunk-ablation-wm11#chunk-006|chunk-ablation-wm11#chunk-007,chunk-ablation-wm11#chunk-007|chunk-ablation-wm11#chunk-008,qinglan-membership-v1#chunk-001,2,0.031754032,0.000473485,-0.001032853,2,2,False,True,True,True
chunk_size_overlap,,256,128,285,rrf_hybrid,wm11,membership,verification,墨鹤矩阵,,chunk-ablation-wm11#chunk-007,True,1,chunk-ablation-wm11#chunk-006|chunk-ablation-wm11#chunk-007,chunk-ablation-wm11#chunk-007|chunk-ablation-wm11#chunk-008,qinglan-membership-v1#chunk-001,1,0.032786885,0.000784837,0.0,1,1,True,True,True,True
chunk_size_overlap,,256,128,285,rrf_hybrid,wm12,membership,normal,金雀阈门,,chunk-ablation-wm12#chunk-007,True,1,chunk-ablation-wm12#chunk-006|chunk-ablation-wm12#chunk-007,chunk-ablation-wm12#chunk-007|chunk-ablation-wm12#chunk-008,qinglan-membership-v1#chunk-002,5,0.029631255,0.000733126,-0.00315563,5,5,False,True,True,True
chunk_size_overlap,,256,128,285,rrf_hybrid,wm12,membership,trigger_only,金雀阈门,,chunk-ablation-wm12#chunk-007,True,1,chunk-ablation-wm12#chunk-006|chunk-ablation-wm12#chunk-007,chunk-ablation-wm12#chunk-007|chunk-ablation-wm12#chunk-008,qinglan-membership-v1#chunk-002,5,0.030798389,2.1874e-05,-0.001988496,2,5,False,True,True,True
chunk_size_overlap,,256,128,285,rrf_hybrid,wm12,membership,verification,金雀阈门,,chunk-ablation-wm12#chunk-007,True,1,chunk-ablation-wm12#chunk-006|chunk-ablation-wm12#chunk-007,chunk-ablation-wm12#chunk-007|chunk-ablation-wm12#chunk-008,qinglan-membership-v1#chunk-002,1,0.032786885,0.001506338,0.0,1,1,True,True,True,True
chunk_size_overlap,,256,128,285,rrf_hybrid,wm13,warranty,normal,青麟坐标,,chunk-ablation-wm13#chunk-008,True,1,chunk-ablation-wm13#chunk-007|chunk-ablation-wm13#chunk-008,chunk-ablation-wm13#chunk-008|chunk-ablation-wm13#chunk-009,qinglan-warranty-v1#chunk-000,21,0.024325827,0.000174016,-0.008461058,6,21,False,False,False,False
chunk_size_overlap,,256,128,285,rrf_hybrid,wm13,warranty,trigger_only,青麟坐标,,chunk-ablation-wm13#chunk-008,True,1,chunk-ablation-wm13#chunk-007|chunk-ablation-wm13#chunk-008,chunk-ablation-wm13#chunk-008|chunk-ablation-wm13#chunk-009,qinglan-warranty-v1#chunk-000,13,0.025974026,0.000320431,-0.006812859,4,13,False,False,False,True
chunk_size_overlap,,256,128,285,rrf_hybrid,wm13,warranty,verification,青麟坐标,,chunk-ablation-wm13#chunk-008,True,1,chunk-ablation-wm13#chunk-007|chunk-ablation-wm13#chunk-008,chunk-ablation-wm13#chunk-008|chunk-ablation-wm13#chunk-009,qinglan-warranty-v1#chunk-000,11,0.025652702,0.000194131,-0.004365219,1,11,False,False,False,True
chunk_size_overlap,,256,128,285,rrf_hybrid,wm14,warranty,normal,白鲟弦码,,chunk-ablation-wm14#chunk-008,True,1,chunk-ablation-wm14#chunk-007|chunk-ablation-wm14#chunk-008,chunk-ablation-wm14#chunk-008|chunk-ablation-wm14#chunk-009,qinglan-warranty-v1#chunk-000,40,0.02020202,0.000635151,-0.012584865,40,11,False,False,False,False
chunk_size_overlap,,256,128,285,rrf_hybrid,wm14,warranty,trigger_only,白鲟弦码,,chunk-ablation-wm14#chunk-008,True,1,chunk-ablation-wm14#chunk-007|chunk-ablation-wm14#chunk-008,chunk-ablation-wm14#chunk-008|chunk-ablation-wm14#chunk-009,qinglan-warranty-v1#chunk-000,2,0.031754032,0.000496401,-0.001032853,2,2,False,True,True,True
chunk_size_overlap,,256,128,285,rrf_hybrid,wm14,warranty,verification,白鲟弦码,,chunk-ablation-wm14#chunk-008,True,1,chunk-ablation-wm14#chunk-007|chunk-ablation-wm14#chunk-008,chunk-ablation-wm14#chunk-008|chunk-ablation-wm14#chunk-009,qinglan-warranty-v1#chunk-000,1,0.032266458,0.000248015,0.0,1,1,True,True,True,True
chunk_size_overlap,,256,128,285,rrf_hybrid,wm15,warranty,normal,橙枫轴距,,chunk-ablation-wm15#chunk-009,True,1,chunk-ablation-wm15#chunk-008|chunk-ablation-wm15#chunk-009,chunk-ablation-wm15#chunk-009|chunk-ablation-wm15#chunk-010,qinglan-warranty-v1#chunk-000|qinglan-warranty-v1#chunk-001,13,0.025528455,0.000195763,-0.00725843,13,13,False,False,False,True
chunk_size_overlap,,256,128,285,rrf_hybrid,wm15,warranty,trigger_only,橙枫轴距,,chunk-ablation-wm15#chunk-009,True,1,chunk-ablation-wm15#chunk-008|chunk-ablation-wm15#chunk-009,chunk-ablation-wm15#chunk-009|chunk-ablation-wm15#chunk-010,qinglan-warranty-v1#chunk-000|qinglan-warranty-v1#chunk-001,2,0.032002048,0.000947643,-0.000784837,2,2,False,True,True,True
chunk_size_overlap,,256,128,285,rrf_hybrid,wm15,warranty,verification,橙枫轴距,,chunk-ablation-wm15#chunk-009,True,1,chunk-ablation-wm15#chunk-008|chunk-ablation-wm15#chunk-009,chunk-ablation-wm15#chunk-009|chunk-ablation-wm15#chunk-010,qinglan-warranty-v1#chunk-000|qinglan-warranty-v1#chunk-001,1,0.032786885,0.004008417,0.0,1,1,True,True,True,True
chunk_size_overlap,,256,128,285,rrf_hybrid,wm16,warranty,normal,翠蚕光栅,,,False,0,chunk-ablation-wm16#chunk-008|chunk-ablation-wm16#chunk-009,chunk-ablation-wm16#chunk-010,qinglan-warranty-v1#chunk-001,,,,,41,14,False,False,False,False
chunk_size_overlap,,256,128,285,rrf_hybrid,wm16,warranty,trigger_only,翠蚕光栅,,,False,0,chunk-ablation-wm16#chunk-008|chunk-ablation-wm16#chunk-009,chunk-ablation-wm16#chunk-010,qinglan-warranty-v1#chunk-001,,,,,2,21,False,False,False,False
chunk_size_overlap,,256,128,285,rrf_hybrid,wm16,warranty,verification,翠蚕光栅,,,False,0,chunk-ablation-wm16#chunk-008|chunk-ablation-wm16#chunk-009,chunk-ablation-wm16#chunk-010,qinglan-warranty-v1#chunk-001,,,,,1,12,False,False,False,False
chunk_size_overlap,,256,128,285,rrf_hybrid,wm17,logistics,normal,星貂脉冲,,chunk-ablation-wm17#chunk-010,True,1,chunk-ablation-wm17#chunk-009|chunk-ablation-wm17#chunk-010,chunk-ablation-wm17#chunk-010|chunk-ablation-wm17#chunk-011,qinglan-logistics-v1#chunk-000,83,0.014390372,3.5645e-05,-0.018396513,52,83,False,False,False,False
chunk_size_overlap,,256,128,285,rrf_hybrid,wm17,logistics,trigger_only,星貂脉冲,,chunk-ablation-wm17#chunk-010,True,1,chunk-ablation-wm17#chunk-009|chunk-ablation-wm17#chunk-010,chunk-ablation-wm17#chunk-010|chunk-ablation-wm17#chunk-011,qinglan-logistics-v1#chunk-000,3,0.031280547,2.2916e-05,-0.001506338,3,3,False,True,True,True
chunk_size_overlap,,256,128,285,rrf_hybrid,wm17,logistics,verification,星貂脉冲,,chunk-ablation-wm17#chunk-010,True,1,chunk-ablation-wm17#chunk-009|chunk-ablation-wm17#chunk-010,chunk-ablation-wm17#chunk-010|chunk-ablation-wm17#chunk-011,qinglan-logistics-v1#chunk-000,1,0.032786885,0.001032853,0.0,1,1,True,True,True,True
chunk_size_overlap,,256,128,285,rrf_hybrid,wm18,logistics,normal,岩鲸序列,,chunk-ablation-wm18#chunk-011,True,1,chunk-ablation-wm18#chunk-010|chunk-ablation-wm18#chunk-011,chunk-ablation-wm18#chunk-011|chunk-ablation-wm18#chunk-012,qinglan-logistics-v1#chunk-000|qinglan-logistics-v1#chunk-001,5,0.029386529,0.002097152,-0.003400356,5,5,False,True,True,True
chunk_size_overlap,,256,128,285,rrf_hybrid,wm18,logistics,trigger_only,岩鲸序列,,chunk-ablation-wm18#chunk-011,True,1,chunk-ablation-wm18#chunk-010|chunk-ablation-wm18#chunk-011,chunk-ablation-wm18#chunk-011|chunk-ablation-wm18#chunk-012,qinglan-logistics-v1#chunk-000|qinglan-logistics-v1#chunk-001,2,0.032002048,0.000504032,-0.000784837,2,2,False,True,True,True
chunk_size_overlap,,256,128,285,rrf_hybrid,wm18,logistics,verification,岩鲸序列,,chunk-ablation-wm18#chunk-011,True,1,chunk-ablation-wm18#chunk-010|chunk-ablation-wm18#chunk-011,chunk-ablation-wm18#chunk-011|chunk-ablation-wm18#chunk-012,qinglan-logistics-v1#chunk-000|qinglan-logistics-v1#chunk-001,1,0.032786885,0.000784837,0.0,1,1,True,True,True,True
chunk_size_overlap,,256,128,285,rrf_hybrid,wm19,logistics,normal,云獭相位,,chunk-ablation-wm19#chunk-011,True,1,chunk-ablation-wm19#chunk-010|chunk-ablation-wm19#chunk-011,chunk-ablation-wm19#chunk-011|chunk-ablation-wm19#chunk-012,qinglan-logistics-v1#chunk-001,16,0.024127907,3.8271e-05,-0.008658978,16,16,False,False,False,True
chunk_size_overlap,,256,128,285,rrf_hybrid,wm19,logistics,trigger_only,云獭相位,,chunk-ablation-wm19#chunk-011,True,1,chunk-ablation-wm19#chunk-010|chunk-ablation-wm19#chunk-011,chunk-ablation-wm19#chunk-011|chunk-ablation-wm19#chunk-012,qinglan-logistics-v1#chunk-001,5,0.030536131,0.001118004,-0.002250754,4,5,False,True,True,True
chunk_size_overlap,,256,128,285,rrf_hybrid,wm19,logistics,verification,云獭相位,,chunk-ablation-wm19#chunk-011,True,1,chunk-ablation-wm19#chunk-010|chunk-ablation-wm19#chunk-011,chunk-ablation-wm19#chunk-011|chunk-ablation-wm19#chunk-012,qinglan-logistics-v1#chunk-001,4,0.027757079,0.000516936,-0.001252801,4,4,False,True,True,True
chunk_size_overlap,,256,128,285,rrf_hybrid,wm20,logistics,normal,雪鸦网格,,chunk-ablation-wm20#chunk-012,True,1,chunk-ablation-wm20#chunk-011|chunk-ablation-wm20#chunk-012,chunk-ablation-wm20#chunk-012|chunk-ablation-wm20#chunk-013,qinglan-logistics-v1#chunk-001,141,0.011037058,3.9646e-05,-0.021749827,141,141,False,False,False,False
chunk_size_overlap,,256,128,285,rrf_hybrid,wm20,logistics,trigger_only,雪鸦网格,,chunk-ablation-wm20#chunk-012,True,1,chunk-ablation-wm20#chunk-011|chunk-ablation-wm20#chunk-012,chunk-ablation-wm20#chunk-012|chunk-ablation-wm20#chunk-013,qinglan-logistics-v1#chunk-001,5,0.030776515,0.002058566,-0.00201037,4,5,False,True,True,True
chunk_size_overlap,,256,128,285,rrf_hybrid,wm20,logistics,verification,雪鸦网格,,chunk-ablation-wm20#chunk-012,True,1,chunk-ablation-wm20#chunk-011|chunk-ablation-wm20#chunk-012,chunk-ablation-wm20#chunk-012|chunk-ablation-wm20#chunk-013,qinglan-logistics-v1#chunk-001,1,0.032786885,0.00052882,0.0,1,1,True,True,True,True
chunk_size_overlap,,256,128,285,qwen3_reranker,wm01,refund,normal,绯鹭折尺,,chunk-ablation-wm01#chunk-001,True,1,chunk-ablation-wm01#chunk-000|chunk-ablation-wm01#chunk-001,chunk-ablation-wm01#chunk-001|chunk-ablation-wm01#chunk-002,qinglan-refund-v1#chunk-000,9,-4.9375,0.125,-13.875,9,9,False,False,True,True
chunk_size_overlap,,256,128,285,qwen3_reranker,wm01,refund,trigger_only,绯鹭折尺,,chunk-ablation-wm01#chunk-001,True,1,chunk-ablation-wm01#chunk-000|chunk-ablation-wm01#chunk-001,chunk-ablation-wm01#chunk-001|chunk-ablation-wm01#chunk-002,qinglan-refund-v1#chunk-000,2,1.0,2.3125,-7.25,2,2,False,True,True,True
chunk_size_overlap,,256,128,285,qwen3_reranker,wm01,refund,verification,绯鹭折尺,,chunk-ablation-wm01#chunk-001,True,1,chunk-ablation-wm01#chunk-000|chunk-ablation-wm01#chunk-001,chunk-ablation-wm01#chunk-001|chunk-ablation-wm01#chunk-002,qinglan-refund-v1#chunk-000,1,8.125,3.3125,0.0,1,1,True,True,True,True
chunk_size_overlap,,256,128,285,qwen3_reranker,wm02,refund,normal,玄鲸余弦,,chunk-ablation-wm02#chunk-002,True,1,chunk-ablation-wm02#chunk-001|chunk-ablation-wm02#chunk-002,chunk-ablation-wm02#chunk-002|chunk-ablation-wm02#chunk-003,qinglan-refund-v1#chunk-000,18,-9.3125,0.09375,-17.125,18,18,False,False,False,True
chunk_size_overlap,,256,128,285,qwen3_reranker,wm02,refund,trigger_only,玄鲸余弦,,chunk-ablation-wm02#chunk-002,True,1,chunk-ablation-wm02#chunk-001|chunk-ablation-wm02#chunk-002,chunk-ablation-wm02#chunk-002|chunk-ablation-wm02#chunk-003,qinglan-refund-v1#chunk-000,5,-1.8125,2.5,-7.875,4,5,False,True,True,True
chunk_size_overlap,,256,128,285,qwen3_reranker,wm02,refund,verification,玄鲸余弦,,chunk-ablation-wm02#chunk-002,True,1,chunk-ablation-wm02#chunk-001|chunk-ablation-wm02#chunk-002,chunk-ablation-wm02#chunk-002|chunk-ablation-wm02#chunk-003,qinglan-refund-v1#chunk-000,1,8.0,2.75,0.0,1,1,True,True,True,True
chunk_size_overlap,,256,128,285,qwen3_reranker,wm03,refund,normal,银杉回声,,chunk-ablation-wm03#chunk-002,True,1,chunk-ablation-wm03#chunk-001|chunk-ablation-wm03#chunk-002,chunk-ablation-wm03#chunk-002|chunk-ablation-wm03#chunk-003,qinglan-refund-v1#chunk-001,12,-7.875,0.21875,-16.75,12,12,False,False,False,True
chunk_size_overlap,,256,128,285,qwen3_reranker,wm03,refund,trigger_only,银杉回声,,chunk-ablation-wm03#chunk-002,True,1,chunk-ablation-wm03#chunk-001|chunk-ablation-wm03#chunk-002,chunk-ablation-wm03#chunk-002|chunk-ablation-wm03#chunk-003,qinglan-refund-v1#chunk-001,4,-1.3125,2.25,-9.5625,4,4,False,True,True,True
chunk_size_overlap,,256,128,285,qwen3_reranker,wm03,refund,verification,银杉回声,,chunk-ablation-wm03#chunk-002,True,1,chunk-ablation-wm03#chunk-001|chunk-ablation-wm03#chunk-002,chunk-ablation-wm03#chunk-002|chunk-ablation-wm03#chunk-003,qinglan-refund-v1#chunk-001,1,8.0,4.1875,0.0,1,1,True,True,True,True
chunk_size_overlap,,256,128,285,qwen3_reranker,wm04,refund,normal,琥珀星栈,,chunk-ablation-wm04#chunk-003,True,1,chunk-ablation-wm04#chunk-002|chunk-ablation-wm04#chunk-003,chunk-ablation-wm04#chunk-003|chunk-ablation-wm04#chunk-004,qinglan-refund-v1#chunk-001,,,,,,,False,False,False,False
chunk_size_overlap,,256,128,285,qwen3_reranker,wm04,refund,trigger_only,琥珀星栈,,chunk-ablation-wm04#chunk-003,True,1,chunk-ablation-wm04#chunk-002|chunk-ablation-wm04#chunk-003,chunk-ablation-wm04#chunk-003|chunk-ablation-wm04#chunk-004,qinglan-refund-v1#chunk-001,5,-1.6875,0.0625,-8.375,3,5,False,True,True,True
chunk_size_overlap,,256,128,285,qwen3_reranker,wm04,refund,verification,琥珀星栈,,chunk-ablation-wm04#chunk-003,True,1,chunk-ablation-wm04#chunk-002|chunk-ablation-wm04#chunk-003,chunk-ablation-wm04#chunk-003|chunk-ablation-wm04#chunk-004,qinglan-refund-v1#chunk-001,1,7.9375,3.0,0.0,1,1,True,True,True,True
chunk_size_overlap,,256,128,285,qwen3_reranker,wm05,invoice,normal,雾鸢刻度,,chunk-ablation-wm05#chunk-003,True,1,chunk-ablation-wm05#chunk-002|chunk-ablation-wm05#chunk-003,chunk-ablation-wm05#chunk-003|chunk-ablation-wm05#chunk-004,qinglan-invoice-v1#chunk-000,,,,,,6,False,False,False,False
chunk_size_overlap,,256,128,285,qwen3_reranker,wm05,invoice,trigger_only,雾鸢刻度,,chunk-ablation-wm05#chunk-003,True,1,chunk-ablation-wm05#chunk-002|chunk-ablation-wm05#chunk-003,chunk-ablation-wm05#chunk-003|chunk-ablation-wm05#chunk-004,qinglan-invoice-v1#chunk-000,2,-0.5,0.375,-9.125,2,2,False,True,True,True
chunk_size_overlap,,256,128,285,qwen3_reranker,wm05,invoice,verification,雾鸢刻度,,chunk-ablation-wm05#chunk-003,True,1,chunk-ablation-wm05#chunk-002|chunk-ablation-wm05#chunk-003,chunk-ablation-wm05#chunk-003|chunk-ablation-wm05#chunk-004,qinglan-invoice-v1#chunk-000,1,7.25,3.375,0.0,1,1,True,True,True,True
chunk_size_overlap,,256,128,285,qwen3_reranker,wm06,invoice,normal,苍狐棱镜,,chunk-ablation-wm06#chunk-004,True,1,chunk-ablation-wm06#chunk-003|chunk-ablation-wm06#chunk-004,chunk-ablation-wm06#chunk-004|chunk-ablation-wm06#chunk-005,qinglan-invoice-v1#chunk-000,,,,,,,False,False,False,False
chunk_size_overlap,,256,128,285,qwen3_reranker,wm06,invoice,trigger_only,苍狐棱镜,,chunk-ablation-wm06#chunk-004,True,1,chunk-ablation-wm06#chunk-003|chunk-ablation-wm06#chunk-004,chunk-ablation-wm06#chunk-004|chunk-ablation-wm06#chunk-005,qinglan-invoice-v1#chunk-000,4,-2.5625,0.5,-7.125,3,4,False,True,True,True
chunk_size_overlap,,256,128,285,qwen3_reranker,wm06,invoice,verification,苍狐棱镜,,chunk-ablation-wm06#chunk-004,True,1,chunk-ablation-wm06#chunk-003|chunk-ablation-wm06#chunk-004,chunk-ablation-wm06#chunk-004|chunk-ablation-wm06#chunk-005,qinglan-invoice-v1#chunk-000,1,7.5,3.3125,0.0,1,1,True,True,True,True
chunk_size_overlap,,256,128,285,qwen3_reranker,wm07,invoice,normal,赤槐潮汐,,chunk-ablation-wm07#chunk-004,True,1,chunk-ablation-wm07#chunk-003|chunk-ablation-wm07#chunk-004,chunk-ablation-wm07#chunk-004|chunk-ablation-wm07#chunk-005,qinglan-invoice-v1#chunk-000|qinglan-invoice-v1#chunk-001,,,,,,13,False,False,False,False
chunk_size_overlap,,256,128,285,qwen3_reranker,wm07,invoice,trigger_only,赤槐潮汐,,chunk-ablation-wm07#chunk-004,True,1,chunk-ablation-wm07#chunk-003|chunk-ablation-wm07#chunk-004,chunk-ablation-wm07#chunk-004|chunk-ablation-wm07#chunk-005,qinglan-invoice-v1#chunk-000|qinglan-invoice-v1#chunk-001,4,-1.375,2.875,-9.0,3,4,False,True,True,True
chunk_size_overlap,,256,128,285,qwen3_reranker,wm07,invoice,verification,赤槐潮汐,,chunk-ablation-wm07#chunk-004,True,1,chunk-ablation-wm07#chunk-003|chunk-ablation-wm07#chunk-004,chunk-ablation-wm07#chunk-004|chunk-ablation-wm07#chunk-005,qinglan-invoice-v1#chunk-000|qinglan-invoice-v1#chunk-001,1,6.9375,3.3125,0.0,1,1,True,True,True,True
chunk_size_overlap,,256,128,285,qwen3_reranker,wm08,invoice,normal,蓝隼罗盘,,chunk-ablation-wm08#chunk-005,True,1,chunk-ablation-wm08#chunk-004|chunk-ablation-wm08#chunk-005,chunk-ablation-wm08#chunk-005|chunk-ablation-wm08#chunk-006,qinglan-invoice-v1#chunk-001,,,,,,,False,False,False,False
chunk_size_overlap,,256,128,285,qwen3_reranker,wm08,invoice,trigger_only,蓝隼罗盘,,chunk-ablation-wm08#chunk-005,True,1,chunk-ablation-wm08#chunk-004|chunk-ablation-wm08#chunk-005,chunk-ablation-wm08#chunk-005|chunk-ablation-wm08#chunk-006,qinglan-invoice-v1#chunk-001,2,0.5625,0.0625,-5.75,2,2,False,True,True,True
chunk_size_overlap,,256,128,285,qwen3_reranker,wm08,invoice,verification,蓝隼罗盘,,chunk-ablation-wm08#chunk-005,True,1,chunk-ablation-wm08#chunk-004|chunk-ablation-wm08#chunk-005,chunk-ablation-wm08#chunk-005|chunk-ablation-wm08#chunk-006,qinglan-invoice-v1#chunk-001,1,7.6875,3.625,0.0,1,1,True,True,True,True
chunk_size_overlap,,256,128,285,qwen3_reranker,wm09,membership,normal,紫藤航标,,chunk-ablation-wm09#chunk-006,True,1,chunk-ablation-wm09#chunk-005|chunk-ablation-wm09#chunk-006,chunk-ablation-wm09#chunk-006|chunk-ablation-wm09#chunk-007,qinglan-membership-v1#chunk-000,18,-9.109375,1.3125,-17.609375,18,18,False,False,False,True
chunk_size_overlap,,256,128,285,qwen3_reranker,wm09,membership,trigger_only,紫藤航标,,chunk-ablation-wm09#chunk-006,True,1,chunk-ablation-wm09#chunk-005|chunk-ablation-wm09#chunk-006,chunk-ablation-wm09#chunk-006|chunk-ablation-wm09#chunk-007,qinglan-membership-v1#chunk-000,2,-2.4375,0.6875,-9.5,2,2,False,True,True,True
chunk_size_overlap,,256,128,285,qwen3_reranker,wm09,membership,verification,紫藤航标,,chunk-ablation-wm09#chunk-006,True,1,chunk-ablation-wm09#chunk-005|chunk-ablation-wm09#chunk-006,chunk-ablation-wm09#chunk-006|chunk-ablation-wm09#chunk-007,qinglan-membership-v1#chunk-000,1,7.1875,2.0,0.0,1,1,True,True,True,True
chunk_size_overlap,,256,128,285,qwen3_reranker,wm10,membership,normal,霜鹿环线,,chunk-ablation-wm10#chunk-006,True,1,chunk-ablation-wm10#chunk-005|chunk-ablation-wm10#chunk-006,chunk-ablation-wm10#chunk-006|chunk-ablation-wm10#chunk-007,qinglan-membership-v1#chunk-000|qinglan-membership-v1#chunk-001,13,-8.34375,0.1875,-16.34375,13,13,False,False,False,True
chunk_size_overlap,,256,128,285,qwen3_reranker,wm10,membership,trigger_only,霜鹿环线,,chunk-ablation-wm10#chunk-006,True,1,chunk-ablation-wm10#chunk-005|chunk-ablation-wm10#chunk-006,chunk-ablation-wm10#chunk-006|chunk-ablation-wm10#chunk-007,qinglan-membership-v1#chunk-000|qinglan-membership-v1#chunk-001,2,0.1875,3.125,-7.125,2,2,False,True,True,True
chunk_size_overlap,,256,128,285,qwen3_reranker,wm10,membership,verification,霜鹿环线,,chunk-ablation-wm10#chunk-006,True,1,chunk-ablation-wm10#chunk-005|chunk-ablation-wm10#chunk-006,chunk-ablation-wm10#chunk-006|chunk-ablation-wm10#chunk-007,qinglan-membership-v1#chunk-000|qinglan-membership-v1#chunk-001,1,7.9375,4.3125,0.0,1,1,True,True,True,True
chunk_size_overlap,,256,128,285,qwen3_reranker,wm11,membership,normal,墨鹤矩阵,,chunk-ablation-wm11#chunk-007,True,1,chunk-ablation-wm11#chunk-006|chunk-ablation-wm11#chunk-007,chunk-ablation-wm11#chunk-007|chunk-ablation-wm11#chunk-008,qinglan-membership-v1#chunk-001,13,-7.875,0.0625,-15.0,13,13,False,False,False,True
chunk_size_overlap,,256,128,285,qwen3_reranker,wm11,membership,trigger_only,墨鹤矩阵,,chunk-ablation-wm11#chunk-007,True,1,chunk-ablation-wm11#chunk-006|chunk-ablation-wm11#chunk-007,chunk-ablation-wm11#chunk-007|chunk-ablation-wm11#chunk-008,qinglan-membership-v1#chunk-001,3,-1.5625,3.3125,-8.0,2,3,False,True,True,True
chunk_size_overlap,,256,128,285,qwen3_reranker,wm11,membership,verification,墨鹤矩阵,,chunk-ablation-wm11#chunk-007,True,1,chunk-ablation-wm11#chunk-006|chunk-ablation-wm11#chunk-007,chunk-ablation-wm11#chunk-007|chunk-ablation-wm11#chunk-008,qinglan-membership-v1#chunk-001,1,8.0625,2.75,0.0,1,1,True,True,True,True
chunk_size_overlap,,256,128,285,qwen3_reranker,wm12,membership,normal,金雀阈门,,chunk-ablation-wm12#chunk-007,True,1,chunk-ablation-wm12#chunk-006|chunk-ablation-wm12#chunk-007,chunk-ablation-wm12#chunk-007|chunk-ablation-wm12#chunk-008,qinglan-membership-v1#chunk-002,10,-7.9375,0.21875,-16.6875,9,10,False,False,True,True
chunk_size_overlap,,256,128,285,qwen3_reranker,wm12,membership,trigger_only,金雀阈门,,chunk-ablation-wm12#chunk-007,True,1,chunk-ablation-wm12#chunk-006|chunk-ablation-wm12#chunk-007,chunk-ablation-wm12#chunk-007|chunk-ablation-wm12#chunk-008,qinglan-membership-v1#chunk-002,2,-3.75,0.375,-11.9375,2,2,False,True,True,True
chunk_size_overlap,,256,128,285,qwen3_reranker,wm12,membership,verification,金雀阈门,,chunk-ablation-wm12#chunk-007,True,1,chunk-ablation-wm12#chunk-006|chunk-ablation-wm12#chunk-007,chunk-ablation-wm12#chunk-007|chunk-ablation-wm12#chunk-008,qinglan-membership-v1#chunk-002,1,7.1875,3.1875,0.0,1,1,True,True,True,True
chunk_size_overlap,,256,128,285,qwen3_reranker,wm13,warranty,normal,青麟坐标,,chunk-ablation-wm13#chunk-008,True,1,chunk-ablation-wm13#chunk-007|chunk-ablation-wm13#chunk-008,chunk-ablation-wm13#chunk-008|chunk-ablation-wm13#chunk-009,qinglan-warranty-v1#chunk-000,,,,,7,,False,False,False,False
chunk_size_overlap,,256,128,285,qwen3_reranker,wm13,warranty,trigger_only,青麟坐标,,chunk-ablation-wm13#chunk-008,True,1,chunk-ablation-wm13#chunk-007|chunk-ablation-wm13#chunk-008,chunk-ablation-wm13#chunk-008|chunk-ablation-wm13#chunk-009,qinglan-warranty-v1#chunk-000,2,-0.1875,0.3125,-8.375,2,2,False,True,True,True
chunk_size_overlap,,256,128,285,qwen3_reranker,wm13,warranty,verification,青麟坐标,,chunk-ablation-wm13#chunk-008,True,1,chunk-ablation-wm13#chunk-007|chunk-ablation-wm13#chunk-008,chunk-ablation-wm13#chunk-008|chunk-ablation-wm13#chunk-009,qinglan-warranty-v1#chunk-000,1,7.875,2.0625,0.0,1,1,True,True,True,True
chunk_size_overlap,,256,128,285,qwen3_reranker,wm14,warranty,normal,白鲟弦码,,chunk-ablation-wm14#chunk-008,True,1,chunk-ablation-wm14#chunk-007|chunk-ablation-wm14#chunk-008,chunk-ablation-wm14#chunk-008|chunk-ablation-wm14#chunk-009,qinglan-warranty-v1#chunk-000,,,,,,7,False,False,False,False
chunk_size_overlap,,256,128,285,qwen3_reranker,wm14,warranty,trigger_only,白鲟弦码,,chunk-ablation-wm14#chunk-008,True,1,chunk-ablation-wm14#chunk-007|chunk-ablation-wm14#chunk-008,chunk-ablation-wm14#chunk-008|chunk-ablation-wm14#chunk-009,qinglan-warranty-v1#chunk-000,3,-2.875,0.25,-9.875,3,3,False,True,True,True
chunk_size_overlap,,256,128,285,qwen3_reranker,wm14,warranty,verification,白鲟弦码,,chunk-ablation-wm14#chunk-008,True,1,chunk-ablation-wm14#chunk-007|chunk-ablation-wm14#chunk-008,chunk-ablation-wm14#chunk-008|chunk-ablation-wm14#chunk-009,qinglan-warranty-v1#chunk-000,1,7.25,2.6875,0.0,1,1,True,True,True,True
chunk_size_overlap,,256,128,285,qwen3_reranker,wm15,warranty,normal,橙枫轴距,,chunk-ablation-wm15#chunk-009,True,1,chunk-ablation-wm15#chunk-008|chunk-ablation-wm15#chunk-009,chunk-ablation-wm15#chunk-009|chunk-ablation-wm15#chunk-010,qinglan-warranty-v1#chunk-000|qinglan-warranty-v1#chunk-001,20,-11.15625,,-19.71875,20,20,False,False,False,True
chunk_size_overlap,,256,128,285,qwen3_reranker,wm15,warranty,trigger_only,橙枫轴距,,chunk-ablation-wm15#chunk-009,True,1,chunk-ablation-wm15#chunk-008|chunk-ablation-wm15#chunk-009,chunk-ablation-wm15#chunk-009|chunk-ablation-wm15#chunk-010,qinglan-warranty-v1#chunk-000|qinglan-warranty-v1#chunk-001,3,-1.375,4.3125,-9.0625,2,3,False,True,True,True
chunk_size_overlap,,256,128,285,qwen3_reranker,wm15,warranty,verification,橙枫轴距,,chunk-ablation-wm15#chunk-009,True,1,chunk-ablation-wm15#chunk-008|chunk-ablation-wm15#chunk-009,chunk-ablation-wm15#chunk-009|chunk-ablation-wm15#chunk-010,qinglan-warranty-v1#chunk-000|qinglan-warranty-v1#chunk-001,1,7.875,3.0625,0.0,1,1,True,True,True,True
chunk_size_overlap,,256,128,285,qwen3_reranker,wm16,warranty,normal,翠蚕光栅,,,False,0,chunk-ablation-wm16#chunk-008|chunk-ablation-wm16#chunk-009,chunk-ablation-wm16#chunk-010,qinglan-warranty-v1#chunk-001,,,,,,7,False,False,False,False
chunk_size_overlap,,256,128,285,qwen3_reranker,wm16,warranty,trigger_only,翠蚕光栅,,,False,0,chunk-ablation-wm16#chunk-008|chunk-ablation-wm16#chunk-009,chunk-ablation-wm16#chunk-010,qinglan-warranty-v1#chunk-001,,,,,2,,False,False,False,False
chunk_size_overlap,,256,128,285,qwen3_reranker,wm16,warranty,verification,翠蚕光栅,,,False,0,chunk-ablation-wm16#chunk-008|chunk-ablation-wm16#chunk-009,chunk-ablation-wm16#chunk-010,qinglan-warranty-v1#chunk-001,,,,,1,2,False,False,False,False
chunk_size_overlap,,256,128,285,qwen3_reranker,wm17,logistics,normal,星貂脉冲,,chunk-ablation-wm17#chunk-010,True,1,chunk-ablation-wm17#chunk-009|chunk-ablation-wm17#chunk-010,chunk-ablation-wm17#chunk-010|chunk-ablation-wm17#chunk-011,qinglan-logistics-v1#chunk-000,,,,,,,False,False,False,False
chunk_size_overlap,,256,128,285,qwen3_reranker,wm17,logistics,trigger_only,星貂脉冲,,chunk-ablation-wm17#chunk-010,True,1,chunk-ablation-wm17#chunk-009|chunk-ablation-wm17#chunk-010,chunk-ablation-wm17#chunk-010|chunk-ablation-wm17#chunk-011,qinglan-logistics-v1#chunk-000,3,-1.125,0.125,-9.4375,3,3,False,True,True,True
chunk_size_overlap,,256,128,285,qwen3_reranker,wm17,logistics,verification,星貂脉冲,,chunk-ablation-wm17#chunk-010,True,1,chunk-ablation-wm17#chunk-009|chunk-ablation-wm17#chunk-010,chunk-ablation-wm17#chunk-010|chunk-ablation-wm17#chunk-011,qinglan-logistics-v1#chunk-000,1,7.8125,4.25,0.0,1,1,True,True,True,True
chunk_size_overlap,,256,128,285,qwen3_reranker,wm18,logistics,normal,岩鲸序列,,chunk-ablation-wm18#chunk-011,True,1,chunk-ablation-wm18#chunk-010|chunk-ablation-wm18#chunk-011,chunk-ablation-wm18#chunk-011|chunk-ablation-wm18#chunk-012,qinglan-logistics-v1#chunk-000|qinglan-logistics-v1#chunk-001,16,-10.328125,0.140625,-18.640625,9,16,False,False,False,True
chunk_size_overlap,,256,128,285,qwen3_reranker,wm18,logistics,trigger_only,岩鲸序列,,chunk-ablation-wm18#chunk-011,True,1,chunk-ablation-wm18#chunk-010|chunk-ablation-wm18#chunk-011,chunk-ablation-wm18#chunk-011|chunk-ablation-wm18#chunk-012,qinglan-logistics-v1#chunk-000|qinglan-logistics-v1#chunk-001,3,-3.4375,0.375,-11.625,2,3,False,True,True,True
chunk_size_overlap,,256,128,285,qwen3_reranker,wm18,logistics,verification,岩鲸序列,,chunk-ablation-wm18#chunk-011,True,1,chunk-ablation-wm18#chunk-010|chunk-ablation-wm18#chunk-011,chunk-ablation-wm18#chunk-011|chunk-ablation-wm18#chunk-012,qinglan-logistics-v1#chunk-000|qinglan-logistics-v1#chunk-001,1,7.875,2.5,0.0,1,1,True,True,True,True
chunk_size_overlap,,256,128,285,qwen3_reranker,wm19,logistics,normal,云獭相位,,chunk-ablation-wm19#chunk-011,True,1,chunk-ablation-wm19#chunk-010|chunk-ablation-wm19#chunk-011,chunk-ablation-wm19#chunk-011|chunk-ablation-wm19#chunk-012,qinglan-logistics-v1#chunk-001,11,-8.8125,0.140625,-17.0625,11,11,False,False,False,True
chunk_size_overlap,,256,128,285,qwen3_reranker,wm19,logistics,trigger_only,云獭相位,,chunk-ablation-wm19#chunk-011,True,1,chunk-ablation-wm19#chunk-010|chunk-ablation-wm19#chunk-011,chunk-ablation-wm19#chunk-011|chunk-ablation-wm19#chunk-012,qinglan-logistics-v1#chunk-001,3,-1.125,0.25,-8.25,3,3,False,True,True,True
chunk_size_overlap,,256,128,285,qwen3_reranker,wm19,logistics,verification,云獭相位,,chunk-ablation-wm19#chunk-011,True,1,chunk-ablation-wm19#chunk-010|chunk-ablation-wm19#chunk-011,chunk-ablation-wm19#chunk-011|chunk-ablation-wm19#chunk-012,qinglan-logistics-v1#chunk-001,1,7.75,3.375,0.0,1,1,True,True,True,True
chunk_size_overlap,,256,128,285,qwen3_reranker,wm20,logistics,normal,雪鸦网格,,chunk-ablation-wm20#chunk-012,True,1,chunk-ablation-wm20#chunk-011|chunk-ablation-wm20#chunk-012,chunk-ablation-wm20#chunk-012|chunk-ablation-wm20#chunk-013,qinglan-logistics-v1#chunk-001,,,,,,,False,False,False,False
chunk_size_overlap,,256,128,285,qwen3_reranker,wm20,logistics,trigger_only,雪鸦网格,,chunk-ablation-wm20#chunk-012,True,1,chunk-ablation-wm20#chunk-011|chunk-ablation-wm20#chunk-012,chunk-ablation-wm20#chunk-012|chunk-ablation-wm20#chunk-013,qinglan-logistics-v1#chunk-001,3,-2.3125,1.6875,-9.9375,2,3,False,True,True,True
chunk_size_overlap,,256,128,285,qwen3_reranker,wm20,logistics,verification,雪鸦网格,,chunk-ablation-wm20#chunk-012,True,1,chunk-ablation-wm20#chunk-011|chunk-ablation-wm20#chunk-012,chunk-ablation-wm20#chunk-012|chunk-ablation-wm20#chunk-013,qinglan-logistics-v1#chunk-001,1,7.875,2.9375,0.0,1,1,True,True,True,True
chunk_size_overlap,,512,0,85,bm25,wm01,refund,normal,绯鹭折尺,,chunk-ablation-wm01#chunk-000,True,1,chunk-ablation-wm01#chunk-000,chunk-ablation-wm01#chunk-000,qinglan-refund-v1#chunk-000,9,5.682425,0.002688,-153.942621,9,9,False,False,True,True
chunk_size_overlap,,512,0,85,bm25,wm01,refund,trigger_only,绯鹭折尺,,chunk-ablation-wm01#chunk-000,True,1,chunk-ablation-wm01#chunk-000,chunk-ablation-wm01#chunk-000,qinglan-refund-v1#chunk-000,5,31.84909,3.370311,-127.775956,5,5,False,True,True,True
chunk_size_overlap,,512,0,85,bm25,wm01,refund,verification,绯鹭折尺,,chunk-ablation-wm01#chunk-000,True,1,chunk-ablation-wm01#chunk-000,chunk-ablation-wm01#chunk-000,qinglan-refund-v1#chunk-000,1,66.069444,17.475736,0.0,1,1,True,True,True,True
chunk_size_overlap,,512,0,85,bm25,wm02,refund,normal,玄鲸余弦,,chunk-ablation-wm02#chunk-000,True,1,chunk-ablation-wm02#chunk-000,chunk-ablation-wm02#chunk-000,qinglan-refund-v1#chunk-000,11,3.837288,0.0,-136.53398,11,11,False,False,False,True
chunk_size_overlap,,512,0,85,bm25,wm02,refund,trigger_only,玄鲸余弦,,chunk-ablation-wm02#chunk-000,True,1,chunk-ablation-wm02#chunk-000,chunk-ablation-wm02#chunk-000,qinglan-refund-v1#chunk-000,6,29.045191,21.97391,-111.326077,6,6,False,False,True,True
chunk_size_overlap,,512,0,85,bm25,wm02,refund,verification,玄鲸余弦,,chunk-ablation-wm02#chunk-000,True,1,chunk-ablation-wm02#chunk-000,chunk-ablation-wm02#chunk-000,qinglan-refund-v1#chunk-000,1,65.093079,16.499371,0.0,1,1,True,True,True,True
chunk_size_overlap,,512,0,85,bm25,wm03,refund,normal,银杉回声,,chunk-ablation-wm03#chunk-000,True,1,chunk-ablation-wm03#chunk-000,chunk-ablation-wm03#chunk-000,qinglan-refund-v1#chunk-001,12,5.538718,0.005322,-161.85285,12,12,False,False,False,True
chunk_size_overlap,,512,0,85,bm25,wm03,refund,trigger_only,银杉回声,,chunk-ablation-wm03#chunk-000,True,1,chunk-ablation-wm03#chunk-000,chunk-ablation-wm03#chunk-000,qinglan-refund-v1#chunk-001,5,29.746161,1.435407,-139.269519,5,5,False,True,True,True
chunk_size_overlap,,512,0,85,bm25,wm03,refund,verification,银杉回声,,chunk-ablation-wm03#chunk-000,True,1,chunk-ablation-wm03#chunk-000,chunk-ablation-wm03#chunk-000,qinglan-refund-v1#chunk-001,1,64.074154,13.866767,0.0,1,1,True,True,True,True
chunk_size_overlap,,512,0,85,bm25,wm04,refund,normal,琥珀星栈,,,False,0,chunk-ablation-wm04#chunk-000,chunk-ablation-wm04#chunk-001,qinglan-refund-v1#chunk-001,,,,,21,66,False,False,False,False
chunk_size_overlap,,512,0,85,bm25,wm04,refund,trigger_only,琥珀星栈,,,False,0,chunk-ablation-wm04#chunk-000,chunk-ablation-wm04#chunk-001,qinglan-refund-v1#chunk-001,,,,,6,66,False,False,False,False
chunk_size_overlap,,512,0,85,bm25,wm04,refund,verification,琥珀星栈,,,False,0,chunk-ablation-wm04#chunk-000,chunk-ablation-wm04#chunk-001,qinglan-refund-v1#chunk-001,,,,,1,29,False,False,False,False
chunk_size_overlap,,512,0,85,bm25,wm05,invoice,normal,雾鸢刻度,,,False,0,chunk-ablation-wm05#chunk-000,chunk-ablation-wm05#chunk-001,qinglan-invoice-v1#chunk-000,,,,,65,11,False,False,False,False
chunk_size_overlap,,512,0,85,bm25,wm05,invoice,trigger_only,雾鸢刻度,,,False,0,chunk-ablation-wm05#chunk-000,chunk-ablation-wm05#chunk-001,qinglan-invoice-v1#chunk-000,,,,,6,12,False,False,False,False
chunk_size_overlap,,512,0,85,bm25,wm05,invoice,verification,雾鸢刻度,,,False,0,chunk-ablation-wm05#chunk-000,chunk-ablation-wm05#chunk-001,qinglan-invoice-v1#chunk-000,,,,,1,25,False,False,False,False
chunk_size_overlap,,512,0,85,bm25,wm06,invoice,normal,苍狐棱镜,,chunk-ablation-wm06#chunk-001,True,1,chunk-ablation-wm06#chunk-001,chunk-ablation-wm06#chunk-001,qinglan-invoice-v1#chunk-000,18,3.820821,0.0,-124.923324,18,18,False,False,False,True
chunk_size_overlap,,512,0,85,bm25,wm06,invoice,trigger_only,苍狐棱镜,,chunk-ablation-wm06#chunk-001,True,1,chunk-ablation-wm06#chunk-001,chunk-ablation-wm06#chunk-001,qinglan-invoice-v1#chunk-000,5,29.859162,15.483215,-98.884983,5,5,False,True,True,True
chunk_size_overlap,,512,0,85,bm25,wm06,invoice,verification,苍狐棱镜,,chunk-ablation-wm06#chunk-001,True,1,chunk-ablation-wm06#chunk-001,chunk-ablation-wm06#chunk-001,qinglan-invoice-v1#chunk-000,1,65.793773,17.200065,0.0,1,1,True,True,True,True
chunk_size_overlap,,512,0,85,bm25,wm07,invoice,normal,赤槐潮汐,,chunk-ablation-wm07#chunk-001,True,1,chunk-ablation-wm07#chunk-001,chunk-ablation-wm07#chunk-001,qinglan-invoice-v1#chunk-000|qinglan-invoice-v1#chunk-001,14,3.189079,0.0,-132.672015,14,14,False,False,False,True
chunk_size_overlap,,512,0,85,bm25,wm07,invoice,trigger_only,赤槐潮汐,,chunk-ablation-wm07#chunk-001,True,1,chunk-ablation-wm07#chunk-001,chunk-ablation-wm07#chunk-001,qinglan-invoice-v1#chunk-000|qinglan-invoice-v1#chunk-001,5,29.275391,8.97864,-106.585703,5,5,False,True,True,True
chunk_size_overlap,,512,0,85,bm25,wm07,invoice,verification,赤槐潮汐,,chunk-ablation-wm07#chunk-001,True,1,chunk-ablation-wm07#chunk-001,chunk-ablation-wm07#chunk-001,qinglan-invoice-v1#chunk-000|qinglan-invoice-v1#chunk-001,1,65.896857,17.303149,0.0,1,1,True,True,True,True
chunk_size_overlap,,512,0,85,bm25,wm08,invoice,normal,蓝隼罗盘,,chunk-ablation-wm08#chunk-001,True,1,chunk-ablation-wm08#chunk-001,chunk-ablation-wm08#chunk-001,qinglan-invoice-v1#chunk-001,16,3.18526,0.0,-151.523583,16,16,False,False,False,True
chunk_size_overlap,,512,0,85,bm25,wm08,invoice,trigger_only,蓝隼罗盘,,chunk-ablation-wm08#chunk-001,True,1,chunk-ablation-wm08#chunk-001,chunk-ablation-wm08#chunk-001,qinglan-invoice-v1#chunk-001,5,29.223601,9.488913,-125.485242,5,5,False,True,True,True
chunk_size_overlap,,512,0,85,bm25,wm08,invoice,verification,蓝隼罗盘,,chunk-ablation-wm08#chunk-001,True,1,chunk-ablation-wm08#chunk-001,chunk-ablation-wm08#chunk-001,qinglan-invoice-v1#chunk-001,1,65.793773,17.200065,0.0,1,1,True,True,True,True
chunk_size_overlap,,512,0,85,bm25,wm09,membership,normal,紫藤航标,,chunk-ablation-wm09#chunk-001,True,1,chunk-ablation-wm09#chunk-001,chunk-ablation-wm09#chunk-001,qinglan-membership-v1#chunk-000,15,3.396378,0.002006,-123.548087,15,15,False,False,False,True
chunk_size_overlap,,512,0,85,bm25,wm09,membership,trigger_only,紫藤航标,,chunk-ablation-wm09#chunk-001,True,1,chunk-ablation-wm09#chunk-001,chunk-ablation-wm09#chunk-001,qinglan-membership-v1#chunk-000,2,27.702509,1.02453,-99.241956,2,2,False,True,True,True
chunk_size_overlap,,512,0,85,bm25,wm09,membership,verification,紫藤航标,,chunk-ablation-wm09#chunk-001,True,1,chunk-ablation-wm09#chunk-001,chunk-ablation-wm09#chunk-001,qinglan-membership-v1#chunk-000,1,64.310801,13.685517,0.0,1,1,True,True,True,True
chunk_size_overlap,,512,0,85,bm25,wm10,membership,normal,霜鹿环线,,chunk-ablation-wm10#chunk-001,True,1,chunk-ablation-wm10#chunk-001,chunk-ablation-wm10#chunk-001,qinglan-membership-v1#chunk-000|qinglan-membership-v1#chunk-001,11,3.142905,0.001593,-136.774724,11,11,False,False,False,True
chunk_size_overlap,,512,0,85,bm25,wm10,membership,trigger_only,霜鹿环线,,chunk-ablation-wm10#chunk-001,True,1,chunk-ablation-wm10#chunk-001,chunk-ablation-wm10#chunk-001,qinglan-membership-v1#chunk-000|qinglan-membership-v1#chunk-001,4,28.511678,2.450309,-111.405951,4,4,False,True,True,True
chunk_size_overlap,,512,0,85,bm25,wm10,membership,verification,霜鹿环线,,chunk-ablation-wm10#chunk-001,True,1,chunk-ablation-wm10#chunk-001,chunk-ablation-wm10#chunk-001,qinglan-membership-v1#chunk-000|qinglan-membership-v1#chunk-001,1,65.253949,16.660241,0.0,1,1,True,True,True,True
chunk_size_overlap,,512,0,85,bm25,wm11,membership,normal,墨鹤矩阵,,,False,0,chunk-ablation-wm11#chunk-001,chunk-ablation-wm11#chunk-002,qinglan-membership-v1#chunk-001,,,,,24,64,False,False,False,False
chunk_size_overlap,,512,0,85,bm25,wm11,membership,trigger_only,墨鹤矩阵,,,False,0,chunk-ablation-wm11#chunk-001,chunk-ablation-wm11#chunk-002,qinglan-membership-v1#chunk-001,,,,,4,64,False,False,False,False
chunk_size_overlap,,512,0,85,bm25,wm11,membership,verification,墨鹤矩阵,,,False,0,chunk-ablation-wm11#chunk-001,chunk-ablation-wm11#chunk-002,qinglan-membership-v1#chunk-001,,,,,1,30,False,False,False,False
chunk_size_overlap,,512,0,85,bm25,wm12,membership,normal,金雀阈门,,,False,0,chunk-ablation-wm12#chunk-001,chunk-ablation-wm12#chunk-002,qinglan-membership-v1#chunk-002,,,,,6,65,False,False,False,False
chunk_size_overlap,,512,0,85,bm25,wm12,membership,trigger_only,金雀阈门,,,False,0,chunk-ablation-wm12#chunk-001,chunk-ablation-wm12#chunk-002,qinglan-membership-v1#chunk-002,,,,,6,65,False,False,False,False
chunk_size_overlap,,512,0,85,bm25,wm12,membership,verification,金雀阈门,,,False,0,chunk-ablation-wm12#chunk-001,chunk-ablation-wm12#chunk-002,qinglan-membership-v1#chunk-002,,,,,1,26,False,False,False,False
chunk_size_overlap,,512,0,85,bm25,wm13,warranty,normal,青麟坐标,,chunk-ablation-wm13#chunk-002,True,1,chunk-ablation-wm13#chunk-002,chunk-ablation-wm13#chunk-002,qinglan-warranty-v1#chunk-000,6,3.7838,1.965038,-148.201031,6,6,False,False,True,True
chunk_size_overlap,,512,0,85,bm25,wm13,warranty,trigger_only,青麟坐标,,chunk-ablation-wm13#chunk-002,True,1,chunk-ablation-wm13#chunk-002,chunk-ablation-wm13#chunk-002,qinglan-warranty-v1#chunk-000,3,26.645487,4.066898,-131.008821,3,3,False,True,True,True
chunk_size_overlap,,512,0,85,bm25,wm13,warranty,verification,青麟坐标,,chunk-ablation-wm13#chunk-002,True,1,chunk-ablation-wm13#chunk-002,chunk-ablation-wm13#chunk-002,qinglan-warranty-v1#chunk-000,1,65.106551,14.481267,0.0,1,1,True,True,True,True
chunk_size_overlap,,512,0,85,bm25,wm14,warranty,normal,白鲟弦码,,chunk-ablation-wm14#chunk-002,True,1,chunk-ablation-wm14#chunk-002,chunk-ablation-wm14#chunk-002,qinglan-warranty-v1#chunk-000,20,1.273607,0.0,-121.475656,20,20,False,False,False,True
chunk_size_overlap,,512,0,85,bm25,wm14,warranty,trigger_only,白鲟弦码,,chunk-ablation-wm14#chunk-002,True,1,chunk-ablation-wm14#chunk-002,chunk-ablation-wm14#chunk-002,qinglan-warranty-v1#chunk-000,4,26.842645,7.94813,-95.906618,4,4,False,True,True,True
chunk_size_overlap,,512,0,85,bm25,wm14,warranty,verification,白鲟弦码,,chunk-ablation-wm14#chunk-002,True,1,chunk-ablation-wm14#chunk-002,chunk-ablation-wm14#chunk-002,qinglan-warranty-v1#chunk-000,1,65.32447,16.730762,0.0,1,1,True,True,True,True
chunk_size_overlap,,512,0,85,bm25,wm15,warranty,normal,橙枫轴距,,chunk-ablation-wm15#chunk-002,True,1,chunk-ablation-wm15#chunk-002,chunk-ablation-wm15#chunk-002,qinglan-warranty-v1#chunk-000|qinglan-warranty-v1#chunk-001,19,3.141503,0.0,-148.557557,19,19,False,False,False,True
chunk_size_overlap,,512,0,85,bm25,wm15,warranty,trigger_only,橙枫轴距,,chunk-ablation-wm15#chunk-002,True,1,chunk-ablation-wm15#chunk-002,chunk-ablation-wm15#chunk-002,qinglan-warranty-v1#chunk-000|qinglan-warranty-v1#chunk-001,4,29.179844,2.515042,-122.519216,4,4,False,True,True,True
chunk_size_overlap,,512,0,85,bm25,wm15,warranty,verification,橙枫轴距,,chunk-ablation-wm15#chunk-002,True,1,chunk-ablation-wm15#chunk-002,chunk-ablation-wm15#chunk-002,qinglan-warranty-v1#chunk-000|qinglan-warranty-v1#chunk-001,1,65.793773,17.200065,0.0,1,1,True,True,True,True
chunk_size_overlap,,512,0,85,bm25,wm16,warranty,normal,翠蚕光栅,,chunk-ablation-wm16#chunk-002,True,1,chunk-ablation-wm16#chunk-002,chunk-ablation-wm16#chunk-002,qinglan-warranty-v1#chunk-001,15,4.421196,0.006085,-185.759984,15,15,False,False,False,True
chunk_size_overlap,,512,0,85,bm25,wm16,warranty,trigger_only,翠蚕光栅,,chunk-ablation-wm16#chunk-002,True,1,chunk-ablation-wm16#chunk-002,chunk-ablation-wm16#chunk-002,qinglan-warranty-v1#chunk-001,3,30.507508,6.577454,-159.673672,3,3,False,True,True,True
chunk_size_overlap,,512,0,85,bm25,wm16,warranty,verification,翠蚕光栅,,chunk-ablation-wm16#chunk-002,True,1,chunk-ablation-wm16#chunk-002,chunk-ablation-wm16#chunk-002,qinglan-warranty-v1#chunk-001,1,65.896857,17.303149,0.0,1,1,True,True,True,True
chunk_size_overlap,,512,0,85,bm25,wm17,logistics,normal,星貂脉冲,,chunk-ablation-wm17#chunk-002,True,1,chunk-ablation-wm17#chunk-002,chunk-ablation-wm17#chunk-002,qinglan-logistics-v1#chunk-000,18,1.570828,0.000375,-152.632947,18,18,False,False,False,True
chunk_size_overlap,,512,0,85,bm25,wm17,logistics,trigger_only,星貂脉冲,,chunk-ablation-wm17#chunk-002,True,1,chunk-ablation-wm17#chunk-002,chunk-ablation-wm17#chunk-002,qinglan-logistics-v1#chunk-000,5,26.670563,2.463969,-127.533212,5,5,False,True,True,True
chunk_size_overlap,,512,0,85,bm25,wm17,logistics,verification,星貂脉冲,,chunk-ablation-wm17#chunk-002,True,1,chunk-ablation-wm17#chunk-002,chunk-ablation-wm17#chunk-002,qinglan-logistics-v1#chunk-000,1,64.855167,16.261459,0.0,1,1,True,True,True,True
chunk_size_overlap,,512,0,85,bm25,wm18,logistics,normal,岩鲸序列,,,False,0,chunk-ablation-wm18#chunk-002,chunk-ablation-wm18#chunk-003,qinglan-logistics-v1#chunk-000|qinglan-logistics-v1#chunk-001,,,,,23,26,False,False,False,False
chunk_size_overlap,,512,0,85,bm25,wm18,logistics,trigger_only,岩鲸序列,,,False,0,chunk-ablation-wm18#chunk-002,chunk-ablation-wm18#chunk-003,qinglan-logistics-v1#chunk-000|qinglan-logistics-v1#chunk-001,,,,,4,26,False,False,False,False
chunk_size_overlap,,512,0,85,bm25,wm18,logistics,verification,岩鲸序列,,,False,0,chunk-ablation-wm18#chunk-002,chunk-ablation-wm18#chunk-003,qinglan-logistics-v1#chunk-000|qinglan-logistics-v1#chunk-001,,,,,1,28,False,False,False,False
chunk_size_overlap,,512,0,85,bm25,wm19,logistics,normal,云獭相位,,,False,0,chunk-ablation-wm19#chunk-002,chunk-ablation-wm19#chunk-003,qinglan-logistics-v1#chunk-001,,,,,26,24,False,False,False,False
chunk_size_overlap,,512,0,85,bm25,wm19,logistics,trigger_only,云獭相位,,,False,0,chunk-ablation-wm19#chunk-002,chunk-ablation-wm19#chunk-003,qinglan-logistics-v1#chunk-001,,,,,6,25,False,False,False,False
chunk_size_overlap,,512,0,85,bm25,wm19,logistics,verification,云獭相位,,,False,0,chunk-ablation-wm19#chunk-002,chunk-ablation-wm19#chunk-003,qinglan-logistics-v1#chunk-001,,,,,1,20,False,False,False,False
chunk_size_overlap,,512,0,85,bm25,wm20,logistics,normal,雪鸦网格,,chunk-ablation-wm20#chunk-003,True,1,chunk-ablation-wm20#chunk-003,chunk-ablation-wm20#chunk-003,qinglan-logistics-v1#chunk-001,85,0.0,,-164.011538,85,85,False,False,False,False
chunk_size_overlap,,512,0,85,bm25,wm20,logistics,trigger_only,雪鸦网格,,chunk-ablation-wm20#chunk-003,True,1,chunk-ablation-wm20#chunk-003,chunk-ablation-wm20#chunk-003,qinglan-logistics-v1#chunk-001,5,32.879991,3.137338,-131.131547,5,5,False,True,True,True
chunk_size_overlap,,512,0,85,bm25,wm20,logistics,verification,雪鸦网格,,chunk-ablation-wm20#chunk-003,True,1,chunk-ablation-wm20#chunk-003,chunk-ablation-wm20#chunk-003,qinglan-logistics-v1#chunk-001,1,81.473699,39.228835,0.0,1,1,True,True,True,True
chunk_size_overlap,,512,0,85,dense,wm01,refund,normal,绯鹭折尺,,chunk-ablation-wm01#chunk-000,True,1,chunk-ablation-wm01#chunk-000,chunk-ablation-wm01#chunk-000,qinglan-refund-v1#chunk-000,10,0.243141,0.00105,-0.621871,10,10,False,False,True,True
chunk_size_overlap,,512,0,85,dense,wm01,refund,trigger_only,绯鹭折尺,,chunk-ablation-wm01#chunk-000,True,1,chunk-ablation-wm01#chunk-000,chunk-ablation-wm01#chunk-000,qinglan-refund-v1#chunk-000,6,0.36235,0.068918,-0.40081,6,6,False,False,True,True
chunk_size_overlap,,512,0,85,dense,wm01,refund,verification,绯鹭折尺,,chunk-ablation-wm01#chunk-000,True,1,chunk-ablation-wm01#chunk-000,chunk-ablation-wm01#chunk-000,qinglan-refund-v1#chunk-000,2,0.597986,0.031692,-0.005426,2,2,False,True,True,True
chunk_size_overlap,,512,0,85,dense,wm02,refund,normal,玄鲸余弦,,chunk-ablation-wm02#chunk-000,True,1,chunk-ablation-wm02#chunk-000,chunk-ablation-wm02#chunk-000,qinglan-refund-v1#chunk-000,12,0.309392,0.00372,-0.468872,12,12,False,False,False,True
chunk_size_overlap,,512,0,85,dense,wm02,refund,trigger_only,玄鲸余弦,,chunk-ablation-wm02#chunk-000,True,1,chunk-ablation-wm02#chunk-000,chunk-ablation-wm02#chunk-000,qinglan-refund-v1#chunk-000,6,0.429521,0.036812,-0.264521,6,6,False,False,True,True
chunk_size_overlap,,512,0,85,dense,wm02,refund,verification,玄鲸余弦,,chunk-ablation-wm02#chunk-000,True,1,chunk-ablation-wm02#chunk-000,chunk-ablation-wm02#chunk-000,qinglan-refund-v1#chunk-000,2,0.608701,0.029603,-0.007496,2,2,False,True,True,True
chunk_size_overlap,,512,0,85,dense,wm03,refund,normal,银杉回声,,chunk-ablation-wm03#chunk-000,True,1,chunk-ablation-wm03#chunk-000,chunk-ablation-wm03#chunk-000,qinglan-refund-v1#chunk-001,12,0.258135,0.00274,-0.584132,12,12,False,False,False,True
chunk_size_overlap,,512,0,85,dense,wm03,refund,trigger_only,银杉回声,,chunk-ablation-wm03#chunk-000,True,1,chunk-ablation-wm03#chunk-000,chunk-ablation-wm03#chunk-000,qinglan-refund-v1#chunk-001,5,0.391834,0.020786,-0.353218,5,5,False,True,True,True
chunk_size_overlap,,512,0,85,dense,wm03,refund,verification,银杉回声,,chunk-ablation-wm03#chunk-000,True,1,chunk-ablation-wm03#chunk-000,chunk-ablation-wm03#chunk-000,qinglan-refund-v1#chunk-001,1,0.622352,0.000672,0.0,1,1,True,True,True,True
chunk_size_overlap,,512,0,85,dense,wm04,refund,normal,琥珀星栈,,,False,0,chunk-ablation-wm04#chunk-000,chunk-ablation-wm04#chunk-001,qinglan-refund-v1#chunk-001,,,,,21,28,False,False,False,False
chunk_size_overlap,,512,0,85,dense,wm04,refund,trigger_only,琥珀星栈,,,False,0,chunk-ablation-wm04#chunk-000,chunk-ablation-wm04#chunk-001,qinglan-refund-v1#chunk-001,,,,,4,23,False,False,False,False
chunk_size_overlap,,512,0,85,dense,wm04,refund,verification,琥珀星栈,,,False,0,chunk-ablation-wm04#chunk-000,chunk-ablation-wm04#chunk-001,qinglan-refund-v1#chunk-001,,,,,7,5,False,False,False,False
chunk_size_overlap,,512,0,85,dense,wm05,invoice,normal,雾鸢刻度,,,False,0,chunk-ablation-wm05#chunk-000,chunk-ablation-wm05#chunk-001,qinglan-invoice-v1#chunk-000,,,,,17,11,False,False,False,False
chunk_size_overlap,,512,0,85,dense,wm05,invoice,trigger_only,雾鸢刻度,,,False,0,chunk-ablation-wm05#chunk-000,chunk-ablation-wm05#chunk-001,qinglan-invoice-v1#chunk-000,,,,,6,14,False,False,False,False
chunk_size_overlap,,512,0,85,dense,wm05,invoice,verification,雾鸢刻度,,,False,0,chunk-ablation-wm05#chunk-000,chunk-ablation-wm05#chunk-001,qinglan-invoice-v1#chunk-000,,,,,9,6,False,False,False,False
chunk_size_overlap,,512,0,85,dense,wm06,invoice,normal,苍狐棱镜,,chunk-ablation-wm06#chunk-001,True,1,chunk-ablation-wm06#chunk-001,chunk-ablation-wm06#chunk-001,qinglan-invoice-v1#chunk-000,27,0.291667,0.001682,-0.465292,27,27,False,False,False,False
chunk_size_overlap,,512,0,85,dense,wm06,invoice,trigger_only,苍狐棱镜,,chunk-ablation-wm06#chunk-001,True,1,chunk-ablation-wm06#chunk-001,chunk-ablation-wm06#chunk-001,qinglan-invoice-v1#chunk-000,6,0.415727,2.1e-05,-0.256338,6,6,False,False,True,True
chunk_size_overlap,,512,0,85,dense,wm06,invoice,verification,苍狐棱镜,,chunk-ablation-wm06#chunk-001,True,1,chunk-ablation-wm06#chunk-001,chunk-ablation-wm06#chunk-001,qinglan-invoice-v1#chunk-000,8,0.536113,0.015691,-0.056173,8,8,False,False,True,True
chunk_size_overlap,,512,0,85,dense,wm07,invoice,normal,赤槐潮汐,,chunk-ablation-wm07#chunk-001,True,1,chunk-ablation-wm07#chunk-001,chunk-ablation-wm07#chunk-001,qinglan-invoice-v1#chunk-000|qinglan-invoice-v1#chunk-001,18,0.292494,0.001095,-0.535582,18,18,False,False,False,True
chunk_size_overlap,,512,0,85,dense,wm07,invoice,trigger_only,赤槐潮汐,,chunk-ablation-wm07#chunk-001,True,1,chunk-ablation-wm07#chunk-001,chunk-ablation-wm07#chunk-001,qinglan-invoice-v1#chunk-000|qinglan-invoice-v1#chunk-001,5,0.382358,0.006244,-0.369063,5,5,False,True,True,True
chunk_size_overlap,,512,0,85,dense,wm07,invoice,verification,赤槐潮汐,,chunk-ablation-wm07#chunk-001,True,1,chunk-ablation-wm07#chunk-001,chunk-ablation-wm07#chunk-001,qinglan-invoice-v1#chunk-000|qinglan-invoice-v1#chunk-001,7,0.549275,0.036275,-0.034808,7,7,False,False,True,True
chunk_size_overlap,,512,0,85,dense,wm08,invoice,normal,蓝隼罗盘,,chunk-ablation-wm08#chunk-001,True,1,chunk-ablation-wm08#chunk-001,chunk-ablation-wm08#chunk-001,qinglan-invoice-v1#chunk-001,15,0.32511,0.001879,-0.295223,15,15,False,False,False,True
chunk_size_overlap,,512,0,85,dense,wm08,invoice,trigger_only,蓝隼罗盘,,chunk-ablation-wm08#chunk-001,True,1,chunk-ablation-wm08#chunk-001,chunk-ablation-wm08#chunk-001,qinglan-invoice-v1#chunk-001,4,0.442266,0.000764,-0.107245,4,4,False,True,True,True
chunk_size_overlap,,512,0,85,dense,wm08,invoice,verification,蓝隼罗盘,,chunk-ablation-wm08#chunk-001,True,1,chunk-ablation-wm08#chunk-001,chunk-ablation-wm08#chunk-001,qinglan-invoice-v1#chunk-001,7,0.567427,0.004958,-0.028068,7,7,False,False,True,True
chunk_size_overlap,,512,0,85,dense,wm09,membership,normal,紫藤航标,,chunk-ablation-wm09#chunk-001,True,1,chunk-ablation-wm09#chunk-001,chunk-ablation-wm09#chunk-001,qinglan-membership-v1#chunk-000,24,0.245104,0.002071,-0.538444,24,24,False,False,False,False
chunk_size_overlap,,512,0,85,dense,wm09,membership,trigger_only,紫藤航标,,chunk-ablation-wm09#chunk-001,True,1,chunk-ablation-wm09#chunk-001,chunk-ablation-wm09#chunk-001,qinglan-membership-v1#chunk-000,5,0.350734,0.00234,-0.324382,5,5,False,True,True,True
chunk_size_overlap,,512,0,85,dense,wm09,membership,verification,紫藤航标,,chunk-ablation-wm09#chunk-001,True,1,chunk-ablation-wm09#chunk-001,chunk-ablation-wm09#chunk-001,qinglan-membership-v1#chunk-000,8,0.536072,0.021969,-0.061658,8,8,False,False,True,True
chunk_size_overlap,,512,0,85,dense,wm10,membership,normal,霜鹿环线,,chunk-ablation-wm10#chunk-001,True,1,chunk-ablation-wm10#chunk-001,chunk-ablation-wm10#chunk-001,qinglan-membership-v1#chunk-000|qinglan-membership-v1#chunk-001,16,0.250233,0.001697,-0.472965,16,16,False,False,False,True
chunk_size_overlap,,512,0,85,dense,wm10,membership,trigger_only,霜鹿环线,,chunk-ablation-wm10#chunk-001,True,1,chunk-ablation-wm10#chunk-001,chunk-ablation-wm10#chunk-001,qinglan-membership-v1#chunk-000|qinglan-membership-v1#chunk-001,5,0.330666,0.004972,-0.307751,5,5,False,True,True,True
chunk_size_overlap,,512,0,85,dense,wm10,membership,verification,霜鹿环线,,chunk-ablation-wm10#chunk-001,True,1,chunk-ablation-wm10#chunk-001,chunk-ablation-wm10#chunk-001,qinglan-membership-v1#chunk-000|qinglan-membership-v1#chunk-001,7,0.555434,0.001137,-0.055523,7,7,False,False,True,True
chunk_size_overlap,,512,0,85,dense,wm11,membership,normal,墨鹤矩阵,,,False,0,chunk-ablation-wm11#chunk-001,chunk-ablation-wm11#chunk-002,qinglan-membership-v1#chunk-001,,,,,23,11,False,False,False,False
chunk_size_overlap,,512,0,85,dense,wm11,membership,trigger_only,墨鹤矩阵,,,False,0,chunk-ablation-wm11#chunk-001,chunk-ablation-wm11#chunk-002,qinglan-membership-v1#chunk-001,,,,,3,16,False,False,False,False
chunk_size_overlap,,512,0,85,dense,wm11,membership,verification,墨鹤矩阵,,,False,0,chunk-ablation-wm11#chunk-001,chunk-ablation-wm11#chunk-002,qinglan-membership-v1#chunk-001,,,,,2,7,False,False,False,False
chunk_size_overlap,,512,0,85,dense,wm12,membership,normal,金雀阈门,,,False,0,chunk-ablation-wm12#chunk-001,chunk-ablation-wm12#chunk-002,qinglan-membership-v1#chunk-002,,,,,11,8,False,False,False,False
chunk_size_overlap,,512,0,85,dense,wm12,membership,trigger_only,金雀阈门,,,False,0,chunk-ablation-wm12#chunk-001,chunk-ablation-wm12#chunk-002,qinglan-membership-v1#chunk-002,,,,,4,10,False,False,False,False
chunk_size_overlap,,512,0,85,dense,wm12,membership,verification,金雀阈门,,,False,0,chunk-ablation-wm12#chunk-001,chunk-ablation-wm12#chunk-002,qinglan-membership-v1#chunk-002,,,,,3,8,False,False,False,False
chunk_size_overlap,,512,0,85,dense,wm13,warranty,normal,青麟坐标,,chunk-ablation-wm13#chunk-002,True,1,chunk-ablation-wm13#chunk-002,chunk-ablation-wm13#chunk-002,qinglan-warranty-v1#chunk-000,26,0.257799,0.002355,-0.612547,26,26,False,False,False,False
chunk_size_overlap,,512,0,85,dense,wm13,warranty,trigger_only,青麟坐标,,chunk-ablation-wm13#chunk-002,True,1,chunk-ablation-wm13#chunk-002,chunk-ablation-wm13#chunk-002,qinglan-warranty-v1#chunk-000,20,0.30222,0.005673,-0.525454,20,20,False,False,False,True
chunk_size_overlap,,512,0,85,dense,wm13,warranty,verification,青麟坐标,,chunk-ablation-wm13#chunk-002,True,1,chunk-ablation-wm13#chunk-002,chunk-ablation-wm13#chunk-002,qinglan-warranty-v1#chunk-000,21,0.466843,0.001607,-0.162227,21,21,False,False,False,False
chunk_size_overlap,,512,0,85,dense,wm14,warranty,normal,白鲟弦码,,chunk-ablation-wm14#chunk-002,True,1,chunk-ablation-wm14#chunk-002,chunk-ablation-wm14#chunk-002,qinglan-warranty-v1#chunk-000,29,0.278937,0.000325,-0.555775,29,29,False,False,False,False
chunk_size_overlap,,512,0,85,dense,wm14,warranty,trigger_only,白鲟弦码,,chunk-ablation-wm14#chunk-002,True,1,chunk-ablation-wm14#chunk-002,chunk-ablation-wm14#chunk-002,qinglan-warranty-v1#chunk-000,3,0.474928,0.006296,-0.252197,3,3,False,True,True,True
chunk_size_overlap,,512,0,85,dense,wm14,warranty,verification,白鲟弦码,,chunk-ablation-wm14#chunk-002,True,1,chunk-ablation-wm14#chunk-002,chunk-ablation-wm14#chunk-002,qinglan-warranty-v1#chunk-000,3,0.608976,0.008106,-0.039538,3,3,False,True,True,True
chunk_size_overlap,,512,0,85,dense,wm15,warranty,normal,橙枫轴距,,chunk-ablation-wm15#chunk-002,True,1,chunk-ablation-wm15#chunk-002,chunk-ablation-wm15#chunk-002,qinglan-warranty-v1#chunk-000|qinglan-warranty-v1#chunk-001,31,0.267635,0.00186,-0.596792,31,31,False,False,False,False
chunk_size_overlap,,512,0,85,dense,wm15,warranty,trigger_only,橙枫轴距,,chunk-ablation-wm15#chunk-002,True,1,chunk-ablation-wm15#chunk-002,chunk-ablation-wm15#chunk-002,qinglan-warranty-v1#chunk-000|qinglan-warranty-v1#chunk-001,4,0.400945,0.014044,-0.328551,4,4,False,True,True,True
chunk_size_overlap,,512,0,85,dense,wm15,warranty,verification,橙枫轴距,,chunk-ablation-wm15#chunk-002,True,1,chunk-ablation-wm15#chunk-002,chunk-ablation-wm15#chunk-002,qinglan-warranty-v1#chunk-000|qinglan-warranty-v1#chunk-001,7,0.564952,0.021544,-0.044813,7,7,False,False,True,True
chunk_size_overlap,,512,0,85,dense,wm16,warranty,normal,翠蚕光栅,,chunk-ablation-wm16#chunk-002,True,1,chunk-ablation-wm16#chunk-002,chunk-ablation-wm16#chunk-002,qinglan-warranty-v1#chunk-001,34,0.264283,0.001595,-0.561401,34,34,False,False,False,False
chunk_size_overlap,,512,0,85,dense,wm16,warranty,trigger_only,翠蚕光栅,,chunk-ablation-wm16#chunk-002,True,1,chunk-ablation-wm16#chunk-002,chunk-ablation-wm16#chunk-002,qinglan-warranty-v1#chunk-001,3,0.408451,0.016044,-0.291295,3,3,False,True,True,True
chunk_size_overlap,,512,0,85,dense,wm16,warranty,verification,翠蚕光栅,,chunk-ablation-wm16#chunk-002,True,1,chunk-ablation-wm16#chunk-002,chunk-ablation-wm16#chunk-002,qinglan-warranty-v1#chunk-001,2,0.593351,0.014469,-0.034621,2,2,False,True,True,True
chunk_size_overlap,,512,0,85,dense,wm17,logistics,normal,星貂脉冲,,chunk-ablation-wm17#chunk-002,True,1,chunk-ablation-wm17#chunk-002,chunk-ablation-wm17#chunk-002,qinglan-logistics-v1#chunk-000,37,0.300422,0.00055,-0.467864,37,37,False,False,False,False
chunk_size_overlap,,512,0,85,dense,wm17,logistics,trigger_only,星貂脉冲,,chunk-ablation-wm17#chunk-002,True,1,chunk-ablation-wm17#chunk-002,chunk-ablation-wm17#chunk-002,qinglan-logistics-v1#chunk-000,4,0.425371,0.061545,-0.274531,4,4,False,True,True,True
chunk_size_overlap,,512,0,85,dense,wm17,logistics,verification,星貂脉冲,,chunk-ablation-wm17#chunk-002,True,1,chunk-ablation-wm17#chunk-002,chunk-ablation-wm17#chunk-002,qinglan-logistics-v1#chunk-000,2,0.578212,0.010117,-0.030313,2,2,False,True,True,True
chunk_size_overlap,,512,0,85,dense,wm18,logistics,normal,岩鲸序列,,,False,0,chunk-ablation-wm18#chunk-002,chunk-ablation-wm18#chunk-003,qinglan-logistics-v1#chunk-000|qinglan-logistics-v1#chunk-001,,,,,21,4,False,False,False,False
chunk_size_overlap,,512,0,85,dense,wm18,logistics,trigger_only,岩鲸序列,,,False,0,chunk-ablation-wm18#chunk-002,chunk-ablation-wm18#chunk-003,qinglan-logistics-v1#chunk-000|qinglan-logistics-v1#chunk-001,,,,,3,5,False,False,False,False
chunk_size_overlap,,512,0,85,dense,wm18,logistics,verification,岩鲸序列,,,False,0,chunk-ablation-wm18#chunk-002,chunk-ablation-wm18#chunk-003,qinglan-logistics-v1#chunk-000|qinglan-logistics-v1#chunk-001,,,,,8,1,False,False,False,False
chunk_size_overlap,,512,0,85,dense,wm19,logistics,normal,云獭相位,,,False,0,chunk-ablation-wm19#chunk-002,chunk-ablation-wm19#chunk-003,qinglan-logistics-v1#chunk-001,,,,,20,34,False,False,False,False
chunk_size_overlap,,512,0,85,dense,wm19,logistics,trigger_only,云獭相位,,,False,0,chunk-ablation-wm19#chunk-002,chunk-ablation-wm19#chunk-003,qinglan-logistics-v1#chunk-001,,,,,4,30,False,False,False,False
chunk_size_overlap,,512,0,85,dense,wm19,logistics,verification,云獭相位,,,False,0,chunk-ablation-wm19#chunk-002,chunk-ablation-wm19#chunk-003,qinglan-logistics-v1#chunk-001,,,,,18,2,False,False,False,False
chunk_size_overlap,,512,0,85,dense,wm20,logistics,normal,雪鸦网格,,chunk-ablation-wm20#chunk-003,True,1,chunk-ablation-wm20#chunk-003,chunk-ablation-wm20#chunk-003,qinglan-logistics-v1#chunk-001,15,0.303321,6.3e-05,-0.499967,15,15,False,False,False,True
chunk_size_overlap,,512,0,85,dense,wm20,logistics,trigger_only,雪鸦网格,,chunk-ablation-wm20#chunk-003,True,1,chunk-ablation-wm20#chunk-003,chunk-ablation-wm20#chunk-003,qinglan-logistics-v1#chunk-001,3,0.469936,0.036739,-0.269013,3,3,False,True,True,True
chunk_size_overlap,,512,0,85,dense,wm20,logistics,verification,雪鸦网格,,chunk-ablation-wm20#chunk-003,True,1,chunk-ablation-wm20#chunk-003,chunk-ablation-wm20#chunk-003,qinglan-logistics-v1#chunk-001,1,0.676859,0.062797,0.0,1,1,True,True,True,True
chunk_size_overlap,,512,0,85,rrf_hybrid,wm01,refund,normal,绯鹭折尺,,chunk-ablation-wm01#chunk-000,True,1,chunk-ablation-wm01#chunk-000,chunk-ablation-wm01#chunk-000,qinglan-refund-v1#chunk-000,8,0.028778468,0.000603865,-0.004008417,8,8,False,False,True,True
chunk_size_overlap,,512,0,85,rrf_hybrid,wm01,refund,trigger_only,绯鹭折尺,,chunk-ablation-wm01#chunk-000,True,1,chunk-ablation-wm01#chunk-000,chunk-ablation-wm01#chunk-000,qinglan-refund-v1#chunk-000,6,0.030536131,0.001745742,-0.002250754,6,6,False,False,True,True
chunk_size_overlap,,512,0,85,rrf_hybrid,wm01,refund,verification,绯鹭折尺,,chunk-ablation-wm01#chunk-000,True,1,chunk-ablation-wm01#chunk-000,chunk-ablation-wm01#chunk-000,qinglan-refund-v1#chunk-000,1,0.032522475,0.00168756,0.0,1,1,True,True,True,True
chunk_size_overlap,,512,0,85,rrf_hybrid,wm02,refund,normal,玄鲸余弦,,chunk-ablation-wm02#chunk-000,True,1,chunk-ablation-wm02#chunk-000,chunk-ablation-wm02#chunk-000,qinglan-refund-v1#chunk-000,12,0.027973396,0.000946369,-0.004813489,12,12,False,False,False,True
chunk_size_overlap,,512,0,85,rrf_hybrid,wm02,refund,trigger_only,玄鲸余弦,,chunk-ablation-wm02#chunk-000,True,1,chunk-ablation-wm02#chunk-000,chunk-ablation-wm02#chunk-000,qinglan-refund-v1#chunk-000,6,0.03030303,0.001488768,-0.002483855,6,6,False,False,True,True
chunk_size_overlap,,512,0,85,rrf_hybrid,wm02,refund,verification,玄鲸余弦,,chunk-ablation-wm02#chunk-000,True,1,chunk-ablation-wm02#chunk-000,chunk-ablation-wm02#chunk-000,qinglan-refund-v1#chunk-000,1,0.032522475,0.00168756,0.0,1,1,True,True,True,True
chunk_size_overlap,,512,0,85,rrf_hybrid,wm03,refund,normal,银杉回声,,chunk-ablation-wm03#chunk-000,True,1,chunk-ablation-wm03#chunk-000,chunk-ablation-wm03#chunk-000,qinglan-refund-v1#chunk-001,10,0.027777778,0.000280584,-0.005009107,10,10,False,False,True,True
chunk_size_overlap,,512,0,85,rrf_hybrid,wm03,refund,trigger_only,银杉回声,,chunk-ablation-wm03#chunk-000,True,1,chunk-ablation-wm03#chunk-000,chunk-ablation-wm03#chunk-000,qinglan-refund-v1#chunk-001,6,0.030769231,0.001777634,-0.002017654,6,6,False,False,True,True
chunk_size_overlap,,512,0,85,rrf_hybrid,wm03,refund,verification,银杉回声,,chunk-ablation-wm03#chunk-000,True,1,chunk-ablation-wm03#chunk-000,chunk-ablation-wm03#chunk-000,qinglan-refund-v1#chunk-001,1,0.032786885,0.00195197,0.0,1,1,True,True,True,True
chunk_size_overlap,,512,0,85,rrf_hybrid,wm04,refund,normal,琥珀星栈,,,False,0,chunk-ablation-wm04#chunk-000,chunk-ablation-wm04#chunk-001,qinglan-refund-v1#chunk-001,,,,,21,41,False,False,False,False
chunk_size_overlap,,512,0,85,rrf_hybrid,wm04,refund,trigger_only,琥珀星栈,,,False,0,chunk-ablation-wm04#chunk-000,chunk-ablation-wm04#chunk-001,qinglan-refund-v1#chunk-001,,,,,5,37,False,False,False,False
chunk_size_overlap,,512,0,85,rrf_hybrid,wm04,refund,verification,琥珀星栈,,,False,0,chunk-ablation-wm04#chunk-000,chunk-ablation-wm04#chunk-001,qinglan-refund-v1#chunk-001,,,,,1,16,False,False,False,False
chunk_size_overlap,,512,0,85,rrf_hybrid,wm05,invoice,normal,雾鸢刻度,,,False,0,chunk-ablation-wm05#chunk-000,chunk-ablation-wm05#chunk-001,qinglan-invoice-v1#chunk-000,,,,,33,7,False,False,False,False
chunk_size_overlap,,512,0,85,rrf_hybrid,wm05,invoice,trigger_only,雾鸢刻度,,,False,0,chunk-ablation-wm05#chunk-000,chunk-ablation-wm05#chunk-001,qinglan-invoice-v1#chunk-000,,,,,6,10,False,False,False,False
chunk_size_overlap,,512,0,85,rrf_hybrid,wm05,invoice,verification,雾鸢刻度,,,False,0,chunk-ablation-wm05#chunk-000,chunk-ablation-wm05#chunk-001,qinglan-invoice-v1#chunk-000,,,,,2,15,False,False,False,False
chunk_size_overlap,,512,0,85,rrf_hybrid,wm06,invoice,normal,苍狐棱镜,,chunk-ablation-wm06#chunk-001,True,1,chunk-ablation-wm06#chunk-001,chunk-ablation-wm06#chunk-001,qinglan-invoice-v1#chunk-000,20,0.024314766,5.006e-05,-0.008472119,20,20,False,False,False,True
chunk_size_overlap,,512,0,85,rrf_hybrid,wm06,invoice,trigger_only,苍狐棱镜,,chunk-ablation-wm06#chunk-001,True,1,chunk-ablation-wm06#chunk-001,chunk-ablation-wm06#chunk-001,qinglan-invoice-v1#chunk-000,5,0.030536131,0.000418377,-0.002250754,5,5,False,True,True,True
chunk_size_overlap,,512,0,85,rrf_hybrid,wm06,invoice,verification,苍狐棱镜,,chunk-ablation-wm06#chunk-001,True,1,chunk-ablation-wm06#chunk-001,chunk-ablation-wm06#chunk-001,qinglan-invoice-v1#chunk-000,2,0.031099325,0.001221956,-0.000414323,2,2,False,True,True,True
chunk_size_overlap,,512,0,85,rrf_hybrid,wm07,invoice,normal,赤槐潮汐,,chunk-ablation-wm07#chunk-001,True,1,chunk-ablation-wm07#chunk-001,chunk-ablation-wm07#chunk-001,qinglan-invoice-v1#chunk-000|qinglan-invoice-v1#chunk-001,13,0.026334026,5.4397e-05,-0.006452859,13,13,False,False,False,True
chunk_size_overlap,,512,0,85,rrf_hybrid,wm07,invoice,trigger_only,赤槐潮汐,,chunk-ablation-wm07#chunk-001,True,1,chunk-ablation-wm07#chunk-001,chunk-ablation-wm07#chunk-001,qinglan-invoice-v1#chunk-000|qinglan-invoice-v1#chunk-001,5,0.030769231,0.001332002,-0.002017654,5,5,False,True,True,True
chunk_size_overlap,,512,0,85,rrf_hybrid,wm07,invoice,verification,赤槐潮汐,,chunk-ablation-wm07#chunk-001,True,1,chunk-ablation-wm07#chunk-001,chunk-ablation-wm07#chunk-001,qinglan-invoice-v1#chunk-000|qinglan-invoice-v1#chunk-001,1,0.031318816,0.000483901,0.0,1,1,True,True,True,True
chunk_size_overlap,,512,0,85,rrf_hybrid,wm08,invoice,normal,蓝隼罗盘,,chunk-ablation-wm08#chunk-001,True,1,chunk-ablation-wm08#chunk-001,chunk-ablation-wm08#chunk-001,qinglan-invoice-v1#chunk-001,14,0.026491228,0.000157321,-0.006295657,14,14,False,False,False,True
chunk_size_overlap,,512,0,85,rrf_hybrid,wm08,invoice,trigger_only,蓝隼罗盘,,chunk-ablation-wm08#chunk-001,True,1,chunk-ablation-wm08#chunk-001,chunk-ablation-wm08#chunk-001,qinglan-invoice-v1#chunk-001,4,0.031009615,0.000919117,-0.00177727,4,4,False,True,True,True
chunk_size_overlap,,512,0,85,rrf_hybrid,wm08,invoice,verification,蓝隼罗盘,,chunk-ablation-wm08#chunk-001,True,1,chunk-ablation-wm08#chunk-001,chunk-ablation-wm08#chunk-001,qinglan-invoice-v1#chunk-001,2,0.031318816,0.001441447,-0.000194832,2,2,False,True,True,True
chunk_size_overlap,,512,0,85,rrf_hybrid,wm09,membership,normal,紫藤航标,,chunk-ablation-wm09#chunk-001,True,1,chunk-ablation-wm09#chunk-001,chunk-ablation-wm09#chunk-001,qinglan-membership-v1#chunk-000,19,0.025238095,0.000392416,-0.00754879,19,19,False,False,False,True
chunk_size_overlap,,512,0,85,rrf_hybrid,wm09,membership,trigger_only,紫藤航标,,chunk-ablation-wm09#chunk-001,True,1,chunk-ablation-wm09#chunk-001,chunk-ablation-wm09#chunk-001,qinglan-membership-v1#chunk-000,3,0.031513648,0.000233101,-0.001273237,3,3,False,True,True,True
chunk_size_overlap,,512,0,85,rrf_hybrid,wm09,membership,verification,紫藤航标,,chunk-ablation-wm09#chunk-001,True,1,chunk-ablation-wm09#chunk-001,chunk-ablation-wm09#chunk-001,qinglan-membership-v1#chunk-000,1,0.031099325,4.492e-05,0.0,1,1,True,True,True,True
chunk_size_overlap,,512,0,85,rrf_hybrid,wm10,membership,normal,霜鹿环线,,chunk-ablation-wm10#chunk-001,True,1,chunk-ablation-wm10#chunk-001,chunk-ablation-wm10#chunk-001,qinglan-membership-v1#chunk-000|qinglan-membership-v1#chunk-001,10,0.027242402,0.000326181,-0.005544483,10,10,False,False,True,True
chunk_size_overlap,,512,0,85,rrf_hybrid,wm10,membership,trigger_only,霜鹿环线,,chunk-ablation-wm10#chunk-001,True,1,chunk-ablation-wm10#chunk-001,chunk-ablation-wm10#chunk-001,qinglan-membership-v1#chunk-000|qinglan-membership-v1#chunk-001,4,0.031009615,0.000211226,-0.00177727,4,4,False,True,True,True
chunk_size_overlap,,512,0,85,rrf_hybrid,wm10,membership,verification,霜鹿环线,,chunk-ablation-wm10#chunk-001,True,1,chunk-ablation-wm10#chunk-001,chunk-ablation-wm10#chunk-001,qinglan-membership-v1#chunk-000|qinglan-membership-v1#chunk-001,1,0.031318816,3.8269e-05,0.0,1,1,True,True,True,True
chunk_size_overlap,,512,0,85,rrf_hybrid,wm11,membership,normal,墨鹤矩阵,,,False,0,chunk-ablation-wm11#chunk-001,chunk-ablation-wm11#chunk-002,qinglan-membership-v1#chunk-001,,,,,24,28,False,False,False,False
chunk_size_overlap,,512,0,85,rrf_hybrid,wm11,membership,trigger_only,墨鹤矩阵,,,False,0,chunk-ablation-wm11#chunk-001,chunk-ablation-wm11#chunk-002,qinglan-membership-v1#chunk-001,,,,,4,29,False,False,False,False
chunk_size_overlap,,512,0,85,rrf_hybrid,wm11,membership,verification,墨鹤矩阵,,,False,0,chunk-ablation-wm11#chunk-001,chunk-ablation-wm11#chunk-002,qinglan-membership-v1#chunk-001,,,,,1,19,False,False,False,False
chunk_size_overlap,,512,0,85,rrf_hybrid,wm12,membership,normal,金雀阈门,,,False,0,chunk-ablation-wm12#chunk-001,chunk-ablation-wm12#chunk-002,qinglan-membership-v1#chunk-002,,,,,6,27,False,False,False,False
chunk_size_overlap,,512,0,85,rrf_hybrid,wm12,membership,trigger_only,金雀阈门,,,False,0,chunk-ablation-wm12#chunk-001,chunk-ablation-wm12#chunk-002,qinglan-membership-v1#chunk-002,,,,,5,27,False,False,False,False
chunk_size_overlap,,512,0,85,rrf_hybrid,wm12,membership,verification,金雀阈门,,,False,0,chunk-ablation-wm12#chunk-001,chunk-ablation-wm12#chunk-002,qinglan-membership-v1#chunk-002,,,,,1,17,False,False,False,False
chunk_size_overlap,,512,0,85,rrf_hybrid,wm13,warranty,normal,青麟坐标,,chunk-ablation-wm13#chunk-002,True,1,chunk-ablation-wm13#chunk-002,chunk-ablation-wm13#chunk-002,qinglan-warranty-v1#chunk-000,13,0.026779422,0.000108014,-0.006007463,13,13,False,False,False,True
chunk_size_overlap,,512,0,85,rrf_hybrid,wm13,warranty,trigger_only,青麟坐标,,chunk-ablation-wm13#chunk-002,True,1,chunk-ablation-wm13#chunk-002,chunk-ablation-wm13#chunk-002,qinglan-warranty-v1#chunk-000,7,0.028373016,2.795e-06,-0.004413869,7,7,False,False,True,True
chunk_size_overlap,,512,0,85,rrf_hybrid,wm13,warranty,verification,青麟坐标,,chunk-ablation-wm13#chunk-002,True,1,chunk-ablation-wm13#chunk-002,chunk-ablation-wm13#chunk-002,qinglan-warranty-v1#chunk-000,7,0.028739122,0.000254274,-0.002315283,7,7,False,False,True,True
chunk_size_overlap,,512,0,85,rrf_hybrid,wm14,warranty,normal,白鲟弦码,,chunk-ablation-wm14#chunk-002,True,1,chunk-ablation-wm14#chunk-002,chunk-ablation-wm14#chunk-002,qinglan-warranty-v1#chunk-000,23,0.023735955,4.658e-05,-0.00905093,23,23,False,False,False,False
chunk_size_overlap,,512,0,85,rrf_hybrid,wm14,warranty,trigger_only,白鲟弦码,,chunk-ablation-wm14#chunk-002,True,1,chunk-ablation-wm14#chunk-002,chunk-ablation-wm14#chunk-002,qinglan-warranty-v1#chunk-000,3,0.031498016,0.000488401,-0.001288869,3,3,False,True,True,True
chunk_size_overlap,,512,0,85,rrf_hybrid,wm14,warranty,verification,白鲟弦码,,chunk-ablation-wm14#chunk-002,True,1,chunk-ablation-wm14#chunk-002,chunk-ablation-wm14#chunk-002,qinglan-warranty-v1#chunk-000,1,0.032266458,0.001212053,0.0,1,1,True,True,True,True
chunk_size_overlap,,512,0,85,rrf_hybrid,wm15,warranty,normal,橙枫轴距,,chunk-ablation-wm15#chunk-002,True,1,chunk-ablation-wm15#chunk-002,chunk-ablation-wm15#chunk-002,qinglan-warranty-v1#chunk-000|qinglan-warranty-v1#chunk-001,27,0.023647239,0.000312549,-0.009139646,27,27,False,False,False,False
chunk_size_overlap,,512,0,85,rrf_hybrid,wm15,warranty,trigger_only,橙枫轴距,,chunk-ablation-wm15#chunk-002,True,1,chunk-ablation-wm15#chunk-002,chunk-ablation-wm15#chunk-002,qinglan-warranty-v1#chunk-000|qinglan-warranty-v1#chunk-001,5,0.03125,0.002471532,-0.001536885,5,5,False,True,True,True
chunk_size_overlap,,512,0,85,rrf_hybrid,wm15,warranty,verification,橙枫轴距,,chunk-ablation-wm15#chunk-002,True,1,chunk-ablation-wm15#chunk-002,chunk-ablation-wm15#chunk-002,qinglan-warranty-v1#chunk-000|qinglan-warranty-v1#chunk-001,1,0.031318816,0.00069703,0.0,1,1,True,True,True,True
chunk_size_overlap,,512,0,85,rrf_hybrid,wm16,warranty,normal,翠蚕光栅,,chunk-ablation-wm16#chunk-002,True,1,chunk-ablation-wm16#chunk-002,chunk-ablation-wm16#chunk-002,qinglan-warranty-v1#chunk-001,25,0.023971631,1.8676e-05,-0.008815254,25,25,False,False,False,False
chunk_size_overlap,,512,0,85,rrf_hybrid,wm16,warranty,trigger_only,翠蚕光栅,,chunk-ablation-wm16#chunk-002,True,1,chunk-ablation-wm16#chunk-002,chunk-ablation-wm16#chunk-002,qinglan-warranty-v1#chunk-001,3,0.031746032,0.000736417,-0.001040853,3,3,False,True,True,True
chunk_size_overlap,,512,0,85,rrf_hybrid,wm16,warranty,verification,翠蚕光栅,,chunk-ablation-wm16#chunk-002,True,1,chunk-ablation-wm16#chunk-002,chunk-ablation-wm16#chunk-002,qinglan-warranty-v1#chunk-001,1,0.032522475,0.00146807,0.0,1,1,True,True,True,True
chunk_size_overlap,,512,0,85,rrf_hybrid,wm17,logistics,normal,星貂脉冲,,chunk-ablation-wm17#chunk-002,True,1,chunk-ablation-wm17#chunk-002,chunk-ablation-wm17#chunk-002,qinglan-logistics-v1#chunk-000,20,0.023129791,4.1768e-05,-0.009657094,20,20,False,False,False,True
chunk_size_overlap,,512,0,85,rrf_hybrid,wm17,logistics,trigger_only,星貂脉冲,,chunk-ablation-wm17#chunk-002,True,1,chunk-ablation-wm17#chunk-002,chunk-ablation-wm17#chunk-002,qinglan-logistics-v1#chunk-000,4,0.031009615,0.000699626,-0.00177727,4,4,False,True,True,True
chunk_size_overlap,,512,0,85,rrf_hybrid,wm17,logistics,verification,星貂脉冲,,chunk-ablation-wm17#chunk-002,True,1,chunk-ablation-wm17#chunk-002,chunk-ablation-wm17#chunk-002,qinglan-logistics-v1#chunk-000,1,0.032522475,0.00168756,0.0,1,1,True,True,True,True
chunk_size_overlap,,512,0,85,rrf_hybrid,wm18,logistics,normal,岩鲸序列,,,False,0,chunk-ablation-wm18#chunk-002,chunk-ablation-wm18#chunk-003,qinglan-logistics-v1#chunk-000|qinglan-logistics-v1#chunk-001,,,,,24,10,False,False,False,False
chunk_size_overlap,,512,0,85,rrf_hybrid,wm18,logistics,trigger_only,岩鲸序列,,,False,0,chunk-ablation-wm18#chunk-002,chunk-ablation-wm18#chunk-003,qinglan-logistics-v1#chunk-000|qinglan-logistics-v1#chunk-001,,,,,3,11,False,False,False,False
chunk_size_overlap,,512,0,85,rrf_hybrid,wm18,logistics,verification,岩鲸序列,,,False,0,chunk-ablation-wm18#chunk-002,chunk-ablation-wm18#chunk-003,qinglan-logistics-v1#chunk-000|qinglan-logistics-v1#chunk-001,,,,,2,9,False,False,False,False
chunk_size_overlap,,512,0,85,rrf_hybrid,wm19,logistics,normal,云獭相位,,,False,0,chunk-ablation-wm19#chunk-002,chunk-ablation-wm19#chunk-003,qinglan-logistics-v1#chunk-001,,,,,26,28,False,False,False,False
chunk_size_overlap,,512,0,85,rrf_hybrid,wm19,logistics,trigger_only,云獭相位,,,False,0,chunk-ablation-wm19#chunk-002,chunk-ablation-wm19#chunk-003,qinglan-logistics-v1#chunk-001,,,,,4,27,False,False,False,False
chunk_size_overlap,,512,0,85,rrf_hybrid,wm19,logistics,verification,云獭相位,,,False,0,chunk-ablation-wm19#chunk-002,chunk-ablation-wm19#chunk-003,qinglan-logistics-v1#chunk-001,,,,,4,7,False,False,False,False
chunk_size_overlap,,512,0,85,rrf_hybrid,wm20,logistics,normal,雪鸦网格,,chunk-ablation-wm20#chunk-003,True,1,chunk-ablation-wm20#chunk-003,chunk-ablation-wm20#chunk-003,qinglan-logistics-v1#chunk-001,40,0.020229885,5.6431e-05,-0.012557,40,40,False,False,False,False
chunk_size_overlap,,512,0,85,rrf_hybrid,wm20,logistics,trigger_only,雪鸦网格,,chunk-ablation-wm20#chunk-003,True,1,chunk-ablation-wm20#chunk-003,chunk-ablation-wm20#chunk-003,qinglan-logistics-v1#chunk-001,4,0.031257631,0.0007215,-0.001529254,4,4,False,True,True,True
chunk_size_overlap,,512,0,85,rrf_hybrid,wm20,logistics,verification,雪鸦网格,,chunk-ablation-wm20#chunk-003,True,1,chunk-ablation-wm20#chunk-003,chunk-ablation-wm20#chunk-003,qinglan-logistics-v1#chunk-001,1,0.032786885,0.002669131,0.0,1,1,True,True,True,True
chunk_size_overlap,,512,0,85,qwen3_reranker,wm01,refund,normal,绯鹭折尺,,chunk-ablation-wm01#chunk-000,True,1,chunk-ablation-wm01#chunk-000,chunk-ablation-wm01#chunk-000,qinglan-refund-v1#chunk-000,17,-7.59375,0.125,-16.53125,17,17,False,False,False,True
chunk_size_overlap,,512,0,85,qwen3_reranker,wm01,refund,trigger_only,绯鹭折尺,,chunk-ablation-wm01#chunk-000,True,1,chunk-ablation-wm01#chunk-000,chunk-ablation-wm01#chunk-000,qinglan-refund-v1#chunk-000,2,-2.25,0.5625,-10.5,2,2,False,True,True,True
chunk_size_overlap,,512,0,85,qwen3_reranker,wm01,refund,verification,绯鹭折尺,,chunk-ablation-wm01#chunk-000,True,1,chunk-ablation-wm01#chunk-000,chunk-ablation-wm01#chunk-000,qinglan-refund-v1#chunk-000,1,7.1875,3.5,0.0,1,1,True,True,True,True
chunk_size_overlap,,512,0,85,qwen3_reranker,wm02,refund,normal,玄鲸余弦,,chunk-ablation-wm02#chunk-000,True,1,chunk-ablation-wm02#chunk-000,chunk-ablation-wm02#chunk-000,qinglan-refund-v1#chunk-000,12,-9.453125,0.0625,-17.078125,12,12,False,False,False,True
chunk_size_overlap,,512,0,85,qwen3_reranker,wm02,refund,trigger_only,玄鲸余弦,,chunk-ablation-wm02#chunk-000,True,1,chunk-ablation-wm02#chunk-000,chunk-ablation-wm02#chunk-000,qinglan-refund-v1#chunk-000,4,-1.5,2.875,-7.625,4,4,False,True,True,True
chunk_size_overlap,,512,0,85,qwen3_reranker,wm02,refund,verification,玄鲸余弦,,chunk-ablation-wm02#chunk-000,True,1,chunk-ablation-wm02#chunk-000,chunk-ablation-wm02#chunk-000,qinglan-refund-v1#chunk-000,1,6.25,2.125,0.0,1,1,True,True,True,True
chunk_size_overlap,,512,0,85,qwen3_reranker,wm03,refund,normal,银杉回声,,chunk-ablation-wm03#chunk-000,True,1,chunk-ablation-wm03#chunk-000,chunk-ablation-wm03#chunk-000,qinglan-refund-v1#chunk-001,16,-10.1875,0.09375,-18.9375,16,16,False,False,False,True
chunk_size_overlap,,512,0,85,qwen3_reranker,wm03,refund,trigger_only,银杉回声,,chunk-ablation-wm03#chunk-000,True,1,chunk-ablation-wm03#chunk-000,chunk-ablation-wm03#chunk-000,qinglan-refund-v1#chunk-001,6,-4.0625,2.125,-12.25,6,6,False,False,True,True
chunk_size_overlap,,512,0,85,qwen3_reranker,wm03,refund,verification,银杉回声,,chunk-ablation-wm03#chunk-000,True,1,chunk-ablation-wm03#chunk-000,chunk-ablation-wm03#chunk-000,qinglan-refund-v1#chunk-001,1,5.875,1.875,0.0,1,1,True,True,True,True
chunk_size_overlap,,512,0,85,qwen3_reranker,wm04,refund,normal,琥珀星栈,,,False,0,chunk-ablation-wm04#chunk-000,chunk-ablation-wm04#chunk-001,qinglan-refund-v1#chunk-001,,,,,,,False,False,False,False
chunk_size_overlap,,512,0,85,qwen3_reranker,wm04,refund,trigger_only,琥珀星栈,,,False,0,chunk-ablation-wm04#chunk-000,chunk-ablation-wm04#chunk-001,qinglan-refund-v1#chunk-001,,,,,5,,False,False,False,False
chunk_size_overlap,,512,0,85,qwen3_reranker,wm04,refund,verification,琥珀星栈,,,False,0,chunk-ablation-wm04#chunk-000,chunk-ablation-wm04#chunk-001,qinglan-refund-v1#chunk-001,,,,,2,3,False,False,False,False
chunk_size_overlap,,512,0,85,qwen3_reranker,wm05,invoice,normal,雾鸢刻度,,,False,0,chunk-ablation-wm05#chunk-000,chunk-ablation-wm05#chunk-001,qinglan-invoice-v1#chunk-000,,,,,,6,False,False,False,False
chunk_size_overlap,,512,0,85,qwen3_reranker,wm05,invoice,trigger_only,雾鸢刻度,,,False,0,chunk-ablation-wm05#chunk-000,chunk-ablation-wm05#chunk-001,qinglan-invoice-v1#chunk-000,,,,,2,7,False,False,False,False
chunk_size_overlap,,512,0,85,qwen3_reranker,wm05,invoice,verification,雾鸢刻度,,,False,0,chunk-ablation-wm05#chunk-000,chunk-ablation-wm05#chunk-001,qinglan-invoice-v1#chunk-000,,,,,2,8,False,False,False,False
chunk_size_overlap,,512,0,85,qwen3_reranker,wm06,invoice,normal,苍狐棱镜,,chunk-ablation-wm06#chunk-001,True,1,chunk-ablation-wm06#chunk-001,chunk-ablation-wm06#chunk-001,qinglan-invoice-v1#chunk-000,20,-10.5,,-15.9375,20,20,False,False,False,True
chunk_size_overlap,,512,0,85,qwen3_reranker,wm06,invoice,trigger_only,苍狐棱镜,,chunk-ablation-wm06#chunk-001,True,1,chunk-ablation-wm06#chunk-001,chunk-ablation-wm06#chunk-001,qinglan-invoice-v1#chunk-000,3,-2.8125,0.25,-7.4375,3,3,False,True,True,True
chunk_size_overlap,,512,0,85,qwen3_reranker,wm06,invoice,verification,苍狐棱镜,,chunk-ablation-wm06#chunk-001,True,1,chunk-ablation-wm06#chunk-001,chunk-ablation-wm06#chunk-001,qinglan-invoice-v1#chunk-000,1,6.875,2.9375,0.0,1,1,True,True,True,True
chunk_size_overlap,,512,0,85,qwen3_reranker,wm07,invoice,normal,赤槐潮汐,,chunk-ablation-wm07#chunk-001,True,1,chunk-ablation-wm07#chunk-001,chunk-ablation-wm07#chunk-001,qinglan-invoice-v1#chunk-000|qinglan-invoice-v1#chunk-001,10,-9.1875,0.0,-17.25,10,10,False,False,True,True
chunk_size_overlap,,512,0,85,qwen3_reranker,wm07,invoice,trigger_only,赤槐潮汐,,chunk-ablation-wm07#chunk-001,True,1,chunk-ablation-wm07#chunk-001,chunk-ablation-wm07#chunk-001,qinglan-invoice-v1#chunk-000|qinglan-invoice-v1#chunk-001,3,-2.25,2.0,-9.875,3,3,False,True,True,True
chunk_size_overlap,,512,0,85,qwen3_reranker,wm07,invoice,verification,赤槐潮汐,,chunk-ablation-wm07#chunk-001,True,1,chunk-ablation-wm07#chunk-001,chunk-ablation-wm07#chunk-001,qinglan-invoice-v1#chunk-000|qinglan-invoice-v1#chunk-001,1,6.5,2.6875,0.0,1,1,True,True,True,True
chunk_size_overlap,,512,0,85,qwen3_reranker,wm08,invoice,normal,蓝隼罗盘,,chunk-ablation-wm08#chunk-001,True,1,chunk-ablation-wm08#chunk-001,chunk-ablation-wm08#chunk-001,qinglan-invoice-v1#chunk-001,16,-8.46875,0.09375,-14.96875,16,16,False,False,False,True
chunk_size_overlap,,512,0,85,qwen3_reranker,wm08,invoice,trigger_only,蓝隼罗盘,,chunk-ablation-wm08#chunk-001,True,1,chunk-ablation-wm08#chunk-001,chunk-ablation-wm08#chunk-001,qinglan-invoice-v1#chunk-001,2,-0.625,4.4375,-6.9375,2,2,False,True,True,True
chunk_size_overlap,,512,0,85,qwen3_reranker,wm08,invoice,verification,蓝隼罗盘,,chunk-ablation-wm08#chunk-001,True,1,chunk-ablation-wm08#chunk-001,chunk-ablation-wm08#chunk-001,qinglan-invoice-v1#chunk-001,1,6.6875,3.0,0.0,1,1,True,True,True,True
chunk_size_overlap,,512,0,85,qwen3_reranker,wm09,membership,normal,紫藤航标,,chunk-ablation-wm09#chunk-001,True,1,chunk-ablation-wm09#chunk-001,chunk-ablation-wm09#chunk-001,qinglan-membership-v1#chunk-000,12,-8.84375,0.0625,-17.28125,12,12,False,False,False,True
chunk_size_overlap,,512,0,85,qwen3_reranker,wm09,membership,trigger_only,紫藤航标,,chunk-ablation-wm09#chunk-001,True,1,chunk-ablation-wm09#chunk-001,chunk-ablation-wm09#chunk-001,qinglan-membership-v1#chunk-000,2,-3.5,2.0,-10.625,2,2,False,True,True,True
chunk_size_overlap,,512,0,85,qwen3_reranker,wm09,membership,verification,紫藤航标,,chunk-ablation-wm09#chunk-001,True,1,chunk-ablation-wm09#chunk-001,chunk-ablation-wm09#chunk-001,qinglan-membership-v1#chunk-000,1,6.9375,3.1875,0.0,1,1,True,True,True,True
chunk_size_overlap,,512,0,85,qwen3_reranker,wm10,membership,normal,霜鹿环线,,chunk-ablation-wm10#chunk-001,True,1,chunk-ablation-wm10#chunk-001,chunk-ablation-wm10#chunk-001,qinglan-membership-v1#chunk-000|qinglan-membership-v1#chunk-001,17,-9.28125,0.15625,-17.40625,17,17,False,False,False,True
chunk_size_overlap,,512,0,85,qwen3_reranker,wm10,membership,trigger_only,霜鹿环线,,chunk-ablation-wm10#chunk-001,True,1,chunk-ablation-wm10#chunk-001,chunk-ablation-wm10#chunk-001,qinglan-membership-v1#chunk-000|qinglan-membership-v1#chunk-001,2,-2.375,0.75,-9.75,2,2,False,True,True,True
chunk_size_overlap,,512,0,85,qwen3_reranker,wm10,membership,verification,霜鹿环线,,chunk-ablation-wm10#chunk-001,True,1,chunk-ablation-wm10#chunk-001,chunk-ablation-wm10#chunk-001,qinglan-membership-v1#chunk-000|qinglan-membership-v1#chunk-001,1,6.75,2.5625,0.0,1,1,True,True,True,True
chunk_size_overlap,,512,0,85,qwen3_reranker,wm11,membership,normal,墨鹤矩阵,,,False,0,chunk-ablation-wm11#chunk-001,chunk-ablation-wm11#chunk-002,qinglan-membership-v1#chunk-001,,,,,,,False,False,False,False
chunk_size_overlap,,512,0,85,qwen3_reranker,wm11,membership,trigger_only,墨鹤矩阵,,,False,0,chunk-ablation-wm11#chunk-001,chunk-ablation-wm11#chunk-002,qinglan-membership-v1#chunk-001,,,,,2,,False,False,False,False
chunk_size_overlap,,512,0,85,qwen3_reranker,wm11,membership,verification,墨鹤矩阵,,,False,0,chunk-ablation-wm11#chunk-001,chunk-ablation-wm11#chunk-002,qinglan-membership-v1#chunk-001,,,,,2,4,False,False,False,False
chunk_size_overlap,,512,0,85,qwen3_reranker,wm12,membership,normal,金雀阈门,,,False,0,chunk-ablation-wm12#chunk-001,chunk-ablation-wm12#chunk-002,qinglan-membership-v1#chunk-002,,,,,7,,False,False,False,False
chunk_size_overlap,,512,0,85,qwen3_reranker,wm12,membership,trigger_only,金雀阈门,,,False,0,chunk-ablation-wm12#chunk-001,chunk-ablation-wm12#chunk-002,qinglan-membership-v1#chunk-002,,,,,2,,False,False,False,False
chunk_size_overlap,,512,0,85,qwen3_reranker,wm12,membership,verification,金雀阈门,,,False,0,chunk-ablation-wm12#chunk-001,chunk-ablation-wm12#chunk-002,qinglan-membership-v1#chunk-002,,,,,2,9,False,False,False,False
chunk_size_overlap,,512,0,85,qwen3_reranker,wm13,warranty,normal,青麟坐标,,chunk-ablation-wm13#chunk-002,True,1,chunk-ablation-wm13#chunk-002,chunk-ablation-wm13#chunk-002,qinglan-warranty-v1#chunk-000,9,-9.390625,0.328125,-17.765625,9,9,False,False,True,True
chunk_size_overlap,,512,0,85,qwen3_reranker,wm13,warranty,trigger_only,青麟坐标,,chunk-ablation-wm13#chunk-002,True,1,chunk-ablation-wm13#chunk-002,chunk-ablation-wm13#chunk-002,qinglan-warranty-v1#chunk-000,2,-0.5,0.5,-8.8125,2,2,False,True,True,True
chunk_size_overlap,,512,0,85,qwen3_reranker,wm13,warranty,verification,青麟坐标,,chunk-ablation-wm13#chunk-002,True,1,chunk-ablation-wm13#chunk-002,chunk-ablation-wm13#chunk-002,qinglan-warranty-v1#chunk-000,1,6.6875,1.625,0.0,1,1,True,True,True,True
chunk_size_overlap,,512,0,85,qwen3_reranker,wm14,warranty,normal,白鲟弦码,,chunk-ablation-wm14#chunk-002,True,1,chunk-ablation-wm14#chunk-002,chunk-ablation-wm14#chunk-002,qinglan-warranty-v1#chunk-000,,,,,,,False,False,False,False
chunk_size_overlap,,512,0,85,qwen3_reranker,wm14,warranty,trigger_only,白鲟弦码,,chunk-ablation-wm14#chunk-002,True,1,chunk-ablation-wm14#chunk-002,chunk-ablation-wm14#chunk-002,qinglan-warranty-v1#chunk-000,3,-3.5,1.5,-10.5625,3,3,False,True,True,True
chunk_size_overlap,,512,0,85,qwen3_reranker,wm14,warranty,verification,白鲟弦码,,chunk-ablation-wm14#chunk-002,True,1,chunk-ablation-wm14#chunk-002,chunk-ablation-wm14#chunk-002,qinglan-warranty-v1#chunk-000,1,6.1875,2.0625,0.0,1,1,True,True,True,True
chunk_size_overlap,,512,0,85,qwen3_reranker,wm15,warranty,normal,橙枫轴距,,chunk-ablation-wm15#chunk-002,True,1,chunk-ablation-wm15#chunk-002,chunk-ablation-wm15#chunk-002,qinglan-warranty-v1#chunk-000|qinglan-warranty-v1#chunk-001,,,,,,,False,False,False,False
chunk_size_overlap,,512,0,85,qwen3_reranker,wm15,warranty,trigger_only,橙枫轴距,,chunk-ablation-wm15#chunk-002,True,1,chunk-ablation-wm15#chunk-002,chunk-ablation-wm15#chunk-002,qinglan-warranty-v1#chunk-000|qinglan-warranty-v1#chunk-001,2,-0.5625,5.40625,-8.25,2,2,False,True,True,True
chunk_size_overlap,,512,0,85,qwen3_reranker,wm15,warranty,verification,橙枫轴距,,chunk-ablation-wm15#chunk-002,True,1,chunk-ablation-wm15#chunk-002,chunk-ablation-wm15#chunk-002,qinglan-warranty-v1#chunk-000|qinglan-warranty-v1#chunk-001,1,6.5,2.9375,0.0,1,1,True,True,True,True
chunk_size_overlap,,512,0,85,qwen3_reranker,wm16,warranty,normal,翠蚕光栅,,chunk-ablation-wm16#chunk-002,True,1,chunk-ablation-wm16#chunk-002,chunk-ablation-wm16#chunk-002,qinglan-warranty-v1#chunk-001,,,,,,,False,False,False,False
chunk_size_overlap,,512,0,85,qwen3_reranker,wm16,warranty,trigger_only,翠蚕光栅,,chunk-ablation-wm16#chunk-002,True,1,chunk-ablation-wm16#chunk-002,chunk-ablation-wm16#chunk-002,qinglan-warranty-v1#chunk-001,2,-2.75,2.4375,-11.0625,2,2,False,True,True,True
chunk_size_overlap,,512,0,85,qwen3_reranker,wm16,warranty,verification,翠蚕光栅,,chunk-ablation-wm16#chunk-002,True,1,chunk-ablation-wm16#chunk-002,chunk-ablation-wm16#chunk-002,qinglan-warranty-v1#chunk-001,1,5.75,2.25,0.0,1,1,True,True,True,True
chunk_size_overlap,,512,0,85,qwen3_reranker,wm17,logistics,normal,星貂脉冲,,chunk-ablation-wm17#chunk-002,True,1,chunk-ablation-wm17#chunk-002,chunk-ablation-wm17#chunk-002,qinglan-logistics-v1#chunk-000,15,-9.03125,0.1875,-17.21875,15,15,False,False,False,True
chunk_size_overlap,,512,0,85,qwen3_reranker,wm17,logistics,trigger_only,星貂脉冲,,chunk-ablation-wm17#chunk-002,True,1,chunk-ablation-wm17#chunk-002,chunk-ablation-wm17#chunk-002,qinglan-logistics-v1#chunk-000,4,-1.9375,0.125,-10.3125,4,4,False,True,True,True
chunk_size_overlap,,512,0,85,qwen3_reranker,wm17,logistics,verification,星貂脉冲,,chunk-ablation-wm17#chunk-002,True,1,chunk-ablation-wm17#chunk-002,chunk-ablation-wm17#chunk-002,qinglan-logistics-v1#chunk-000,1,6.375,2.75,0.0,1,1,True,True,True,True
chunk_size_overlap,,512,0,85,qwen3_reranker,wm18,logistics,normal,岩鲸序列,,,False,0,chunk-ablation-wm18#chunk-002,chunk-ablation-wm18#chunk-003,qinglan-logistics-v1#chunk-000|qinglan-logistics-v1#chunk-001,,,,,,10,False,False,False,False
chunk_size_overlap,,512,0,85,qwen3_reranker,wm18,logistics,trigger_only,岩鲸序列,,,False,0,chunk-ablation-wm18#chunk-002,chunk-ablation-wm18#chunk-003,qinglan-logistics-v1#chunk-000|qinglan-logistics-v1#chunk-001,,,,,2,7,False,False,False,False
chunk_size_overlap,,512,0,85,qwen3_reranker,wm18,logistics,verification,岩鲸序列,,,False,0,chunk-ablation-wm18#chunk-002,chunk-ablation-wm18#chunk-003,qinglan-logistics-v1#chunk-000|qinglan-logistics-v1#chunk-001,,,,,1,2,False,False,False,False
chunk_size_overlap,,512,0,85,qwen3_reranker,wm19,logistics,normal,云獭相位,,,False,0,chunk-ablation-wm19#chunk-002,chunk-ablation-wm19#chunk-003,qinglan-logistics-v1#chunk-001,,,,,,,False,False,False,False
chunk_size_overlap,,512,0,85,qwen3_reranker,wm19,logistics,trigger_only,云獭相位,,,False,0,chunk-ablation-wm19#chunk-002,chunk-ablation-wm19#chunk-003,qinglan-logistics-v1#chunk-001,,,,,3,,False,False,False,False
chunk_size_overlap,,512,0,85,qwen3_reranker,wm19,logistics,verification,云獭相位,,,False,0,chunk-ablation-wm19#chunk-002,chunk-ablation-wm19#chunk-003,qinglan-logistics-v1#chunk-001,,,,,1,4,False,False,False,False
chunk_size_overlap,,512,0,85,qwen3_reranker,wm20,logistics,normal,雪鸦网格,,chunk-ablation-wm20#chunk-003,True,1,chunk-ablation-wm20#chunk-003,chunk-ablation-wm20#chunk-003,qinglan-logistics-v1#chunk-001,,,,,,,False,False,False,False
chunk_size_overlap,,512,0,85,qwen3_reranker,wm20,logistics,trigger_only,雪鸦网格,,chunk-ablation-wm20#chunk-003,True,1,chunk-ablation-wm20#chunk-003,chunk-ablation-wm20#chunk-003,qinglan-logistics-v1#chunk-001,2,-2.25,1.8125,-9.9375,2,2,False,True,True,True
chunk_size_overlap,,512,0,85,qwen3_reranker,wm20,logistics,verification,雪鸦网格,,chunk-ablation-wm20#chunk-003,True,1,chunk-ablation-wm20#chunk-003,chunk-ablation-wm20#chunk-003,qinglan-logistics-v1#chunk-001,1,7.5,3.375,0.0,1,1,True,True,True,True
chunk_size_overlap,,512,64,85,bm25,wm01,refund,normal,绯鹭折尺,,chunk-ablation-wm01#chunk-000,True,1,chunk-ablation-wm01#chunk-000,chunk-ablation-wm01#chunk-000,qinglan-refund-v1#chunk-000,11,5.489263,0.001342,-156.54908,11,11,False,False,False,True
chunk_size_overlap,,512,64,85,bm25,wm01,refund,trigger_only,绯鹭折尺,,chunk-ablation-wm01#chunk-000,True,1,chunk-ablation-wm01#chunk-000,chunk-ablation-wm01#chunk-000,qinglan-refund-v1#chunk-000,5,32.926057,4.147162,-129.112286,5,5,False,True,True,True
chunk_size_overlap,,512,64,85,bm25,wm01,refund,verification,绯鹭折尺,,chunk-ablation-wm01#chunk-000,True,1,chunk-ablation-wm01#chunk-000,chunk-ablation-wm01#chunk-000,qinglan-refund-v1#chunk-000,1,65.873114,24.970382,0.0,1,1,True,True,True,True
chunk_size_overlap,,512,64,85,bm25,wm02,refund,normal,玄鲸余弦,,chunk-ablation-wm02#chunk-000,True,1,chunk-ablation-wm02#chunk-000,chunk-ablation-wm02#chunk-000,qinglan-refund-v1#chunk-000,14,3.725189,0.0,-139.670703,14,14,False,False,False,True
chunk_size_overlap,,512,64,85,bm25,wm02,refund,trigger_only,玄鲸余弦,,chunk-ablation-wm02#chunk-000,True,1,chunk-ablation-wm02#chunk-000,chunk-ablation-wm02#chunk-000,qinglan-refund-v1#chunk-000,6,30.157501,22.639963,-113.238391,6,6,False,False,True,True
chunk_size_overlap,,512,64,85,bm25,wm02,refund,verification,玄鲸余弦,,chunk-ablation-wm02#chunk-000,True,1,chunk-ablation-wm02#chunk-000,chunk-ablation-wm02#chunk-000,qinglan-refund-v1#chunk-000,1,64.852667,21.365947,0.0,1,1,True,True,True,True
chunk_size_overlap,,512,64,85,bm25,wm03,refund,normal,银杉回声,,chunk-ablation-wm03#chunk-000,True,1,chunk-ablation-wm03#chunk-000,chunk-ablation-wm03#chunk-000|chunk-ablation-wm03#chunk-001,qinglan-refund-v1#chunk-001,14,5.344718,0.0,-164.192286,14,14,False,False,False,True
chunk_size_overlap,,512,64,85,bm25,wm03,refund,trigger_only,银杉回声,,chunk-ablation-wm03#chunk-000,True,1,chunk-ablation-wm03#chunk-000,chunk-ablation-wm03#chunk-000|chunk-ablation-wm03#chunk-001,qinglan-refund-v1#chunk-001,5,30.585513,1.978734,-140.521751,5,5,False,True,True,True
chunk_size_overlap,,512,64,85,bm25,wm03,refund,verification,银杉回声,,chunk-ablation-wm03#chunk-000,True,1,chunk-ablation-wm03#chunk-000,chunk-ablation-wm03#chunk-000|chunk-ablation-wm03#chunk-001,qinglan-refund-v1#chunk-001,1,63.644381,21.533862,0.0,1,1,True,True,True,True
chunk_size_overlap,,512,64,85,bm25,wm04,refund,normal,琥珀星栈,,,False,0,chunk-ablation-wm04#chunk-000,chunk-ablation-wm04#chunk-001,qinglan-refund-v1#chunk-001,,,,,25,28,False,False,False,False
chunk_size_overlap,,512,64,85,bm25,wm04,refund,trigger_only,琥珀星栈,,,False,0,chunk-ablation-wm04#chunk-000,chunk-ablation-wm04#chunk-001,qinglan-refund-v1#chunk-001,,,,,5,28,False,False,False,False
chunk_size_overlap,,512,64,85,bm25,wm04,refund,verification,琥珀星栈,,,False,0,chunk-ablation-wm04#chunk-000,chunk-ablation-wm04#chunk-001,qinglan-refund-v1#chunk-001,,,,,1,26,False,False,False,False
chunk_size_overlap,,512,64,85,bm25,wm05,invoice,normal,雾鸢刻度,,chunk-ablation-wm05#chunk-001,True,1,chunk-ablation-wm05#chunk-000|chunk-ablation-wm05#chunk-001,chunk-ablation-wm05#chunk-001,qinglan-invoice-v1#chunk-000,19,1.112453,0.0,-155.234484,19,19,False,False,False,True
chunk_size_overlap,,512,64,85,bm25,wm05,invoice,trigger_only,雾鸢刻度,,chunk-ablation-wm05#chunk-001,True,1,chunk-ablation-wm05#chunk-000|chunk-ablation-wm05#chunk-001,chunk-ablation-wm05#chunk-001,qinglan-invoice-v1#chunk-000,6,24.679226,0.891384,-131.667711,6,6,False,False,True,True
chunk_size_overlap,,512,64,85,bm25,wm05,invoice,verification,雾鸢刻度,,chunk-ablation-wm05#chunk-001,True,1,chunk-ablation-wm05#chunk-000|chunk-ablation-wm05#chunk-001,chunk-ablation-wm05#chunk-001,qinglan-invoice-v1#chunk-000,1,61.902615,13.781608,0.0,1,1,True,True,True,True
chunk_size_overlap,,512,64,85,bm25,wm06,invoice,normal,苍狐棱镜,,chunk-ablation-wm06#chunk-001,True,1,chunk-ablation-wm06#chunk-001,chunk-ablation-wm06#chunk-001,qinglan-invoice-v1#chunk-000,20,3.714327,0.0,-126.700503,20,20,False,False,False,True
chunk_size_overlap,,512,64,85,bm25,wm06,invoice,trigger_only,苍狐棱镜,,chunk-ablation-wm06#chunk-001,True,1,chunk-ablation-wm06#chunk-001,chunk-ablation-wm06#chunk-001,qinglan-invoice-v1#chunk-000,5,31.055123,16.262854,-99.359707,5,5,False,True,True,True
chunk_size_overlap,,512,64,85,bm25,wm06,invoice,verification,苍狐棱镜,,chunk-ablation-wm06#chunk-001,True,1,chunk-ablation-wm06#chunk-001,chunk-ablation-wm06#chunk-001,qinglan-invoice-v1#chunk-000,1,65.676638,24.773906,0.0,1,1,True,True,True,True
chunk_size_overlap,,512,64,85,bm25,wm07,invoice,normal,赤槐潮汐,,chunk-ablation-wm07#chunk-001,True,1,chunk-ablation-wm07#chunk-001,chunk-ablation-wm07#chunk-001,qinglan-invoice-v1#chunk-000|qinglan-invoice-v1#chunk-001,16,3.100338,0.003464,-134.999101,16,16,False,False,False,True
chunk_size_overlap,,512,64,85,bm25,wm07,invoice,trigger_only,赤槐潮汐,,chunk-ablation-wm07#chunk-001,True,1,chunk-ablation-wm07#chunk-001,chunk-ablation-wm07#chunk-001,qinglan-invoice-v1#chunk-000|qinglan-invoice-v1#chunk-001,5,30.489049,9.691719,-107.61039,5,5,False,True,True,True
chunk_size_overlap,,512,64,85,bm25,wm07,invoice,verification,赤槐潮汐,,chunk-ablation-wm07#chunk-001,True,1,chunk-ablation-wm07#chunk-001,chunk-ablation-wm07#chunk-001,qinglan-invoice-v1#chunk-000|qinglan-invoice-v1#chunk-001,1,65.774718,24.871986,0.0,1,1,True,True,True,True
chunk_size_overlap,,512,64,85,bm25,wm08,invoice,normal,蓝隼罗盘,,chunk-ablation-wm08#chunk-001,True,1,chunk-ablation-wm08#chunk-001,chunk-ablation-wm08#chunk-001,qinglan-invoice-v1#chunk-001,19,3.138823,0.0,-154.864414,19,19,False,False,False,True
chunk_size_overlap,,512,64,85,bm25,wm08,invoice,trigger_only,蓝隼罗盘,,chunk-ablation-wm08#chunk-001,True,1,chunk-ablation-wm08#chunk-001,chunk-ablation-wm08#chunk-001,qinglan-invoice-v1#chunk-001,5,30.479619,10.214393,-127.523618,5,5,False,True,True,True
chunk_size_overlap,,512,64,85,bm25,wm08,invoice,verification,蓝隼罗盘,,chunk-ablation-wm08#chunk-001,True,1,chunk-ablation-wm08#chunk-001,chunk-ablation-wm08#chunk-001,qinglan-invoice-v1#chunk-001,1,65.676638,24.773906,0.0,1,1,True,True,True,True
chunk_size_overlap,,512,64,85,bm25,wm09,membership,normal,紫藤航标,,chunk-ablation-wm09#chunk-001,True,1,chunk-ablation-wm09#chunk-001,chunk-ablation-wm09#chunk-001|chunk-ablation-wm09#chunk-002,qinglan-membership-v1#chunk-000,16,3.316204,0.001754,-125.639929,16,16,False,False,False,True
chunk_size_overlap,,512,64,85,bm25,wm09,membership,trigger_only,紫藤航标,,chunk-ablation-wm09#chunk-001,True,1,chunk-ablation-wm09#chunk-001,chunk-ablation-wm09#chunk-001|chunk-ablation-wm09#chunk-002,qinglan-membership-v1#chunk-000,2,28.721555,1.406246,-100.234578,2,2,False,True,True,True
chunk_size_overlap,,512,64,85,bm25,wm09,membership,verification,紫藤航标,,chunk-ablation-wm09#chunk-001,True,1,chunk-ablation-wm09#chunk-001,chunk-ablation-wm09#chunk-001|chunk-ablation-wm09#chunk-002,qinglan-membership-v1#chunk-000,1,63.973693,21.160024,0.0,1,1,True,True,True,True
chunk_size_overlap,,512,64,85,bm25,wm10,membership,normal,霜鹿环线,,,False,0,chunk-ablation-wm10#chunk-001,chunk-ablation-wm10#chunk-002,qinglan-membership-v1#chunk-000|qinglan-membership-v1#chunk-001,,,,,25,84,False,False,False,False
chunk_size_overlap,,512,64,85,bm25,wm10,membership,trigger_only,霜鹿环线,,,False,0,chunk-ablation-wm10#chunk-001,chunk-ablation-wm10#chunk-002,qinglan-membership-v1#chunk-000|qinglan-membership-v1#chunk-001,,,,,4,84,False,False,False,False
chunk_size_overlap,,512,64,85,bm25,wm10,membership,verification,霜鹿环线,,,False,0,chunk-ablation-wm10#chunk-001,chunk-ablation-wm10#chunk-002,qinglan-membership-v1#chunk-000|qinglan-membership-v1#chunk-001,,,,,1,28,False,False,False,False
chunk_size_overlap,,512,64,85,bm25,wm11,membership,normal,墨鹤矩阵,,chunk-ablation-wm11#chunk-002,True,1,chunk-ablation-wm11#chunk-001|chunk-ablation-wm11#chunk-002,chunk-ablation-wm11#chunk-002,qinglan-membership-v1#chunk-001,17,3.39354,0.00182,-121.814211,17,17,False,False,False,True
chunk_size_overlap,,512,64,85,bm25,wm11,membership,trigger_only,墨鹤矩阵,,chunk-ablation-wm11#chunk-002,True,1,chunk-ablation-wm11#chunk-001|chunk-ablation-wm11#chunk-002,chunk-ablation-wm11#chunk-002,qinglan-membership-v1#chunk-001,4,27.354757,3.267898,-97.852994,4,4,False,True,True,True
chunk_size_overlap,,512,64,85,bm25,wm11,membership,verification,墨鹤矩阵,,chunk-ablation-wm11#chunk-002,True,1,chunk-ablation-wm11#chunk-001|chunk-ablation-wm11#chunk-002,chunk-ablation-wm11#chunk-002,qinglan-membership-v1#chunk-001,1,62.381572,13.571357,0.0,1,1,True,True,True,True
chunk_size_overlap,,512,64,85,bm25,wm12,membership,normal,金雀阈门,,chunk-ablation-wm12#chunk-002,True,1,chunk-ablation-wm12#chunk-002,chunk-ablation-wm12#chunk-002,qinglan-membership-v1#chunk-002,6,4.561237,0.932305,-150.126137,6,6,False,False,True,True
chunk_size_overlap,,512,64,85,bm25,wm12,membership,trigger_only,金雀阈门,,chunk-ablation-wm12#chunk-002,True,1,chunk-ablation-wm12#chunk-002,chunk-ablation-wm12#chunk-002,qinglan-membership-v1#chunk-002,6,30.591894,26.962962,-135.502984,6,6,False,False,True,True
chunk_size_overlap,,512,64,85,bm25,wm12,membership,verification,金雀阈门,,chunk-ablation-wm12#chunk-002,True,1,chunk-ablation-wm12#chunk-002,chunk-ablation-wm12#chunk-002,qinglan-membership-v1#chunk-002,1,64.367334,23.464602,0.0,1,1,True,True,True,True
chunk_size_overlap,,512,64,85,bm25,wm13,warranty,normal,青麟坐标,,chunk-ablation-wm13#chunk-002,True,1,chunk-ablation-wm13#chunk-002,chunk-ablation-wm13#chunk-002,qinglan-warranty-v1#chunk-000,6,3.837266,2.401022,-150.687365,6,6,False,False,True,True
chunk_size_overlap,,512,64,85,bm25,wm13,warranty,trigger_only,青麟坐标,,chunk-ablation-wm13#chunk-002,True,1,chunk-ablation-wm13#chunk-002,chunk-ablation-wm13#chunk-002,qinglan-warranty-v1#chunk-000,3,27.704626,4.468658,-132.573827,3,3,False,True,True,True
chunk_size_overlap,,512,64,85,bm25,wm13,warranty,verification,青麟坐标,,chunk-ablation-wm13#chunk-002,True,1,chunk-ablation-wm13#chunk-002,chunk-ablation-wm13#chunk-002,qinglan-warranty-v1#chunk-000,1,64.770091,23.082815,0.0,1,1,True,True,True,True
chunk_size_overlap,,512,64,85,bm25,wm14,warranty,normal,白鲟弦码,,chunk-ablation-wm14#chunk-002,True,1,chunk-ablation-wm14#chunk-002,chunk-ablation-wm14#chunk-002,qinglan-warranty-v1#chunk-000,24,1.209898,0.0,-123.396633,24,24,False,False,False,False
chunk_size_overlap,,512,64,85,bm25,wm14,warranty,trigger_only,白鲟弦码,,chunk-ablation-wm14#chunk-002,True,1,chunk-ablation-wm14#chunk-002,chunk-ablation-wm14#chunk-002,qinglan-warranty-v1#chunk-000,4,28.026641,8.797536,-96.57989,4,4,False,True,True,True
chunk_size_overlap,,512,64,85,bm25,wm14,warranty,verification,白鲟弦码,,chunk-ablation-wm14#chunk-002,True,1,chunk-ablation-wm14#chunk-002,chunk-ablation-wm14#chunk-002,qinglan-warranty-v1#chunk-000,1,65.119222,23.275836,0.0,1,1,True,True,True,True
chunk_size_overlap,,512,64,85,bm25,wm15,warranty,normal,橙枫轴距,,chunk-ablation-wm15#chunk-002,True,1,chunk-ablation-wm15#chunk-002,chunk-ablation-wm15#chunk-002,qinglan-warranty-v1#chunk-000|qinglan-warranty-v1#chunk-001,22,3.054417,0.020132,-150.805301,22,22,False,False,False,False
chunk_size_overlap,,512,64,85,bm25,wm15,warranty,trigger_only,橙枫轴距,,chunk-ablation-wm15#chunk-002,True,1,chunk-ablation-wm15#chunk-002,chunk-ablation-wm15#chunk-002,qinglan-warranty-v1#chunk-000|qinglan-warranty-v1#chunk-001,3,30.363363,0.085703,-123.496355,3,3,False,True,True,True
chunk_size_overlap,,512,64,85,bm25,wm15,warranty,verification,橙枫轴距,,chunk-ablation-wm15#chunk-002,True,1,chunk-ablation-wm15#chunk-002,chunk-ablation-wm15#chunk-002,qinglan-warranty-v1#chunk-000|qinglan-warranty-v1#chunk-001,1,65.611425,24.708693,0.0,1,1,True,True,True,True
chunk_size_overlap,,512,64,85,bm25,wm16,warranty,normal,翠蚕光栅,,,False,0,chunk-ablation-wm16#chunk-002,chunk-ablation-wm16#chunk-003,qinglan-warranty-v1#chunk-001,,,,,24,28,False,False,False,False
chunk_size_overlap,,512,64,85,bm25,wm16,warranty,trigger_only,翠蚕光栅,,,False,0,chunk-ablation-wm16#chunk-002,chunk-ablation-wm16#chunk-003,qinglan-warranty-v1#chunk-001,,,,,3,28,False,False,False,False
chunk_size_overlap,,512,64,85,bm25,wm16,warranty,verification,翠蚕光栅,,,False,0,chunk-ablation-wm16#chunk-002,chunk-ablation-wm16#chunk-003,qinglan-warranty-v1#chunk-001,,,,,1,30,False,False,False,False
chunk_size_overlap,,512,64,85,bm25,wm17,logistics,normal,星貂脉冲,,chunk-ablation-wm17#chunk-003,True,1,chunk-ablation-wm17#chunk-002|chunk-ablation-wm17#chunk-003,chunk-ablation-wm17#chunk-003,qinglan-logistics-v1#chunk-000,8,1.635513,0.0,-155.92165,8,8,False,False,True,True
chunk_size_overlap,,512,64,85,bm25,wm17,logistics,trigger_only,星貂脉冲,,chunk-ablation-wm17#chunk-003,True,1,chunk-ablation-wm17#chunk-002|chunk-ablation-wm17#chunk-003,chunk-ablation-wm17#chunk-003,qinglan-logistics-v1#chunk-000,5,26.134933,1.386822,-131.42223,5,5,False,True,True,True
chunk_size_overlap,,512,64,85,bm25,wm17,logistics,verification,星貂脉冲,,chunk-ablation-wm17#chunk-003,True,1,chunk-ablation-wm17#chunk-002|chunk-ablation-wm17#chunk-003,chunk-ablation-wm17#chunk-003,qinglan-logistics-v1#chunk-000,1,53.54169,4.286509,0.0,1,1,True,True,True,True
chunk_size_overlap,,512,64,85,bm25,wm18,logistics,normal,岩鲸序列,,chunk-ablation-wm18#chunk-003,True,1,chunk-ablation-wm18#chunk-003,chunk-ablation-wm18#chunk-003,qinglan-logistics-v1#chunk-000|qinglan-logistics-v1#chunk-001,7,7.491806,0.002325,-179.136985,7,7,False,False,True,True
chunk_size_overlap,,512,64,85,bm25,wm18,logistics,trigger_only,岩鲸序列,,chunk-ablation-wm18#chunk-003,True,1,chunk-ablation-wm18#chunk-003,chunk-ablation-wm18#chunk-003,qinglan-logistics-v1#chunk-000|qinglan-logistics-v1#chunk-001,3,34.250257,0.651973,-152.378534,3,3,False,True,True,True
chunk_size_overlap,,512,64,85,bm25,wm18,logistics,verification,岩鲸序列,,chunk-ablation-wm18#chunk-003,True,1,chunk-ablation-wm18#chunk-003,chunk-ablation-wm18#chunk-003,qinglan-logistics-v1#chunk-000|qinglan-logistics-v1#chunk-001,1,66.645286,24.8019,0.0,1,1,True,True,True,True
chunk_size_overlap,,512,64,85,bm25,wm19,logistics,normal,云獭相位,,chunk-ablation-wm19#chunk-003,True,1,chunk-ablation-wm19#chunk-003,chunk-ablation-wm19#chunk-003,qinglan-logistics-v1#chunk-001,9,4.482665,0.002467,-170.176616,9,9,False,False,True,True
chunk_size_overlap,,512,64,85,bm25,wm19,logistics,trigger_only,云獭相位,,chunk-ablation-wm19#chunk-003,True,1,chunk-ablation-wm19#chunk-003,chunk-ablation-wm19#chunk-003,qinglan-logistics-v1#chunk-001,5,32.782967,2.483855,-141.876314,5,5,False,True,True,True
chunk_size_overlap,,512,64,85,bm25,wm19,logistics,verification,云獭相位,,chunk-ablation-wm19#chunk-003,True,1,chunk-ablation-wm19#chunk-003,chunk-ablation-wm19#chunk-003,qinglan-logistics-v1#chunk-001,1,68.169973,27.267241,0.0,1,1,True,True,True,True
chunk_size_overlap,,512,64,85,bm25,wm20,logistics,normal,雪鸦网格,,chunk-ablation-wm20#chunk-003,True,1,chunk-ablation-wm20#chunk-003,chunk-ablation-wm20#chunk-003,qinglan-logistics-v1#chunk-001,85,0.0,,-166.917142,85,85,False,False,False,False
chunk_size_overlap,,512,64,85,bm25,wm20,logistics,trigger_only,雪鸦网格,,chunk-ablation-wm20#chunk-003,True,1,chunk-ablation-wm20#chunk-003,chunk-ablation-wm20#chunk-003,qinglan-logistics-v1#chunk-001,6,27.763804,22.795691,-139.153338,6,6,False,False,True,True
chunk_size_overlap,,512,64,85,bm25,wm20,logistics,verification,雪鸦网格,,chunk-ablation-wm20#chunk-003,True,1,chunk-ablation-wm20#chunk-003,chunk-ablation-wm20#chunk-003,qinglan-logistics-v1#chunk-001,1,67.615264,26.712532,0.0,1,1,True,True,True,True
chunk_size_overlap,,512,64,85,dense,wm01,refund,normal,绯鹭折尺,,chunk-ablation-wm01#chunk-000,True,1,chunk-ablation-wm01#chunk-000,chunk-ablation-wm01#chunk-000,qinglan-refund-v1#chunk-000,12,0.243141,0.004274,-0.621871,12,12,False,False,False,True
chunk_size_overlap,,512,64,85,dense,wm01,refund,trigger_only,绯鹭折尺,,chunk-ablation-wm01#chunk-000,True,1,chunk-ablation-wm01#chunk-000,chunk-ablation-wm01#chunk-000,qinglan-refund-v1#chunk-000,6,0.36235,0.040161,-0.40081,6,6,False,False,True,True
chunk_size_overlap,,512,64,85,dense,wm01,refund,verification,绯鹭折尺,,chunk-ablation-wm01#chunk-000,True,1,chunk-ablation-wm01#chunk-000,chunk-ablation-wm01#chunk-000,qinglan-refund-v1#chunk-000,2,0.597986,0.020486,-0.023409,2,2,False,True,True,True
chunk_size_overlap,,512,64,85,dense,wm02,refund,normal,玄鲸余弦,,chunk-ablation-wm02#chunk-000,True,1,chunk-ablation-wm02#chunk-000,chunk-ablation-wm02#chunk-000,qinglan-refund-v1#chunk-000,13,0.309392,0.004811,-0.468872,13,13,False,False,False,True
chunk_size_overlap,,512,64,85,dense,wm02,refund,trigger_only,玄鲸余弦,,chunk-ablation-wm02#chunk-000,True,1,chunk-ablation-wm02#chunk-000,chunk-ablation-wm02#chunk-000,qinglan-refund-v1#chunk-000,6,0.429521,0.026573,-0.264521,6,6,False,False,True,True
chunk_size_overlap,,512,64,85,dense,wm02,refund,verification,玄鲸余弦,,chunk-ablation-wm02#chunk-000,True,1,chunk-ablation-wm02#chunk-000,chunk-ablation-wm02#chunk-000,qinglan-refund-v1#chunk-000,1,0.608701,0.003755,0.0,1,1,True,True,True,True
chunk_size_overlap,,512,64,85,dense,wm03,refund,normal,银杉回声,,chunk-ablation-wm03#chunk-000,True,1,chunk-ablation-wm03#chunk-000,chunk-ablation-wm03#chunk-000|chunk-ablation-wm03#chunk-001,qinglan-refund-v1#chunk-001,14,0.258135,0.001852,-0.584132,14,14,False,False,False,True
chunk_size_overlap,,512,64,85,dense,wm03,refund,trigger_only,银杉回声,,chunk-ablation-wm03#chunk-000,True,1,chunk-ablation-wm03#chunk-000,chunk-ablation-wm03#chunk-000|chunk-ablation-wm03#chunk-001,qinglan-refund-v1#chunk-001,5,0.391834,0.020786,-0.353218,5,5,False,True,True,True
chunk_size_overlap,,512,64,85,dense,wm03,refund,verification,银杉回声,,chunk-ablation-wm03#chunk-000,True,1,chunk-ablation-wm03#chunk-000,chunk-ablation-wm03#chunk-000|chunk-ablation-wm03#chunk-001,qinglan-refund-v1#chunk-001,1,0.622352,0.017171,0.0,1,1,True,True,True,True
chunk_size_overlap,,512,64,85,dense,wm04,refund,normal,琥珀星栈,,,False,0,chunk-ablation-wm04#chunk-000,chunk-ablation-wm04#chunk-001,qinglan-refund-v1#chunk-001,,,,,24,9,False,False,False,False
chunk_size_overlap,,512,64,85,dense,wm04,refund,trigger_only,琥珀星栈,,,False,0,chunk-ablation-wm04#chunk-000,chunk-ablation-wm04#chunk-001,qinglan-refund-v1#chunk-001,,,,,5,7,False,False,False,False
chunk_size_overlap,,512,64,85,dense,wm04,refund,verification,琥珀星栈,,,False,0,chunk-ablation-wm04#chunk-000,chunk-ablation-wm04#chunk-001,qinglan-refund-v1#chunk-001,,,,,8,3,False,False,False,False
chunk_size_overlap,,512,64,85,dense,wm05,invoice,normal,雾鸢刻度,,chunk-ablation-wm05#chunk-001,True,1,chunk-ablation-wm05#chunk-000|chunk-ablation-wm05#chunk-001,chunk-ablation-wm05#chunk-001,qinglan-invoice-v1#chunk-000,17,0.287163,0.001507,-0.512201,17,17,False,False,False,True
chunk_size_overlap,,512,64,85,dense,wm05,invoice,trigger_only,雾鸢刻度,,chunk-ablation-wm05#chunk-001,True,1,chunk-ablation-wm05#chunk-000|chunk-ablation-wm05#chunk-001,chunk-ablation-wm05#chunk-001,qinglan-invoice-v1#chunk-000,5,0.454793,0.006537,-0.285614,5,5,False,True,True,True
chunk_size_overlap,,512,64,85,dense,wm05,invoice,verification,雾鸢刻度,,chunk-ablation-wm05#chunk-001,True,1,chunk-ablation-wm05#chunk-000|chunk-ablation-wm05#chunk-001,chunk-ablation-wm05#chunk-001,qinglan-invoice-v1#chunk-000,7,0.575967,0.000277,-0.048825,7,7,False,False,True,True
chunk_size_overlap,,512,64,85,dense,wm06,invoice,normal,苍狐棱镜,,chunk-ablation-wm06#chunk-001,True,1,chunk-ablation-wm06#chunk-001,chunk-ablation-wm06#chunk-001,qinglan-invoice-v1#chunk-000,30,0.292038,0.000699,-0.464921,30,30,False,False,False,False
chunk_size_overlap,,512,64,85,dense,wm06,invoice,trigger_only,苍狐棱镜,,chunk-ablation-wm06#chunk-001,True,1,chunk-ablation-wm06#chunk-001,chunk-ablation-wm06#chunk-001,qinglan-invoice-v1#chunk-000,5,0.42973,0.006749,-0.242335,5,5,False,True,True,True
chunk_size_overlap,,512,64,85,dense,wm06,invoice,verification,苍狐棱镜,,chunk-ablation-wm06#chunk-001,True,1,chunk-ablation-wm06#chunk-001,chunk-ablation-wm06#chunk-001,qinglan-invoice-v1#chunk-000,4,0.563247,0.009639,-0.027577,4,4,False,True,True,True
chunk_size_overlap,,512,64,85,dense,wm07,invoice,normal,赤槐潮汐,,chunk-ablation-wm07#chunk-001,True,1,chunk-ablation-wm07#chunk-001,chunk-ablation-wm07#chunk-001,qinglan-invoice-v1#chunk-000|qinglan-invoice-v1#chunk-001,23,0.292519,0.00367,-0.535557,23,23,False,False,False,False
chunk_size_overlap,,512,64,85,dense,wm07,invoice,trigger_only,赤槐潮汐,,chunk-ablation-wm07#chunk-001,True,1,chunk-ablation-wm07#chunk-001,chunk-ablation-wm07#chunk-001,qinglan-invoice-v1#chunk-000|qinglan-invoice-v1#chunk-001,6,0.379034,0.005749,-0.372387,6,6,False,False,True,True
chunk_size_overlap,,512,64,85,dense,wm07,invoice,verification,赤槐潮汐,,chunk-ablation-wm07#chunk-001,True,1,chunk-ablation-wm07#chunk-001,chunk-ablation-wm07#chunk-001,qinglan-invoice-v1#chunk-000|qinglan-invoice-v1#chunk-001,8,0.536616,0.018817,-0.049936,8,8,False,False,True,True
chunk_size_overlap,,512,64,85,dense,wm08,invoice,normal,蓝隼罗盘,,chunk-ablation-wm08#chunk-001,True,1,chunk-ablation-wm08#chunk-001,chunk-ablation-wm08#chunk-001,qinglan-invoice-v1#chunk-001,20,0.31569,0.003047,-0.304643,20,20,False,False,False,True
chunk_size_overlap,,512,64,85,dense,wm08,invoice,trigger_only,蓝隼罗盘,,chunk-ablation-wm08#chunk-001,True,1,chunk-ablation-wm08#chunk-001,chunk-ablation-wm08#chunk-001,qinglan-invoice-v1#chunk-001,10,0.403152,0.001715,-0.146359,10,10,False,False,True,True
chunk_size_overlap,,512,64,85,dense,wm08,invoice,verification,蓝隼罗盘,,chunk-ablation-wm08#chunk-001,True,1,chunk-ablation-wm08#chunk-001,chunk-ablation-wm08#chunk-001,qinglan-invoice-v1#chunk-001,15,0.50926,0.001682,-0.0864,15,15,False,False,False,True
chunk_size_overlap,,512,64,85,dense,wm09,membership,normal,紫藤航标,,chunk-ablation-wm09#chunk-001,True,1,chunk-ablation-wm09#chunk-001,chunk-ablation-wm09#chunk-001|chunk-ablation-wm09#chunk-002,qinglan-membership-v1#chunk-000,27,0.245189,0.000108,-0.538359,27,7,False,False,False,False
chunk_size_overlap,,512,64,85,dense,wm09,membership,trigger_only,紫藤航标,,chunk-ablation-wm09#chunk-001,True,1,chunk-ablation-wm09#chunk-001,chunk-ablation-wm09#chunk-001|chunk-ablation-wm09#chunk-002,qinglan-membership-v1#chunk-000,8,0.343038,0.009779,-0.332078,8,8,False,False,True,True
chunk_size_overlap,,512,64,85,dense,wm09,membership,verification,紫藤航标,,chunk-ablation-wm09#chunk-001,True,1,chunk-ablation-wm09#chunk-001,chunk-ablation-wm09#chunk-001|chunk-ablation-wm09#chunk-002,qinglan-membership-v1#chunk-000,10,0.51879,0.00074,-0.077856,10,7,False,False,True,True
chunk_size_overlap,,512,64,85,dense,wm10,membership,normal,霜鹿环线,,,False,0,chunk-ablation-wm10#chunk-001,chunk-ablation-wm10#chunk-002,qinglan-membership-v1#chunk-000|qinglan-membership-v1#chunk-001,,,,,27,12,False,False,False,False
chunk_size_overlap,,512,64,85,dense,wm10,membership,trigger_only,霜鹿环线,,,False,0,chunk-ablation-wm10#chunk-001,chunk-ablation-wm10#chunk-002,qinglan-membership-v1#chunk-000|qinglan-membership-v1#chunk-001,,,,,13,16,False,False,False,False
chunk_size_overlap,,512,64,85,dense,wm10,membership,verification,霜鹿环线,,,False,0,chunk-ablation-wm10#chunk-001,chunk-ablation-wm10#chunk-002,qinglan-membership-v1#chunk-000|qinglan-membership-v1#chunk-001,,,,,14,7,False,False,False,False
chunk_size_overlap,,512,64,85,dense,wm11,membership,normal,墨鹤矩阵,,chunk-ablation-wm11#chunk-002,True,1,chunk-ablation-wm11#chunk-001|chunk-ablation-wm11#chunk-002,chunk-ablation-wm11#chunk-002,qinglan-membership-v1#chunk-001,8,0.305715,0.01235,-0.499549,8,8,False,False,True,True
chunk_size_overlap,,512,64,85,dense,wm11,membership,trigger_only,墨鹤矩阵,,chunk-ablation-wm11#chunk-002,True,1,chunk-ablation-wm11#chunk-001|chunk-ablation-wm11#chunk-002,chunk-ablation-wm11#chunk-002,qinglan-membership-v1#chunk-001,2,0.500654,0.101646,-0.227995,2,2,False,True,True,True
chunk_size_overlap,,512,64,85,dense,wm11,membership,verification,墨鹤矩阵,,chunk-ablation-wm11#chunk-002,True,1,chunk-ablation-wm11#chunk-001|chunk-ablation-wm11#chunk-002,chunk-ablation-wm11#chunk-002,qinglan-membership-v1#chunk-001,1,0.772789,0.179694,0.0,1,1,True,True,True,True
chunk_size_overlap,,512,64,85,dense,wm12,membership,normal,金雀阈门,,chunk-ablation-wm12#chunk-002,True,1,chunk-ablation-wm12#chunk-002,chunk-ablation-wm12#chunk-002,qinglan-membership-v1#chunk-002,10,0.296369,0.00473,-0.481809,10,10,False,False,True,True
chunk_size_overlap,,512,64,85,dense,wm12,membership,trigger_only,金雀阈门,,chunk-ablation-wm12#chunk-002,True,1,chunk-ablation-wm12#chunk-002,chunk-ablation-wm12#chunk-002,qinglan-membership-v1#chunk-002,4,0.381218,0.019896,-0.353092,4,4,False,True,True,True
chunk_size_overlap,,512,64,85,dense,wm12,membership,verification,金雀阈门,,chunk-ablation-wm12#chunk-002,True,1,chunk-ablation-wm12#chunk-002,chunk-ablation-wm12#chunk-002,qinglan-membership-v1#chunk-002,2,0.607707,0.035121,-0.004379,2,2,False,True,True,True
chunk_size_overlap,,512,64,85,dense,wm13,warranty,normal,青麟坐标,,chunk-ablation-wm13#chunk-002,True,1,chunk-ablation-wm13#chunk-002,chunk-ablation-wm13#chunk-002,qinglan-warranty-v1#chunk-000,8,0.328119,0.011695,-0.542227,8,8,False,False,True,True
chunk_size_overlap,,512,64,85,dense,wm13,warranty,trigger_only,青麟坐标,,chunk-ablation-wm13#chunk-002,True,1,chunk-ablation-wm13#chunk-002,chunk-ablation-wm13#chunk-002,qinglan-warranty-v1#chunk-000,4,0.38554,0.00213,-0.442134,4,4,False,True,True,True
chunk_size_overlap,,512,64,85,dense,wm13,warranty,verification,青麟坐标,,chunk-ablation-wm13#chunk-002,True,1,chunk-ablation-wm13#chunk-002,chunk-ablation-wm13#chunk-002,qinglan-warranty-v1#chunk-000,2,0.616045,0.001091,-0.001045,2,2,False,True,True,True
chunk_size_overlap,,512,64,85,dense,wm14,warranty,normal,白鲟弦码,,chunk-ablation-wm14#chunk-002,True,1,chunk-ablation-wm14#chunk-002,chunk-ablation-wm14#chunk-002,qinglan-warranty-v1#chunk-000,17,0.315483,0.004275,-0.519229,17,17,False,False,False,True
chunk_size_overlap,,512,64,85,dense,wm14,warranty,trigger_only,白鲟弦码,,chunk-ablation-wm14#chunk-002,True,1,chunk-ablation-wm14#chunk-002,chunk-ablation-wm14#chunk-002,qinglan-warranty-v1#chunk-000,2,0.508687,0.022806,-0.218438,2,2,False,True,True,True
chunk_size_overlap,,512,64,85,dense,wm14,warranty,verification,白鲟弦码,,chunk-ablation-wm14#chunk-002,True,1,chunk-ablation-wm14#chunk-002,chunk-ablation-wm14#chunk-002,qinglan-warranty-v1#chunk-000,1,0.684368,0.037361,0.0,1,1,True,True,True,True
chunk_size_overlap,,512,64,85,dense,wm15,warranty,normal,橙枫轴距,,chunk-ablation-wm15#chunk-002,True,1,chunk-ablation-wm15#chunk-002,chunk-ablation-wm15#chunk-002,qinglan-warranty-v1#chunk-000|qinglan-warranty-v1#chunk-001,18,0.303338,0.001672,-0.561089,18,18,False,False,False,True
chunk_size_overlap,,512,64,85,dense,wm15,warranty,trigger_only,橙枫轴距,,chunk-ablation-wm15#chunk-002,True,1,chunk-ablation-wm15#chunk-002,chunk-ablation-wm15#chunk-002,qinglan-warranty-v1#chunk-000|qinglan-warranty-v1#chunk-001,3,0.441692,0.01651,-0.287804,3,3,False,True,True,True
chunk_size_overlap,,512,64,85,dense,wm15,warranty,verification,橙枫轴距,,chunk-ablation-wm15#chunk-002,True,1,chunk-ablation-wm15#chunk-002,chunk-ablation-wm15#chunk-002,qinglan-warranty-v1#chunk-000|qinglan-warranty-v1#chunk-001,1,0.6366,0.034462,0.0,1,1,True,True,True,True
chunk_size_overlap,,512,64,85,dense,wm16,warranty,normal,翠蚕光栅,,,False,0,chunk-ablation-wm16#chunk-002,chunk-ablation-wm16#chunk-003,qinglan-warranty-v1#chunk-001,,,,,28,36,False,False,False,False
chunk_size_overlap,,512,64,85,dense,wm16,warranty,trigger_only,翠蚕光栅,,,False,0,chunk-ablation-wm16#chunk-002,chunk-ablation-wm16#chunk-003,qinglan-warranty-v1#chunk-001,,,,,2,53,False,False,False,False
chunk_size_overlap,,512,64,85,dense,wm16,warranty,verification,翠蚕光栅,,,False,0,chunk-ablation-wm16#chunk-002,chunk-ablation-wm16#chunk-003,qinglan-warranty-v1#chunk-001,,,,,1,25,False,False,False,False
chunk_size_overlap,,512,64,85,dense,wm17,logistics,normal,星貂脉冲,,chunk-ablation-wm17#chunk-003,True,1,chunk-ablation-wm17#chunk-002|chunk-ablation-wm17#chunk-003,chunk-ablation-wm17#chunk-003,qinglan-logistics-v1#chunk-000,33,0.3021,0.000883,-0.466186,33,33,False,False,False,False
chunk_size_overlap,,512,64,85,dense,wm17,logistics,trigger_only,星貂脉冲,,chunk-ablation-wm17#chunk-003,True,1,chunk-ablation-wm17#chunk-002|chunk-ablation-wm17#chunk-003,chunk-ablation-wm17#chunk-003,qinglan-logistics-v1#chunk-000,2,0.564613,0.091987,-0.135289,2,2,False,True,True,True
chunk_size_overlap,,512,64,85,dense,wm17,logistics,verification,星貂脉冲,,chunk-ablation-wm17#chunk-003,True,1,chunk-ablation-wm17#chunk-002|chunk-ablation-wm17#chunk-003,chunk-ablation-wm17#chunk-003,qinglan-logistics-v1#chunk-000,1,0.785374,0.186763,0.0,1,1,True,True,True,True
chunk_size_overlap,,512,64,85,dense,wm18,logistics,normal,岩鲸序列,,chunk-ablation-wm18#chunk-003,True,1,chunk-ablation-wm18#chunk-003,chunk-ablation-wm18#chunk-003,qinglan-logistics-v1#chunk-000|qinglan-logistics-v1#chunk-001,18,0.356233,0.005585,-0.438638,18,18,False,False,False,True
chunk_size_overlap,,512,64,85,dense,wm18,logistics,trigger_only,岩鲸序列,,chunk-ablation-wm18#chunk-003,True,1,chunk-ablation-wm18#chunk-003,chunk-ablation-wm18#chunk-003,qinglan-logistics-v1#chunk-000|qinglan-logistics-v1#chunk-001,2,0.443774,0.018495,-0.277941,2,2,False,True,True,True
chunk_size_overlap,,512,64,85,dense,wm18,logistics,verification,岩鲸序列,,chunk-ablation-wm18#chunk-003,True,1,chunk-ablation-wm18#chunk-003,chunk-ablation-wm18#chunk-003,qinglan-logistics-v1#chunk-000|qinglan-logistics-v1#chunk-001,3,0.58137,0.001353,-0.02433,3,3,False,True,True,True
chunk_size_overlap,,512,64,85,dense,wm19,logistics,normal,云獭相位,,chunk-ablation-wm19#chunk-003,True,1,chunk-ablation-wm19#chunk-003,chunk-ablation-wm19#chunk-003,qinglan-logistics-v1#chunk-001,23,0.319256,8.7e-05,-0.478047,23,23,False,False,False,False
chunk_size_overlap,,512,64,85,dense,wm19,logistics,trigger_only,云獭相位,,chunk-ablation-wm19#chunk-003,True,1,chunk-ablation-wm19#chunk-003,chunk-ablation-wm19#chunk-003,qinglan-logistics-v1#chunk-001,6,0.365376,0.011488,-0.335565,6,6,False,False,True,True
chunk_size_overlap,,512,64,85,dense,wm19,logistics,verification,云獭相位,,chunk-ablation-wm19#chunk-003,True,1,chunk-ablation-wm19#chunk-003,chunk-ablation-wm19#chunk-003,qinglan-logistics-v1#chunk-001,10,0.52457,0.013617,-0.062154,10,10,False,False,True,True
chunk_size_overlap,,512,64,85,dense,wm20,logistics,normal,雪鸦网格,,chunk-ablation-wm20#chunk-003,True,1,chunk-ablation-wm20#chunk-003,chunk-ablation-wm20#chunk-003,qinglan-logistics-v1#chunk-001,38,0.274785,0.000122,-0.528503,38,38,False,False,False,False
chunk_size_overlap,,512,64,85,dense,wm20,logistics,trigger_only,雪鸦网格,,chunk-ablation-wm20#chunk-003,True,1,chunk-ablation-wm20#chunk-003,chunk-ablation-wm20#chunk-003,qinglan-logistics-v1#chunk-001,3,0.438161,0.004964,-0.300788,3,3,False,True,True,True
chunk_size_overlap,,512,64,85,dense,wm20,logistics,verification,雪鸦网格,,chunk-ablation-wm20#chunk-003,True,1,chunk-ablation-wm20#chunk-003,chunk-ablation-wm20#chunk-003,qinglan-logistics-v1#chunk-001,1,0.642335,0.01258,0.0,1,1,True,True,True,True
chunk_size_overlap,,512,64,85,rrf_hybrid,wm01,refund,normal,绯鹭折尺,,chunk-ablation-wm01#chunk-000,True,1,chunk-ablation-wm01#chunk-000,chunk-ablation-wm01#chunk-000,qinglan-refund-v1#chunk-000,9,0.027973396,0.000576136,-0.004813489,9,9,False,False,True,True
chunk_size_overlap,,512,64,85,rrf_hybrid,wm01,refund,trigger_only,绯鹭折尺,,chunk-ablation-wm01#chunk-000,True,1,chunk-ablation-wm01#chunk-000,chunk-ablation-wm01#chunk-000,qinglan-refund-v1#chunk-000,6,0.030536131,0.001118004,-0.002250754,6,6,False,False,True,True
chunk_size_overlap,,512,64,85,rrf_hybrid,wm01,refund,verification,绯鹭折尺,,chunk-ablation-wm01#chunk-000,True,1,chunk-ablation-wm01#chunk-000,chunk-ablation-wm01#chunk-000,qinglan-refund-v1#chunk-000,1,0.032522475,0.000768443,0.0,1,1,True,True,True,True
chunk_size_overlap,,512,64,85,rrf_hybrid,wm02,refund,normal,玄鲸余弦,,chunk-ablation-wm02#chunk-000,True,1,chunk-ablation-wm02#chunk-000,chunk-ablation-wm02#chunk-000,qinglan-refund-v1#chunk-000,13,0.027212144,9.1649e-05,-0.005574741,13,13,False,False,False,True
chunk_size_overlap,,512,64,85,rrf_hybrid,wm02,refund,trigger_only,玄鲸余弦,,chunk-ablation-wm02#chunk-000,True,1,chunk-ablation-wm02#chunk-000,chunk-ablation-wm02#chunk-000,qinglan-refund-v1#chunk-000,6,0.03030303,0.001091943,-0.002483855,6,6,False,False,True,True
chunk_size_overlap,,512,64,85,rrf_hybrid,wm02,refund,verification,玄鲸余弦,,chunk-ablation-wm02#chunk-000,True,1,chunk-ablation-wm02#chunk-000,chunk-ablation-wm02#chunk-000,qinglan-refund-v1#chunk-000,1,0.032786885,0.002372138,0.0,1,1,True,True,True,True
chunk_size_overlap,,512,64,85,rrf_hybrid,wm03,refund,normal,银杉回声,,chunk-ablation-wm03#chunk-000,True,1,chunk-ablation-wm03#chunk-000,chunk-ablation-wm03#chunk-000|chunk-ablation-wm03#chunk-001,qinglan-refund-v1#chunk-001,12,0.027027027,0.000395634,-0.005759858,12,12,False,False,False,True
chunk_size_overlap,,512,64,85,rrf_hybrid,wm03,refund,trigger_only,银杉回声,,chunk-ablation-wm03#chunk-000,True,1,chunk-ablation-wm03#chunk-000,chunk-ablation-wm03#chunk-000|chunk-ablation-wm03#chunk-001,qinglan-refund-v1#chunk-001,6,0.030769231,0.001954969,-0.002017654,6,6,False,False,True,True
chunk_size_overlap,,512,64,85,rrf_hybrid,wm03,refund,verification,银杉回声,,chunk-ablation-wm03#chunk-000,True,1,chunk-ablation-wm03#chunk-000,chunk-ablation-wm03#chunk-000|chunk-ablation-wm03#chunk-001,qinglan-refund-v1#chunk-001,1,0.032786885,0.00195197,0.0,1,1,True,True,True,True
chunk_size_overlap,,512,64,85,rrf_hybrid,wm04,refund,normal,琥珀星栈,,,False,0,chunk-ablation-wm04#chunk-000,chunk-ablation-wm04#chunk-001,qinglan-refund-v1#chunk-001,,,,,24,16,False,False,False,False
chunk_size_overlap,,512,64,85,rrf_hybrid,wm04,refund,trigger_only,琥珀星栈,,,False,0,chunk-ablation-wm04#chunk-000,chunk-ablation-wm04#chunk-001,qinglan-refund-v1#chunk-001,,,,,5,16,False,False,False,False
chunk_size_overlap,,512,64,85,rrf_hybrid,wm04,refund,verification,琥珀星栈,,,False,0,chunk-ablation-wm04#chunk-000,chunk-ablation-wm04#chunk-001,qinglan-refund-v1#chunk-001,,,,,1,11,False,False,False,False
chunk_size_overlap,,512,64,85,rrf_hybrid,wm05,invoice,normal,雾鸢刻度,,chunk-ablation-wm05#chunk-001,True,1,chunk-ablation-wm05#chunk-000|chunk-ablation-wm05#chunk-001,chunk-ablation-wm05#chunk-001,qinglan-invoice-v1#chunk-000,15,0.025645241,0.000399799,-0.007141644,15,15,False,False,False,True
chunk_size_overlap,,512,64,85,rrf_hybrid,wm05,invoice,trigger_only,雾鸢刻度,,chunk-ablation-wm05#chunk-001,True,1,chunk-ablation-wm05#chunk-000|chunk-ablation-wm05#chunk-001,chunk-ablation-wm05#chunk-001,qinglan-invoice-v1#chunk-000,5,0.030536131,0.000685385,-0.002250754,5,5,False,True,True,True
chunk_size_overlap,,512,64,85,rrf_hybrid,wm05,invoice,verification,雾鸢刻度,,chunk-ablation-wm05#chunk-001,True,1,chunk-ablation-wm05#chunk-000|chunk-ablation-wm05#chunk-001,chunk-ablation-wm05#chunk-001,qinglan-invoice-v1#chunk-000,1,0.031318816,0.000639659,0.0,1,1,True,True,True,True
chunk_size_overlap,,512,64,85,rrf_hybrid,wm06,invoice,normal,苍狐棱镜,,chunk-ablation-wm06#chunk-001,True,1,chunk-ablation-wm06#chunk-001,chunk-ablation-wm06#chunk-001,qinglan-invoice-v1#chunk-000,27,0.023611111,0.000352152,-0.009175774,27,27,False,False,False,False
chunk_size_overlap,,512,64,85,rrf_hybrid,wm06,invoice,trigger_only,苍狐棱镜,,chunk-ablation-wm06#chunk-001,True,1,chunk-ablation-wm06#chunk-001,chunk-ablation-wm06#chunk-001,qinglan-invoice-v1#chunk-000,5,0.030769231,0.001124962,-0.002017654,5,5,False,True,True,True
chunk_size_overlap,,512,64,85,rrf_hybrid,wm06,invoice,verification,苍狐棱镜,,chunk-ablation-wm06#chunk-001,True,1,chunk-ablation-wm06#chunk-001,chunk-ablation-wm06#chunk-001,qinglan-invoice-v1#chunk-000,1,0.032018443,0.000964038,0.0,1,1,True,True,True,True
chunk_size_overlap,,512,64,85,rrf_hybrid,wm07,invoice,normal,赤槐潮汐,,chunk-ablation-wm07#chunk-001,True,1,chunk-ablation-wm07#chunk-001,chunk-ablation-wm07#chunk-001,qinglan-invoice-v1#chunk-000|qinglan-invoice-v1#chunk-001,18,0.025206088,1.047e-05,-0.007580797,18,18,False,False,False,True
chunk_size_overlap,,512,64,85,rrf_hybrid,wm07,invoice,trigger_only,赤槐潮汐,,chunk-ablation-wm07#chunk-001,True,1,chunk-ablation-wm07#chunk-001,chunk-ablation-wm07#chunk-001,qinglan-invoice-v1#chunk-000|qinglan-invoice-v1#chunk-001,5,0.030536131,0.000904876,-0.002250754,5,5,False,True,True,True
chunk_size_overlap,,512,64,85,rrf_hybrid,wm07,invoice,verification,赤槐潮汐,,chunk-ablation-wm07#chunk-001,True,1,chunk-ablation-wm07#chunk-001,chunk-ablation-wm07#chunk-001,qinglan-invoice-v1#chunk-000|qinglan-invoice-v1#chunk-001,2,0.031099325,0.000477539,-0.000414323,2,2,False,True,True,True
chunk_size_overlap,,512,64,85,rrf_hybrid,wm08,invoice,normal,蓝隼罗盘,,chunk-ablation-wm08#chunk-001,True,1,chunk-ablation-wm08#chunk-001,chunk-ablation-wm08#chunk-001,qinglan-invoice-v1#chunk-001,19,0.025158228,0.000713784,-0.007628657,19,19,False,False,False,True
chunk_size_overlap,,512,64,85,rrf_hybrid,wm08,invoice,trigger_only,蓝隼罗盘,,chunk-ablation-wm08#chunk-001,True,1,chunk-ablation-wm08#chunk-001,chunk-ablation-wm08#chunk-001,qinglan-invoice-v1#chunk-001,5,0.02967033,0.0003467,-0.003116555,5,5,False,True,True,True
chunk_size_overlap,,512,64,85,rrf_hybrid,wm08,invoice,verification,蓝隼罗盘,,chunk-ablation-wm08#chunk-001,True,1,chunk-ablation-wm08#chunk-001,chunk-ablation-wm08#chunk-001,qinglan-invoice-v1#chunk-001,3,0.029726776,9.5521e-05,-0.001786872,3,3,False,True,True,True
chunk_size_overlap,,512,64,85,rrf_hybrid,wm09,membership,normal,紫藤航标,,chunk-ablation-wm09#chunk-001,True,1,chunk-ablation-wm09#chunk-001,chunk-ablation-wm09#chunk-001|chunk-ablation-wm09#chunk-002,qinglan-membership-v1#chunk-000,22,0.024652148,0.000499667,-0.008134737,22,22,False,False,False,False
chunk_size_overlap,,512,64,85,rrf_hybrid,wm09,membership,trigger_only,紫藤航标,,chunk-ablation-wm09#chunk-001,True,1,chunk-ablation-wm09#chunk-001,chunk-ablation-wm09#chunk-001|chunk-ablation-wm09#chunk-002,qinglan-membership-v1#chunk-000,5,0.030834915,0.000984169,-0.00195197,5,5,False,True,True,True
chunk_size_overlap,,512,64,85,rrf_hybrid,wm09,membership,verification,紫藤航标,,chunk-ablation-wm09#chunk-001,True,1,chunk-ablation-wm09#chunk-001,chunk-ablation-wm09#chunk-001|chunk-ablation-wm09#chunk-002,qinglan-membership-v1#chunk-000,3,0.030679157,0.001210035,-0.00060139,3,3,False,True,True,True
chunk_size_overlap,,512,64,85,rrf_hybrid,wm10,membership,normal,霜鹿环线,,,False,0,chunk-ablation-wm10#chunk-001,chunk-ablation-wm10#chunk-002,qinglan-membership-v1#chunk-000|qinglan-membership-v1#chunk-001,,,,,28,31,False,False,False,False
chunk_size_overlap,,512,64,85,rrf_hybrid,wm10,membership,trigger_only,霜鹿环线,,,False,0,chunk-ablation-wm10#chunk-001,chunk-ablation-wm10#chunk-002,qinglan-membership-v1#chunk-000|qinglan-membership-v1#chunk-001,,,,,8,32,False,False,False,False
chunk_size_overlap,,512,64,85,rrf_hybrid,wm10,membership,verification,霜鹿环线,,,False,0,chunk-ablation-wm10#chunk-001,chunk-ablation-wm10#chunk-002,qinglan-membership-v1#chunk-000|qinglan-membership-v1#chunk-001,,,,,5,16,False,False,False,False
chunk_size_overlap,,512,64,85,rrf_hybrid,wm11,membership,normal,墨鹤矩阵,,chunk-ablation-wm11#chunk-002,True,1,chunk-ablation-wm11#chunk-001|chunk-ablation-wm11#chunk-002,chunk-ablation-wm11#chunk-002,qinglan-membership-v1#chunk-001,10,0.027692895,9.4874e-05,-0.00509399,10,10,False,False,True,True
chunk_size_overlap,,512,64,85,rrf_hybrid,wm11,membership,trigger_only,墨鹤矩阵,,chunk-ablation-wm11#chunk-002,True,1,chunk-ablation-wm11#chunk-001|chunk-ablation-wm11#chunk-002,chunk-ablation-wm11#chunk-002,qinglan-membership-v1#chunk-001,2,0.031754032,0.000240384,-0.001032853,2,2,False,True,True,True
chunk_size_overlap,,512,64,85,rrf_hybrid,wm11,membership,verification,墨鹤矩阵,,chunk-ablation-wm11#chunk-002,True,1,chunk-ablation-wm11#chunk-001|chunk-ablation-wm11#chunk-002,chunk-ablation-wm11#chunk-002,qinglan-membership-v1#chunk-001,1,0.032786885,0.00052882,0.0,1,1,True,True,True,True
chunk_size_overlap,,512,64,85,rrf_hybrid,wm12,membership,normal,金雀阈门,,chunk-ablation-wm12#chunk-002,True,1,chunk-ablation-wm12#chunk-002,chunk-ablation-wm12#chunk-002,qinglan-membership-v1#chunk-002,8,0.029437229,0.00064684,-0.003349656,8,8,False,False,True,True
chunk_size_overlap,,512,64,85,rrf_hybrid,wm12,membership,trigger_only,金雀阈门,,chunk-ablation-wm12#chunk-002,True,1,chunk-ablation-wm12#chunk-002,chunk-ablation-wm12#chunk-002,qinglan-membership-v1#chunk-002,5,0.030776515,0.000899146,-0.00201037,5,5,False,True,True,True
chunk_size_overlap,,512,64,85,rrf_hybrid,wm12,membership,verification,金雀阈门,,chunk-ablation-wm12#chunk-002,True,1,chunk-ablation-wm12#chunk-002,chunk-ablation-wm12#chunk-002,qinglan-membership-v1#chunk-002,1,0.032522475,0.001636279,0.0,1,1,True,True,True,True
chunk_size_overlap,,512,64,85,rrf_hybrid,wm13,warranty,normal,青麟坐标,,chunk-ablation-wm13#chunk-002,True,1,chunk-ablation-wm13#chunk-002,chunk-ablation-wm13#chunk-002,qinglan-warranty-v1#chunk-000,6,0.029857398,0.001067009,-0.002929487,6,6,False,False,True,True
chunk_size_overlap,,512,64,85,rrf_hybrid,wm13,warranty,trigger_only,青麟坐标,,chunk-ablation-wm13#chunk-002,True,1,chunk-ablation-wm13#chunk-002,chunk-ablation-wm13#chunk-002,qinglan-warranty-v1#chunk-000,3,0.031498016,0.000240385,-0.001288869,3,3,False,True,True,True
chunk_size_overlap,,512,64,85,rrf_hybrid,wm13,warranty,verification,青麟坐标,,chunk-ablation-wm13#chunk-002,True,1,chunk-ablation-wm13#chunk-002,chunk-ablation-wm13#chunk-002,qinglan-warranty-v1#chunk-000,1,0.032522475,0.002191593,0.0,1,1,True,True,True,True
chunk_size_overlap,,512,64,85,rrf_hybrid,wm14,warranty,normal,白鲟弦码,,chunk-ablation-wm14#chunk-002,True,1,chunk-ablation-wm14#chunk-002,chunk-ablation-wm14#chunk-002,qinglan-warranty-v1#chunk-000,20,0.024891775,0.000196653,-0.00789511,20,20,False,False,False,True
chunk_size_overlap,,512,64,85,rrf_hybrid,wm14,warranty,trigger_only,白鲟弦码,,chunk-ablation-wm14#chunk-002,True,1,chunk-ablation-wm14#chunk-002,chunk-ablation-wm14#chunk-002,qinglan-warranty-v1#chunk-000,3,0.031754032,0.000744417,-0.001032853,3,3,False,True,True,True
chunk_size_overlap,,512,64,85,rrf_hybrid,wm14,warranty,verification,白鲟弦码,,chunk-ablation-wm14#chunk-002,True,1,chunk-ablation-wm14#chunk-002,chunk-ablation-wm14#chunk-002,qinglan-warranty-v1#chunk-000,1,0.032786885,0.001529254,0.0,1,1,True,True,True,True
chunk_size_overlap,,512,64,85,rrf_hybrid,wm15,warranty,normal,橙枫轴距,,chunk-ablation-wm15#chunk-002,True,1,chunk-ablation-wm15#chunk-002,chunk-ablation-wm15#chunk-002,qinglan-warranty-v1#chunk-000|qinglan-warranty-v1#chunk-001,20,0.025015635,0.000320513,-0.00777125,20,20,False,False,False,True
chunk_size_overlap,,512,64,85,rrf_hybrid,wm15,warranty,trigger_only,橙枫轴距,,chunk-ablation-wm15#chunk-002,True,1,chunk-ablation-wm15#chunk-002,chunk-ablation-wm15#chunk-002,qinglan-warranty-v1#chunk-000|qinglan-warranty-v1#chunk-001,2,0.031746032,0.000232384,-0.001040853,2,2,False,True,True,True
chunk_size_overlap,,512,64,85,rrf_hybrid,wm15,warranty,verification,橙枫轴距,,chunk-ablation-wm15#chunk-002,True,1,chunk-ablation-wm15#chunk-002,chunk-ablation-wm15#chunk-002,qinglan-warranty-v1#chunk-000|qinglan-warranty-v1#chunk-001,1,0.032786885,0.00195197,0.0,1,1,True,True,True,True
chunk_size_overlap,,512,64,85,rrf_hybrid,wm16,warranty,normal,翠蚕光栅,,,False,0,chunk-ablation-wm16#chunk-002,chunk-ablation-wm16#chunk-003,qinglan-warranty-v1#chunk-001,,,,,28,33,False,False,False,False
chunk_size_overlap,,512,64,85,rrf_hybrid,wm16,warranty,trigger_only,翠蚕光栅,,,False,0,chunk-ablation-wm16#chunk-002,chunk-ablation-wm16#chunk-003,qinglan-warranty-v1#chunk-001,,,,,2,37,False,False,False,False
chunk_size_overlap,,512,64,85,rrf_hybrid,wm16,warranty,verification,翠蚕光栅,,,False,0,chunk-ablation-wm16#chunk-002,chunk-ablation-wm16#chunk-003,qinglan-warranty-v1#chunk-001,,,,,1,28,False,False,False,False
chunk_size_overlap,,512,64,85,rrf_hybrid,wm17,logistics,normal,星貂脉冲,,chunk-ablation-wm17#chunk-003,True,1,chunk-ablation-wm17#chunk-002|chunk-ablation-wm17#chunk-003,chunk-ablation-wm17#chunk-003,qinglan-logistics-v1#chunk-000,16,0.025458571,0.000303291,-0.007328314,16,16,False,False,False,True
chunk_size_overlap,,512,64,85,rrf_hybrid,wm17,logistics,trigger_only,星貂脉冲,,chunk-ablation-wm17#chunk-003,True,1,chunk-ablation-wm17#chunk-002|chunk-ablation-wm17#chunk-003,chunk-ablation-wm17#chunk-003,qinglan-logistics-v1#chunk-000,2,0.031513648,0.0,-0.001273237,2,2,False,True,True,True
chunk_size_overlap,,512,64,85,rrf_hybrid,wm17,logistics,verification,星貂脉冲,,chunk-ablation-wm17#chunk-003,True,1,chunk-ablation-wm17#chunk-002|chunk-ablation-wm17#chunk-003,chunk-ablation-wm17#chunk-003,qinglan-logistics-v1#chunk-000,1,0.032786885,0.00052882,0.0,1,1,True,True,True,True
chunk_size_overlap,,512,64,85,rrf_hybrid,wm18,logistics,normal,岩鲸序列,,chunk-ablation-wm18#chunk-003,True,1,chunk-ablation-wm18#chunk-003,chunk-ablation-wm18#chunk-003,qinglan-logistics-v1#chunk-000|qinglan-logistics-v1#chunk-001,7,0.027745886,9.5238e-05,-0.005040999,7,7,False,False,True,True
chunk_size_overlap,,512,64,85,rrf_hybrid,wm18,logistics,trigger_only,岩鲸序列,,chunk-ablation-wm18#chunk-003,True,1,chunk-ablation-wm18#chunk-003,chunk-ablation-wm18#chunk-003,qinglan-logistics-v1#chunk-000|qinglan-logistics-v1#chunk-001,2,0.032002048,0.0,-0.000784837,2,2,False,True,True,True
chunk_size_overlap,,512,64,85,rrf_hybrid,wm18,logistics,verification,岩鲸序列,,chunk-ablation-wm18#chunk-003,True,1,chunk-ablation-wm18#chunk-003,chunk-ablation-wm18#chunk-003,qinglan-logistics-v1#chunk-000|qinglan-logistics-v1#chunk-001,1,0.032266458,0.001167133,0.0,1,1,True,True,True,True
chunk_size_overlap,,512,64,85,rrf_hybrid,wm19,logistics,normal,云獭相位,,chunk-ablation-wm19#chunk-003,True,1,chunk-ablation-wm19#chunk-003,chunk-ablation-wm19#chunk-003,qinglan-logistics-v1#chunk-001,15,0.026540946,0.00020692,-0.006245939,15,15,False,False,False,True
chunk_size_overlap,,512,64,85,rrf_hybrid,wm19,logistics,trigger_only,云獭相位,,chunk-ablation-wm19#chunk-003,True,1,chunk-ablation-wm19#chunk-003,chunk-ablation-wm19#chunk-003,qinglan-logistics-v1#chunk-001,5,0.030536131,0.000459243,-0.002250754,5,5,False,True,True,True
chunk_size_overlap,,512,64,85,rrf_hybrid,wm19,logistics,verification,云獭相位,,chunk-ablation-wm19#chunk-003,True,1,chunk-ablation-wm19#chunk-003,chunk-ablation-wm19#chunk-003,qinglan-logistics-v1#chunk-001,3,0.030679157,0.000348275,-0.000420168,3,3,False,True,True,True
chunk_size_overlap,,512,64,85,rrf_hybrid,wm20,logistics,normal,雪鸦网格,,chunk-ablation-wm20#chunk-003,True,1,chunk-ablation-wm20#chunk-003,chunk-ablation-wm20#chunk-003,qinglan-logistics-v1#chunk-001,67,0.017100633,0.000198622,-0.015686252,67,67,False,False,False,False
chunk_size_overlap,,512,64,85,rrf_hybrid,wm20,logistics,trigger_only,雪鸦网格,,chunk-ablation-wm20#chunk-003,True,1,chunk-ablation-wm20#chunk-003,chunk-ablation-wm20#chunk-003,qinglan-logistics-v1#chunk-001,4,0.031024531,0.000714542,-0.001762354,4,4,False,True,True,True
chunk_size_overlap,,512,64,85,rrf_hybrid,wm20,logistics,verification,雪鸦网格,,chunk-ablation-wm20#chunk-003,True,1,chunk-ablation-wm20#chunk-003,chunk-ablation-wm20#chunk-003,qinglan-logistics-v1#chunk-001,1,0.032786885,0.00195197,0.0,1,1,True,True,True,True
chunk_size_overlap,,512,64,85,qwen3_reranker,wm01,refund,normal,绯鹭折尺,,chunk-ablation-wm01#chunk-000,True,1,chunk-ablation-wm01#chunk-000,chunk-ablation-wm01#chunk-000,qinglan-refund-v1#chunk-000,18,-7.5625,0.09375,-16.5,18,18,False,False,False,True
chunk_size_overlap,,512,64,85,qwen3_reranker,wm01,refund,trigger_only,绯鹭折尺,,chunk-ablation-wm01#chunk-000,True,1,chunk-ablation-wm01#chunk-000,chunk-ablation-wm01#chunk-000,qinglan-refund-v1#chunk-000,2,-2.125,0.625,-10.375,2,2,False,True,True,True
chunk_size_overlap,,512,64,85,qwen3_reranker,wm01,refund,verification,绯鹭折尺,,chunk-ablation-wm01#chunk-000,True,1,chunk-ablation-wm01#chunk-000,chunk-ablation-wm01#chunk-000,qinglan-refund-v1#chunk-000,1,7.125,5.625,0.0,1,1,True,True,True,True
chunk_size_overlap,,512,64,85,qwen3_reranker,wm02,refund,normal,玄鲸余弦,,chunk-ablation-wm02#chunk-000,True,1,chunk-ablation-wm02#chunk-000,chunk-ablation-wm02#chunk-000,qinglan-refund-v1#chunk-000,10,-9.40625,0.203125,-17.15625,10,10,False,False,True,True
chunk_size_overlap,,512,64,85,qwen3_reranker,wm02,refund,trigger_only,玄鲸余弦,,chunk-ablation-wm02#chunk-000,True,1,chunk-ablation-wm02#chunk-000,chunk-ablation-wm02#chunk-000,qinglan-refund-v1#chunk-000,4,-1.5625,2.8125,-7.75,4,4,False,True,True,True
chunk_size_overlap,,512,64,85,qwen3_reranker,wm02,refund,verification,玄鲸余弦,,chunk-ablation-wm02#chunk-000,True,1,chunk-ablation-wm02#chunk-000,chunk-ablation-wm02#chunk-000,qinglan-refund-v1#chunk-000,1,6.3125,4.5625,0.0,1,1,True,True,True,True
chunk_size_overlap,,512,64,85,qwen3_reranker,wm03,refund,normal,银杉回声,,chunk-ablation-wm03#chunk-000,True,1,chunk-ablation-wm03#chunk-000,chunk-ablation-wm03#chunk-000|chunk-ablation-wm03#chunk-001,qinglan-refund-v1#chunk-001,18,-10.15625,0.03125,-18.96875,18,18,False,False,False,True
chunk_size_overlap,,512,64,85,qwen3_reranker,wm03,refund,trigger_only,银杉回声,,chunk-ablation-wm03#chunk-000,True,1,chunk-ablation-wm03#chunk-000,chunk-ablation-wm03#chunk-000|chunk-ablation-wm03#chunk-001,qinglan-refund-v1#chunk-001,6,-4.125,3.9375,-12.375,6,6,False,False,True,True
chunk_size_overlap,,512,64,85,qwen3_reranker,wm03,refund,verification,银杉回声,,chunk-ablation-wm03#chunk-000,True,1,chunk-ablation-wm03#chunk-000,chunk-ablation-wm03#chunk-000|chunk-ablation-wm03#chunk-001,qinglan-refund-v1#chunk-001,1,5.875,3.6875,0.0,1,1,True,True,True,True
chunk_size_overlap,,512,64,85,qwen3_reranker,wm04,refund,normal,琥珀星栈,,,False,0,chunk-ablation-wm04#chunk-000,chunk-ablation-wm04#chunk-001,qinglan-refund-v1#chunk-001,,,,,,8,False,False,False,False
chunk_size_overlap,,512,64,85,qwen3_reranker,wm04,refund,trigger_only,琥珀星栈,,,False,0,chunk-ablation-wm04#chunk-000,chunk-ablation-wm04#chunk-001,qinglan-refund-v1#chunk-001,,,,,5,8,False,False,False,False
chunk_size_overlap,,512,64,85,qwen3_reranker,wm04,refund,verification,琥珀星栈,,,False,0,chunk-ablation-wm04#chunk-000,chunk-ablation-wm04#chunk-001,qinglan-refund-v1#chunk-001,,,,,1,8,False,False,False,False
chunk_size_overlap,,512,64,85,qwen3_reranker,wm05,invoice,normal,雾鸢刻度,,chunk-ablation-wm05#chunk-001,True,1,chunk-ablation-wm05#chunk-000|chunk-ablation-wm05#chunk-001,chunk-ablation-wm05#chunk-001,qinglan-invoice-v1#chunk-000,7,-7.9375,0.75,-16.5,7,7,False,False,True,True
chunk_size_overlap,,512,64,85,qwen3_reranker,wm05,invoice,trigger_only,雾鸢刻度,,chunk-ablation-wm05#chunk-001,True,1,chunk-ablation-wm05#chunk-000|chunk-ablation-wm05#chunk-001,chunk-ablation-wm05#chunk-001,qinglan-invoice-v1#chunk-000,2,0.4375,1.5625,-8.1875,2,2,False,True,True,True
chunk_size_overlap,,512,64,85,qwen3_reranker,wm05,invoice,verification,雾鸢刻度,,chunk-ablation-wm05#chunk-001,True,1,chunk-ablation-wm05#chunk-000|chunk-ablation-wm05#chunk-001,chunk-ablation-wm05#chunk-001,qinglan-invoice-v1#chunk-000,1,6.375,2.625,0.0,1,1,True,True,True,True
chunk_size_overlap,,512,64,85,qwen3_reranker,wm06,invoice,normal,苍狐棱镜,,chunk-ablation-wm06#chunk-001,True,1,chunk-ablation-wm06#chunk-001,chunk-ablation-wm06#chunk-001,qinglan-invoice-v1#chunk-000,,,,,,,False,False,False,False
chunk_size_overlap,,512,64,85,qwen3_reranker,wm06,invoice,trigger_only,苍狐棱镜,,chunk-ablation-wm06#chunk-001,True,1,chunk-ablation-wm06#chunk-001,chunk-ablation-wm06#chunk-001,qinglan-invoice-v1#chunk-000,4,-3.25,2.75,-7.875,4,4,False,True,True,True
chunk_size_overlap,,512,64,85,qwen3_reranker,wm06,invoice,verification,苍狐棱镜,,chunk-ablation-wm06#chunk-001,True,1,chunk-ablation-wm06#chunk-001,chunk-ablation-wm06#chunk-001,qinglan-invoice-v1#chunk-000,1,6.25,4.0625,0.0,1,1,True,True,True,True
chunk_size_overlap,,512,64,85,qwen3_reranker,wm07,invoice,normal,赤槐潮汐,,chunk-ablation-wm07#chunk-001,True,1,chunk-ablation-wm07#chunk-001,chunk-ablation-wm07#chunk-001,qinglan-invoice-v1#chunk-000|qinglan-invoice-v1#chunk-001,13,-9.125,0.671875,-17.25,13,13,False,False,False,True
chunk_size_overlap,,512,64,85,qwen3_reranker,wm07,invoice,trigger_only,赤槐潮汐,,chunk-ablation-wm07#chunk-001,True,1,chunk-ablation-wm07#chunk-001,chunk-ablation-wm07#chunk-001,qinglan-invoice-v1#chunk-000|qinglan-invoice-v1#chunk-001,3,-1.875,2.3125,-9.5,3,3,False,True,True,True
chunk_size_overlap,,512,64,85,qwen3_reranker,wm07,invoice,verification,赤槐潮汐,,chunk-ablation-wm07#chunk-001,True,1,chunk-ablation-wm07#chunk-001,chunk-ablation-wm07#chunk-001,qinglan-invoice-v1#chunk-000|qinglan-invoice-v1#chunk-001,1,6.9375,5.1875,0.0,1,1,True,True,True,True
chunk_size_overlap,,512,64,85,qwen3_reranker,wm08,invoice,normal,蓝隼罗盘,,chunk-ablation-wm08#chunk-001,True,1,chunk-ablation-wm08#chunk-001,chunk-ablation-wm08#chunk-001,qinglan-invoice-v1#chunk-001,17,-8.625,0.25,-15.0,17,17,False,False,False,True
chunk_size_overlap,,512,64,85,qwen3_reranker,wm08,invoice,trigger_only,蓝隼罗盘,,chunk-ablation-wm08#chunk-001,True,1,chunk-ablation-wm08#chunk-001,chunk-ablation-wm08#chunk-001,qinglan-invoice-v1#chunk-001,2,-0.9375,4.125,-7.25,2,2,False,True,True,True
chunk_size_overlap,,512,64,85,qwen3_reranker,wm08,invoice,verification,蓝隼罗盘,,chunk-ablation-wm08#chunk-001,True,1,chunk-ablation-wm08#chunk-001,chunk-ablation-wm08#chunk-001,qinglan-invoice-v1#chunk-001,1,7.1875,5.625,0.0,1,1,True,True,True,True
chunk_size_overlap,,512,64,85,qwen3_reranker,wm09,membership,normal,紫藤航标,,chunk-ablation-wm09#chunk-001,True,1,chunk-ablation-wm09#chunk-001,chunk-ablation-wm09#chunk-001|chunk-ablation-wm09#chunk-002,qinglan-membership-v1#chunk-000,,,,,,,False,False,False,False
chunk_size_overlap,,512,64,85,qwen3_reranker,wm09,membership,trigger_only,紫藤航标,,chunk-ablation-wm09#chunk-001,True,1,chunk-ablation-wm09#chunk-001,chunk-ablation-wm09#chunk-001|chunk-ablation-wm09#chunk-002,qinglan-membership-v1#chunk-000,2,-3.5625,2.78125,-10.75,2,2,False,True,True,True
chunk_size_overlap,,512,64,85,qwen3_reranker,wm09,membership,verification,紫藤航标,,chunk-ablation-wm09#chunk-001,True,1,chunk-ablation-wm09#chunk-001,chunk-ablation-wm09#chunk-001|chunk-ablation-wm09#chunk-002,qinglan-membership-v1#chunk-000,1,6.9375,5.8125,0.0,1,1,True,True,True,True
chunk_size_overlap,,512,64,85,qwen3_reranker,wm10,membership,normal,霜鹿环线,,,False,0,chunk-ablation-wm10#chunk-001,chunk-ablation-wm10#chunk-002,qinglan-membership-v1#chunk-000|qinglan-membership-v1#chunk-001,,,,,,,False,False,False,False
chunk_size_overlap,,512,64,85,qwen3_reranker,wm10,membership,trigger_only,霜鹿环线,,,False,0,chunk-ablation-wm10#chunk-001,chunk-ablation-wm10#chunk-002,qinglan-membership-v1#chunk-000|qinglan-membership-v1#chunk-001,,,,,2,,False,False,False,False
chunk_size_overlap,,512,64,85,qwen3_reranker,wm10,membership,verification,霜鹿环线,,,False,0,chunk-ablation-wm10#chunk-001,chunk-ablation-wm10#chunk-002,qinglan-membership-v1#chunk-000|qinglan-membership-v1#chunk-001,,,,,1,5,False,False,False,False
chunk_size_overlap,,512,64,85,qwen3_reranker,wm11,membership,normal,墨鹤矩阵,,chunk-ablation-wm11#chunk-002,True,1,chunk-ablation-wm11#chunk-001|chunk-ablation-wm11#chunk-002,chunk-ablation-wm11#chunk-002,qinglan-membership-v1#chunk-001,16,-8.25,0.21875,-15.375,16,16,False,False,False,True
chunk_size_overlap,,512,64,85,qwen3_reranker,wm11,membership,trigger_only,墨鹤矩阵,,chunk-ablation-wm11#chunk-002,True,1,chunk-ablation-wm11#chunk-001|chunk-ablation-wm11#chunk-002,chunk-ablation-wm11#chunk-002,qinglan-membership-v1#chunk-001,2,-1.125,2.9375,-7.5,2,2,False,True,True,True
chunk_size_overlap,,512,64,85,qwen3_reranker,wm11,membership,verification,墨鹤矩阵,,chunk-ablation-wm11#chunk-002,True,1,chunk-ablation-wm11#chunk-001|chunk-ablation-wm11#chunk-002,chunk-ablation-wm11#chunk-002,qinglan-membership-v1#chunk-001,1,7.5625,4.6875,0.0,1,1,True,True,True,True
chunk_size_overlap,,512,64,85,qwen3_reranker,wm12,membership,normal,金雀阈门,,chunk-ablation-wm12#chunk-002,True,1,chunk-ablation-wm12#chunk-002,chunk-ablation-wm12#chunk-002,qinglan-membership-v1#chunk-002,7,-7.96875,0.15625,-16.71875,7,7,False,False,True,True
chunk_size_overlap,,512,64,85,qwen3_reranker,wm12,membership,trigger_only,金雀阈门,,chunk-ablation-wm12#chunk-002,True,1,chunk-ablation-wm12#chunk-002,chunk-ablation-wm12#chunk-002,qinglan-membership-v1#chunk-002,2,-3.75,2.90625,-11.8125,2,2,False,True,True,True
chunk_size_overlap,,512,64,85,qwen3_reranker,wm12,membership,verification,金雀阈门,,chunk-ablation-wm12#chunk-002,True,1,chunk-ablation-wm12#chunk-002,chunk-ablation-wm12#chunk-002,qinglan-membership-v1#chunk-002,1,6.5625,4.9375,0.0,1,1,True,True,True,True
chunk_size_overlap,,512,64,85,qwen3_reranker,wm13,warranty,normal,青麟坐标,,chunk-ablation-wm13#chunk-002,True,1,chunk-ablation-wm13#chunk-002,chunk-ablation-wm13#chunk-002,qinglan-warranty-v1#chunk-000,6,-7.78125,1.78125,-16.34375,6,6,False,False,True,True
chunk_size_overlap,,512,64,85,qwen3_reranker,wm13,warranty,trigger_only,青麟坐标,,chunk-ablation-wm13#chunk-002,True,1,chunk-ablation-wm13#chunk-002,chunk-ablation-wm13#chunk-002,qinglan-warranty-v1#chunk-000,3,-2.0,4.3125,-10.25,3,3,False,True,True,True
chunk_size_overlap,,512,64,85,qwen3_reranker,wm13,warranty,verification,青麟坐标,,chunk-ablation-wm13#chunk-002,True,1,chunk-ablation-wm13#chunk-002,chunk-ablation-wm13#chunk-002,qinglan-warranty-v1#chunk-000,1,6.8125,3.25,0.0,1,1,True,True,True,True
chunk_size_overlap,,512,64,85,qwen3_reranker,wm14,warranty,normal,白鲟弦码,,chunk-ablation-wm14#chunk-002,True,1,chunk-ablation-wm14#chunk-002,chunk-ablation-wm14#chunk-002,qinglan-warranty-v1#chunk-000,16,-10.125,0.03125,-18.125,16,16,False,False,False,True
chunk_size_overlap,,512,64,85,qwen3_reranker,wm14,warranty,trigger_only,白鲟弦码,,chunk-ablation-wm14#chunk-002,True,1,chunk-ablation-wm14#chunk-002,chunk-ablation-wm14#chunk-002,qinglan-warranty-v1#chunk-000,3,-3.0,1.9375,-10.0,3,3,False,True,True,True
chunk_size_overlap,,512,64,85,qwen3_reranker,wm14,warranty,verification,白鲟弦码,,chunk-ablation-wm14#chunk-002,True,1,chunk-ablation-wm14#chunk-002,chunk-ablation-wm14#chunk-002,qinglan-warranty-v1#chunk-000,1,6.625,5.4375,0.0,1,1,True,True,True,True
chunk_size_overlap,,512,64,85,qwen3_reranker,wm15,warranty,normal,橙枫轴距,,chunk-ablation-wm15#chunk-002,True,1,chunk-ablation-wm15#chunk-002,chunk-ablation-wm15#chunk-002,qinglan-warranty-v1#chunk-000|qinglan-warranty-v1#chunk-001,9,-9.546875,0.390625,-18.109375,9,9,False,False,True,True
chunk_size_overlap,,512,64,85,qwen3_reranker,wm15,warranty,trigger_only,橙枫轴距,,chunk-ablation-wm15#chunk-002,True,1,chunk-ablation-wm15#chunk-002,chunk-ablation-wm15#chunk-002,qinglan-warranty-v1#chunk-000|qinglan-warranty-v1#chunk-001,2,-1.1875,4.84375,-8.875,2,2,False,True,True,True
chunk_size_overlap,,512,64,85,qwen3_reranker,wm15,warranty,verification,橙枫轴距,,chunk-ablation-wm15#chunk-002,True,1,chunk-ablation-wm15#chunk-002,chunk-ablation-wm15#chunk-002,qinglan-warranty-v1#chunk-000|qinglan-warranty-v1#chunk-001,1,7.0625,5.75,0.0,1,1,True,True,True,True
chunk_size_overlap,,512,64,85,qwen3_reranker,wm16,warranty,normal,翠蚕光栅,,,False,0,chunk-ablation-wm16#chunk-002,chunk-ablation-wm16#chunk-003,qinglan-warranty-v1#chunk-001,,,,,,,False,False,False,False
chunk_size_overlap,,512,64,85,qwen3_reranker,wm16,warranty,trigger_only,翠蚕光栅,,,False,0,chunk-ablation-wm16#chunk-002,chunk-ablation-wm16#chunk-003,qinglan-warranty-v1#chunk-001,,,,,2,,False,False,False,False
chunk_size_overlap,,512,64,85,qwen3_reranker,wm16,warranty,verification,翠蚕光栅,,,False,0,chunk-ablation-wm16#chunk-002,chunk-ablation-wm16#chunk-003,qinglan-warranty-v1#chunk-001,,,,,1,,False,False,False,False
chunk_size_overlap,,512,64,85,qwen3_reranker,wm17,logistics,normal,星貂脉冲,,chunk-ablation-wm17#chunk-003,True,1,chunk-ablation-wm17#chunk-002|chunk-ablation-wm17#chunk-003,chunk-ablation-wm17#chunk-003,qinglan-logistics-v1#chunk-000,19,-10.390625,0.015625,-18.578125,19,19,False,False,False,True
chunk_size_overlap,,512,64,85,qwen3_reranker,wm17,logistics,trigger_only,星貂脉冲,,chunk-ablation-wm17#chunk-003,True,1,chunk-ablation-wm17#chunk-002|chunk-ablation-wm17#chunk-003,chunk-ablation-wm17#chunk-003,qinglan-logistics-v1#chunk-000,3,-0.9375,0.375,-9.375,3,3,False,True,True,True
chunk_size_overlap,,512,64,85,qwen3_reranker,wm17,logistics,verification,星貂脉冲,,chunk-ablation-wm17#chunk-003,True,1,chunk-ablation-wm17#chunk-002|chunk-ablation-wm17#chunk-003,chunk-ablation-wm17#chunk-003,qinglan-logistics-v1#chunk-000,1,6.9375,4.8125,0.0,1,1,True,True,True,True
chunk_size_overlap,,512,64,85,qwen3_reranker,wm18,logistics,normal,岩鲸序列,,chunk-ablation-wm18#chunk-003,True,1,chunk-ablation-wm18#chunk-003,chunk-ablation-wm18#chunk-003,qinglan-logistics-v1#chunk-000|qinglan-logistics-v1#chunk-001,8,-9.96875,0.015625,-18.34375,8,8,False,False,True,True
chunk_size_overlap,,512,64,85,qwen3_reranker,wm18,logistics,trigger_only,岩鲸序列,,chunk-ablation-wm18#chunk-003,True,1,chunk-ablation-wm18#chunk-003,chunk-ablation-wm18#chunk-003,qinglan-logistics-v1#chunk-000|qinglan-logistics-v1#chunk-001,2,-3.1875,0.6875,-11.375,2,2,False,True,True,True
chunk_size_overlap,,512,64,85,qwen3_reranker,wm18,logistics,verification,岩鲸序列,,chunk-ablation-wm18#chunk-003,True,1,chunk-ablation-wm18#chunk-003,chunk-ablation-wm18#chunk-003,qinglan-logistics-v1#chunk-000|qinglan-logistics-v1#chunk-001,1,6.5,5.0625,0.0,1,1,True,True,True,True
chunk_size_overlap,,512,64,85,qwen3_reranker,wm19,logistics,normal,云獭相位,,chunk-ablation-wm19#chunk-003,True,1,chunk-ablation-wm19#chunk-003,chunk-ablation-wm19#chunk-003,qinglan-logistics-v1#chunk-001,15,-9.25,0.21875,-17.625,15,15,False,False,False,True
chunk_size_overlap,,512,64,85,qwen3_reranker,wm19,logistics,trigger_only,云獭相位,,chunk-ablation-wm19#chunk-003,True,1,chunk-ablation-wm19#chunk-003,chunk-ablation-wm19#chunk-003,qinglan-logistics-v1#chunk-001,3,-1.5625,0.0625,-8.8125,3,3,False,True,True,True
chunk_size_overlap,,512,64,85,qwen3_reranker,wm19,logistics,verification,云獭相位,,chunk-ablation-wm19#chunk-003,True,1,chunk-ablation-wm19#chunk-003,chunk-ablation-wm19#chunk-003,qinglan-logistics-v1#chunk-001,1,6.625,4.625,0.0,1,1,True,True,True,True
chunk_size_overlap,,512,64,85,qwen3_reranker,wm20,logistics,normal,雪鸦网格,,chunk-ablation-wm20#chunk-003,True,1,chunk-ablation-wm20#chunk-003,chunk-ablation-wm20#chunk-003,qinglan-logistics-v1#chunk-001,,,,,,,False,False,False,False
chunk_size_overlap,,512,64,85,qwen3_reranker,wm20,logistics,trigger_only,雪鸦网格,,chunk-ablation-wm20#chunk-003,True,1,chunk-ablation-wm20#chunk-003,chunk-ablation-wm20#chunk-003,qinglan-logistics-v1#chunk-001,2,-2.3125,1.75,-10.0,2,2,False,True,True,True
chunk_size_overlap,,512,64,85,qwen3_reranker,wm20,logistics,verification,雪鸦网格,,chunk-ablation-wm20#chunk-003,True,1,chunk-ablation-wm20#chunk-003,chunk-ablation-wm20#chunk-003,qinglan-logistics-v1#chunk-001,1,6.8125,3.5,0.0,1,1,True,True,True,True
chunk_size_overlap,,512,128,105,bm25,wm01,refund,normal,绯鹭折尺,,chunk-ablation-wm01#chunk-000,True,1,chunk-ablation-wm01#chunk-000,chunk-ablation-wm01#chunk-000,qinglan-refund-v1#chunk-000,10,5.490792,0.001215,-163.702765,10,10,False,False,True,True
chunk_size_overlap,,512,128,105,bm25,wm01,refund,trigger_only,绯鹭折尺,,chunk-ablation-wm01#chunk-000,True,1,chunk-ablation-wm01#chunk-000,chunk-ablation-wm01#chunk-000,qinglan-refund-v1#chunk-000,5,33.436185,3.016247,-135.757372,5,5,False,True,True,True
chunk_size_overlap,,512,128,105,bm25,wm01,refund,verification,绯鹭折尺,,chunk-ablation-wm01#chunk-000,True,1,chunk-ablation-wm01#chunk-000,chunk-ablation-wm01#chunk-000,qinglan-refund-v1#chunk-000,1,67.002933,19.624422,0.0,1,1,True,True,True,True
chunk_size_overlap,,512,128,105,bm25,wm02,refund,normal,玄鲸余弦,,chunk-ablation-wm02#chunk-000,True,1,chunk-ablation-wm02#chunk-000,chunk-ablation-wm02#chunk-000|chunk-ablation-wm02#chunk-001,qinglan-refund-v1#chunk-000,12,3.660086,0.0,-146.638669,12,12,False,False,False,True
chunk_size_overlap,,512,128,105,bm25,wm02,refund,trigger_only,玄鲸余弦,,chunk-ablation-wm02#chunk-000,True,1,chunk-ablation-wm02#chunk-000,chunk-ablation-wm02#chunk-000|chunk-ablation-wm02#chunk-001,qinglan-refund-v1#chunk-000,6,30.631246,23.455683,-119.667509,6,6,False,False,True,True
chunk_size_overlap,,512,128,105,bm25,wm02,refund,verification,玄鲸余弦,,chunk-ablation-wm02#chunk-000,True,1,chunk-ablation-wm02#chunk-000,chunk-ablation-wm02#chunk-000|chunk-ablation-wm02#chunk-001,qinglan-refund-v1#chunk-000,1,66.011631,18.63312,0.0,1,1,True,True,True,True
chunk_size_overlap,,512,128,105,bm25,wm03,refund,normal,银杉回声,,chunk-ablation-wm03#chunk-000,True,1,chunk-ablation-wm03#chunk-000,chunk-ablation-wm03#chunk-000|chunk-ablation-wm03#chunk-001,qinglan-refund-v1#chunk-001,16,5.373044,0.001611,-172.267751,16,16,False,False,False,True
chunk_size_overlap,,512,128,105,bm25,wm03,refund,trigger_only,银杉回声,,chunk-ablation-wm03#chunk-000,True,1,chunk-ablation-wm03#chunk-000,chunk-ablation-wm03#chunk-000|chunk-ablation-wm03#chunk-001,qinglan-refund-v1#chunk-001,5,30.994544,0.711742,-148.170963,5,5,False,True,True,True
chunk_size_overlap,,512,128,105,bm25,wm03,refund,verification,银杉回声,,chunk-ablation-wm03#chunk-000,True,1,chunk-ablation-wm03#chunk-000,chunk-ablation-wm03#chunk-000|chunk-ablation-wm03#chunk-001,qinglan-refund-v1#chunk-001,1,64.644216,15.750585,0.0,1,1,True,True,True,True
chunk_size_overlap,,512,128,105,bm25,wm04,refund,normal,琥珀星栈,,chunk-ablation-wm04#chunk-001,True,1,chunk-ablation-wm04#chunk-000|chunk-ablation-wm04#chunk-001,chunk-ablation-wm04#chunk-001,qinglan-refund-v1#chunk-001,26,1.661179,0.000699,-149.05944,26,26,False,False,False,False
chunk_size_overlap,,512,128,105,bm25,wm04,refund,trigger_only,琥珀星栈,,chunk-ablation-wm04#chunk-001,True,1,chunk-ablation-wm04#chunk-000|chunk-ablation-wm04#chunk-001,chunk-ablation-wm04#chunk-001,qinglan-refund-v1#chunk-001,6,25.835939,0.105688,-124.88468,6,6,False,False,True,True
chunk_size_overlap,,512,128,105,bm25,wm04,refund,verification,琥珀星栈,,chunk-ablation-wm04#chunk-001,True,1,chunk-ablation-wm04#chunk-000|chunk-ablation-wm04#chunk-001,chunk-ablation-wm04#chunk-001,qinglan-refund-v1#chunk-001,1,63.109601,10.438129,0.0,1,1,True,True,True,True
chunk_size_overlap,,512,128,105,bm25,wm05,invoice,normal,雾鸢刻度,,chunk-ablation-wm05#chunk-001,True,1,chunk-ablation-wm05#chunk-000|chunk-ablation-wm05#chunk-001,chunk-ablation-wm05#chunk-001,qinglan-invoice-v1#chunk-000,21,1.143711,0.0,-163.387301,21,21,False,False,False,False
chunk_size_overlap,,512,128,105,bm25,wm05,invoice,trigger_only,雾鸢刻度,,chunk-ablation-wm05#chunk-001,True,1,chunk-ablation-wm05#chunk-000|chunk-ablation-wm05#chunk-001,chunk-ablation-wm05#chunk-001,qinglan-invoice-v1#chunk-000,6,25.333073,0.911991,-139.197939,6,6,False,False,True,True
chunk_size_overlap,,512,128,105,bm25,wm05,invoice,verification,雾鸢刻度,,chunk-ablation-wm05#chunk-001,True,1,chunk-ablation-wm05#chunk-000|chunk-ablation-wm05#chunk-001,chunk-ablation-wm05#chunk-001,qinglan-invoice-v1#chunk-000,1,63.141253,14.063893,0.0,1,1,True,True,True,True
chunk_size_overlap,,512,128,105,bm25,wm06,invoice,normal,苍狐棱镜,,chunk-ablation-wm06#chunk-001,True,1,chunk-ablation-wm06#chunk-001,chunk-ablation-wm06#chunk-001,qinglan-invoice-v1#chunk-000,22,3.649035,0.0,-132.722605,22,22,False,False,False,False
chunk_size_overlap,,512,128,105,bm25,wm06,invoice,trigger_only,苍狐棱镜,,chunk-ablation-wm06#chunk-001,True,1,chunk-ablation-wm06#chunk-001,chunk-ablation-wm06#chunk-001,qinglan-invoice-v1#chunk-000,5,31.493159,15.906668,-104.878481,5,5,False,True,True,True
chunk_size_overlap,,512,128,105,bm25,wm06,invoice,verification,苍狐棱镜,,chunk-ablation-wm06#chunk-001,True,1,chunk-ablation-wm06#chunk-001,chunk-ablation-wm06#chunk-001,qinglan-invoice-v1#chunk-000,1,66.796015,19.417504,0.0,1,1,True,True,True,True
chunk_size_overlap,,512,128,105,bm25,wm07,invoice,normal,赤槐潮汐,,chunk-ablation-wm07#chunk-001,True,1,chunk-ablation-wm07#chunk-001,chunk-ablation-wm07#chunk-001,qinglan-invoice-v1#chunk-000|qinglan-invoice-v1#chunk-001,17,3.126961,0.002405,-141.592084,17,17,False,False,False,True
chunk_size_overlap,,512,128,105,bm25,wm07,invoice,trigger_only,赤槐潮汐,,chunk-ablation-wm07#chunk-001,True,1,chunk-ablation-wm07#chunk-001,chunk-ablation-wm07#chunk-001,qinglan-invoice-v1#chunk-000|qinglan-invoice-v1#chunk-001,5,31.021625,9.107602,-113.69742,5,5,False,True,True,True
chunk_size_overlap,,512,128,105,bm25,wm07,invoice,verification,赤槐潮汐,,chunk-ablation-wm07#chunk-001,True,1,chunk-ablation-wm07#chunk-001,chunk-ablation-wm07#chunk-001,qinglan-invoice-v1#chunk-000|qinglan-invoice-v1#chunk-001,1,66.899652,19.521141,0.0,1,1,True,True,True,True
chunk_size_overlap,,512,128,105,bm25,wm08,invoice,normal,蓝隼罗盘,,chunk-ablation-wm08#chunk-001,True,1,chunk-ablation-wm08#chunk-001,chunk-ablation-wm08#chunk-001|chunk-ablation-wm08#chunk-002,qinglan-invoice-v1#chunk-001,20,3.191326,0.0,-161.416554,20,20,False,False,False,True
chunk_size_overlap,,512,128,105,bm25,wm08,invoice,trigger_only,蓝隼罗盘,,chunk-ablation-wm08#chunk-001,True,1,chunk-ablation-wm08#chunk-001,chunk-ablation-wm08#chunk-001|chunk-ablation-wm08#chunk-002,qinglan-invoice-v1#chunk-001,5,31.03545,9.760188,-133.57243,5,5,False,True,True,True
chunk_size_overlap,,512,128,105,bm25,wm08,invoice,verification,蓝隼罗盘,,chunk-ablation-wm08#chunk-001,True,1,chunk-ablation-wm08#chunk-001,chunk-ablation-wm08#chunk-001|chunk-ablation-wm08#chunk-002,qinglan-invoice-v1#chunk-001,1,66.796015,19.417504,0.0,1,1,True,True,True,True
chunk_size_overlap,,512,128,105,bm25,wm09,membership,normal,紫藤航标,,chunk-ablation-wm09#chunk-002,True,1,chunk-ablation-wm09#chunk-001|chunk-ablation-wm09#chunk-002,chunk-ablation-wm09#chunk-002,qinglan-membership-v1#chunk-000,13,3.295758,0.0,-131.039247,13,13,False,False,False,True
chunk_size_overlap,,512,128,105,bm25,wm09,membership,trigger_only,紫藤航标,,chunk-ablation-wm09#chunk-002,True,1,chunk-ablation-wm09#chunk-001|chunk-ablation-wm09#chunk-002,chunk-ablation-wm09#chunk-002,qinglan-membership-v1#chunk-000,4,26.075448,0.176533,-108.259557,4,4,False,True,True,True
chunk_size_overlap,,512,128,105,bm25,wm09,membership,verification,紫藤航标,,chunk-ablation-wm09#chunk-002,True,1,chunk-ablation-wm09#chunk-001|chunk-ablation-wm09#chunk-002,chunk-ablation-wm09#chunk-002,qinglan-membership-v1#chunk-000,2,51.514617,2.164459,-5.212956,1,2,False,True,True,True
chunk_size_overlap,,512,128,105,bm25,wm10,membership,normal,霜鹿环线,,chunk-ablation-wm10#chunk-002,True,1,chunk-ablation-wm10#chunk-001|chunk-ablation-wm10#chunk-002,chunk-ablation-wm10#chunk-002,qinglan-membership-v1#chunk-000|qinglan-membership-v1#chunk-001,13,3.146912,0.000133,-145.540353,8,13,False,False,False,True
chunk_size_overlap,,512,128,105,bm25,wm10,membership,trigger_only,霜鹿环线,,chunk-ablation-wm10#chunk-002,True,1,chunk-ablation-wm10#chunk-001|chunk-ablation-wm10#chunk-002,chunk-ablation-wm10#chunk-002,qinglan-membership-v1#chunk-000|qinglan-membership-v1#chunk-001,6,27.174057,0.923531,-121.513208,5,6,False,False,True,True
chunk_size_overlap,,512,128,105,bm25,wm10,membership,verification,霜鹿环线,,chunk-ablation-wm10#chunk-002,True,1,chunk-ablation-wm10#chunk-001|chunk-ablation-wm10#chunk-002,chunk-ablation-wm10#chunk-002,qinglan-membership-v1#chunk-000|qinglan-membership-v1#chunk-001,1,63.067616,14.022608,0.0,1,1,True,True,True,True
chunk_size_overlap,,512,128,105,bm25,wm11,membership,normal,墨鹤矩阵,,chunk-ablation-wm11#chunk-002,True,1,chunk-ablation-wm11#chunk-002,chunk-ablation-wm11#chunk-002,qinglan-membership-v1#chunk-001,18,3.39191,0.0,-127.478658,18,18,False,False,False,True
chunk_size_overlap,,512,128,105,bm25,wm11,membership,trigger_only,墨鹤矩阵,,chunk-ablation-wm11#chunk-002,True,1,chunk-ablation-wm11#chunk-002,chunk-ablation-wm11#chunk-002,qinglan-membership-v1#chunk-001,4,31.32037,12.765188,-99.550198,4,4,False,True,True,True
chunk_size_overlap,,512,128,105,bm25,wm11,membership,verification,墨鹤矩阵,,chunk-ablation-wm11#chunk-002,True,1,chunk-ablation-wm11#chunk-002,chunk-ablation-wm11#chunk-002,qinglan-membership-v1#chunk-001,1,66.968931,19.59042,0.0,1,1,True,True,True,True
chunk_size_overlap,,512,128,105,bm25,wm12,membership,normal,金雀阈门,,chunk-ablation-wm12#chunk-002,True,1,chunk-ablation-wm12#chunk-002,chunk-ablation-wm12#chunk-002,qinglan-membership-v1#chunk-002,6,4.674376,0.903987,-157.370846,6,6,False,False,True,True
chunk_size_overlap,,512,128,105,bm25,wm12,membership,trigger_only,金雀阈门,,chunk-ablation-wm12#chunk-002,True,1,chunk-ablation-wm12#chunk-002,chunk-ablation-wm12#chunk-002,qinglan-membership-v1#chunk-002,6,31.249762,27.479373,-142.76102,6,6,False,False,True,True
chunk_size_overlap,,512,128,105,bm25,wm12,membership,verification,金雀阈门,,chunk-ablation-wm12#chunk-002,True,1,chunk-ablation-wm12#chunk-002,chunk-ablation-wm12#chunk-002,qinglan-membership-v1#chunk-002,1,65.527278,18.148767,0.0,1,1,True,True,True,True
chunk_size_overlap,,512,128,105,bm25,wm13,warranty,normal,青麟坐标,,chunk-ablation-wm13#chunk-002,True,1,chunk-ablation-wm13#chunk-002,chunk-ablation-wm13#chunk-002|chunk-ablation-wm13#chunk-003,qinglan-warranty-v1#chunk-000,6,3.940538,2.219312,-157.07554,6,6,False,False,True,True
chunk_size_overlap,,512,128,105,bm25,wm13,warranty,trigger_only,青麟坐标,,chunk-ablation-wm13#chunk-002,True,1,chunk-ablation-wm13#chunk-002,chunk-ablation-wm13#chunk-002|chunk-ablation-wm13#chunk-003,qinglan-warranty-v1#chunk-000,3,28.244962,3.850283,-138.784167,3,3,False,True,True,True
chunk_size_overlap,,512,128,105,bm25,wm13,warranty,verification,青麟坐标,,chunk-ablation-wm13#chunk-002,True,1,chunk-ablation-wm13#chunk-002,chunk-ablation-wm13#chunk-002|chunk-ablation-wm13#chunk-003,qinglan-warranty-v1#chunk-000,1,65.936123,16.585965,0.0,1,1,True,True,True,True
chunk_size_overlap,,512,128,105,bm25,wm14,warranty,normal,白鲟弦码,,chunk-ablation-wm14#chunk-002,True,1,chunk-ablation-wm14#chunk-002,chunk-ablation-wm14#chunk-002|chunk-ablation-wm14#chunk-003,qinglan-warranty-v1#chunk-000,27,1.225603,0.0,-129.039176,27,17,False,False,False,False
chunk_size_overlap,,512,128,105,bm25,wm14,warranty,trigger_only,白鲟弦码,,chunk-ablation-wm14#chunk-002,True,1,chunk-ablation-wm14#chunk-002,chunk-ablation-wm14#chunk-002|chunk-ablation-wm14#chunk-003,qinglan-warranty-v1#chunk-000,4,28.559504,8.106123,-101.705275,4,4,False,True,True,True
chunk_size_overlap,,512,128,105,bm25,wm14,warranty,verification,白鲟弦码,,chunk-ablation-wm14#chunk-002,True,1,chunk-ablation-wm14#chunk-002,chunk-ablation-wm14#chunk-002|chunk-ablation-wm14#chunk-003,qinglan-warranty-v1#chunk-000,1,66.249791,18.87128,0.0,1,1,True,True,True,True
chunk_size_overlap,,512,128,105,bm25,wm15,warranty,normal,橙枫轴距,,chunk-ablation-wm15#chunk-003,True,1,chunk-ablation-wm15#chunk-002|chunk-ablation-wm15#chunk-003,chunk-ablation-wm15#chunk-003,qinglan-warranty-v1#chunk-000|qinglan-warranty-v1#chunk-001,25,3.120957,0.0,-157.61135,25,25,False,False,False,False
chunk_size_overlap,,512,128,105,bm25,wm15,warranty,trigger_only,橙枫轴距,,chunk-ablation-wm15#chunk-003,True,1,chunk-ablation-wm15#chunk-002|chunk-ablation-wm15#chunk-003,chunk-ablation-wm15#chunk-003,qinglan-warranty-v1#chunk-000|qinglan-warranty-v1#chunk-001,5,27.595078,0.408636,-133.137229,5,5,False,True,True,True
chunk_size_overlap,,512,128,105,bm25,wm15,warranty,verification,橙枫轴距,,chunk-ablation-wm15#chunk-003,True,1,chunk-ablation-wm15#chunk-002|chunk-ablation-wm15#chunk-003,chunk-ablation-wm15#chunk-003,qinglan-warranty-v1#chunk-000|qinglan-warranty-v1#chunk-001,1,63.390011,11.670871,0.0,1,1,True,True,True,True
chunk_size_overlap,,512,128,105,bm25,wm16,warranty,normal,翠蚕光栅,,chunk-ablation-wm16#chunk-003,True,1,chunk-ablation-wm16#chunk-002|chunk-ablation-wm16#chunk-003,chunk-ablation-wm16#chunk-003,qinglan-warranty-v1#chunk-001,18,4.352381,0.001942,-196.568135,18,18,False,False,False,True
chunk_size_overlap,,512,128,105,bm25,wm16,warranty,trigger_only,翠蚕光栅,,chunk-ablation-wm16#chunk-003,True,1,chunk-ablation-wm16#chunk-002|chunk-ablation-wm16#chunk-003,chunk-ablation-wm16#chunk-003,qinglan-warranty-v1#chunk-001,3,28.870875,3.422463,-172.049641,3,3,False,True,True,True
chunk_size_overlap,,512,128,105,bm25,wm16,warranty,verification,翠蚕光栅,,chunk-ablation-wm16#chunk-003,True,1,chunk-ablation-wm16#chunk-002|chunk-ablation-wm16#chunk-003,chunk-ablation-wm16#chunk-003,qinglan-warranty-v1#chunk-001,1,63.48737,16.108859,0.0,1,1,True,True,True,True
chunk_size_overlap,,512,128,105,bm25,wm17,logistics,normal,星貂脉冲,,chunk-ablation-wm17#chunk-003,True,1,chunk-ablation-wm17#chunk-003,chunk-ablation-wm17#chunk-003,qinglan-logistics-v1#chunk-000,25,1.596897,0.000298,-162.79575,25,25,False,False,False,False
chunk_size_overlap,,512,128,105,bm25,wm17,logistics,trigger_only,星貂脉冲,,chunk-ablation-wm17#chunk-003,True,1,chunk-ablation-wm17#chunk-003,chunk-ablation-wm17#chunk-003,qinglan-logistics-v1#chunk-000,5,28.14022,2.080602,-136.252427,5,5,False,True,True,True
chunk_size_overlap,,512,128,105,bm25,wm17,logistics,verification,星貂脉冲,,chunk-ablation-wm17#chunk-003,True,1,chunk-ablation-wm17#chunk-003,chunk-ablation-wm17#chunk-003,qinglan-logistics-v1#chunk-000,1,65.459213,18.080702,0.0,1,1,True,True,True,True
chunk_size_overlap,,512,128,105,bm25,wm18,logistics,normal,岩鲸序列,,chunk-ablation-wm18#chunk-003,True,1,chunk-ablation-wm18#chunk-003,chunk-ablation-wm18#chunk-003|chunk-ablation-wm18#chunk-004,qinglan-logistics-v1#chunk-000|qinglan-logistics-v1#chunk-001,10,7.172349,0.002271,-186.886063,10,10,False,False,True,True
chunk_size_overlap,,512,128,105,bm25,wm18,logistics,trigger_only,岩鲸序列,,chunk-ablation-wm18#chunk-003,True,1,chunk-ablation-wm18#chunk-003,chunk-ablation-wm18#chunk-003|chunk-ablation-wm18#chunk-004,qinglan-logistics-v1#chunk-000|qinglan-logistics-v1#chunk-001,4,33.201978,6.610918,-160.856434,4,4,False,True,True,True
chunk_size_overlap,,512,128,105,bm25,wm18,logistics,verification,岩鲸序列,,chunk-ablation-wm18#chunk-003,True,1,chunk-ablation-wm18#chunk-003,chunk-ablation-wm18#chunk-003|chunk-ablation-wm18#chunk-004,qinglan-logistics-v1#chunk-000|qinglan-logistics-v1#chunk-001,1,65.087169,17.708658,0.0,1,1,True,True,True,True
chunk_size_overlap,,512,128,105,bm25,wm19,logistics,normal,云獭相位,,chunk-ablation-wm19#chunk-003,True,1,chunk-ablation-wm19#chunk-003,chunk-ablation-wm19#chunk-003|chunk-ablation-wm19#chunk-004,qinglan-logistics-v1#chunk-001,13,4.396375,0.000296,-178.074571,13,13,False,False,False,True
chunk_size_overlap,,512,128,105,bm25,wm19,logistics,trigger_only,云獭相位,,chunk-ablation-wm19#chunk-003,True,1,chunk-ablation-wm19#chunk-003,chunk-ablation-wm19#chunk-003|chunk-ablation-wm19#chunk-004,qinglan-logistics-v1#chunk-001,6,31.846185,24.869534,-150.624761,6,6,False,False,True,True
chunk_size_overlap,,512,128,105,bm25,wm19,logistics,verification,云獭相位,,chunk-ablation-wm19#chunk-003,True,1,chunk-ablation-wm19#chunk-003,chunk-ablation-wm19#chunk-003|chunk-ablation-wm19#chunk-004,qinglan-logistics-v1#chunk-001,1,66.490281,19.11177,0.0,1,1,True,True,True,True
chunk_size_overlap,,512,128,105,bm25,wm20,logistics,normal,雪鸦网格,,chunk-ablation-wm20#chunk-004,True,1,chunk-ablation-wm20#chunk-003|chunk-ablation-wm20#chunk-004,chunk-ablation-wm20#chunk-004,qinglan-logistics-v1#chunk-001,105,0.0,,-174.948956,104,105,False,False,False,False
chunk_size_overlap,,512,128,105,bm25,wm20,logistics,trigger_only,雪鸦网格,,chunk-ablation-wm20#chunk-004,True,1,chunk-ablation-wm20#chunk-003|chunk-ablation-wm20#chunk-004,chunk-ablation-wm20#chunk-004,qinglan-logistics-v1#chunk-001,6,31.084279,7.28113,-143.864677,6,6,False,False,True,True
chunk_size_overlap,,512,128,105,bm25,wm20,logistics,verification,雪鸦网格,,chunk-ablation-wm20#chunk-004,True,1,chunk-ablation-wm20#chunk-003|chunk-ablation-wm20#chunk-004,chunk-ablation-wm20#chunk-004,qinglan-logistics-v1#chunk-001,1,78.46279,26.018983,0.0,1,1,True,True,True,True
chunk_size_overlap,,512,128,105,dense,wm01,refund,normal,绯鹭折尺,,chunk-ablation-wm01#chunk-000,True,1,chunk-ablation-wm01#chunk-000,chunk-ablation-wm01#chunk-000,qinglan-refund-v1#chunk-000,13,0.243141,6.1e-05,-0.621871,13,13,False,False,False,True
chunk_size_overlap,,512,128,105,dense,wm01,refund,trigger_only,绯鹭折尺,,chunk-ablation-wm01#chunk-000,True,1,chunk-ablation-wm01#chunk-000,chunk-ablation-wm01#chunk-000,qinglan-refund-v1#chunk-000,6,0.36235,0.045836,-0.40081,6,6,False,False,True,True
chunk_size_overlap,,512,128,105,dense,wm01,refund,verification,绯鹭折尺,,chunk-ablation-wm01#chunk-000,True,1,chunk-ablation-wm01#chunk-000,chunk-ablation-wm01#chunk-000,qinglan-refund-v1#chunk-000,2,0.597986,0.011367,-0.005426,2,2,False,True,True,True
chunk_size_overlap,,512,128,105,dense,wm02,refund,normal,玄鲸余弦,,chunk-ablation-wm02#chunk-000,True,1,chunk-ablation-wm02#chunk-000,chunk-ablation-wm02#chunk-000|chunk-ablation-wm02#chunk-001,qinglan-refund-v1#chunk-000,15,0.309392,0.004714,-0.468872,15,7,False,False,False,True
chunk_size_overlap,,512,128,105,dense,wm02,refund,trigger_only,玄鲸余弦,,chunk-ablation-wm02#chunk-000,True,1,chunk-ablation-wm02#chunk-000,chunk-ablation-wm02#chunk-000|chunk-ablation-wm02#chunk-001,qinglan-refund-v1#chunk-000,6,0.429521,0.030311,-0.264521,6,6,False,False,True,True
chunk_size_overlap,,512,128,105,dense,wm02,refund,verification,玄鲸余弦,,chunk-ablation-wm02#chunk-000,True,1,chunk-ablation-wm02#chunk-000,chunk-ablation-wm02#chunk-000|chunk-ablation-wm02#chunk-001,qinglan-refund-v1#chunk-000,2,0.608701,0.004788,-0.007496,2,2,False,True,True,True
chunk_size_overlap,,512,128,105,dense,wm03,refund,normal,银杉回声,,chunk-ablation-wm03#chunk-000,True,1,chunk-ablation-wm03#chunk-000,chunk-ablation-wm03#chunk-000|chunk-ablation-wm03#chunk-001,qinglan-refund-v1#chunk-001,15,0.258135,0.002741,-0.584132,15,9,False,False,False,True
chunk_size_overlap,,512,128,105,dense,wm03,refund,trigger_only,银杉回声,,chunk-ablation-wm03#chunk-000,True,1,chunk-ablation-wm03#chunk-000,chunk-ablation-wm03#chunk-000|chunk-ablation-wm03#chunk-001,qinglan-refund-v1#chunk-001,5,0.391834,0.020786,-0.353218,5,5,False,True,True,True
chunk_size_overlap,,512,128,105,dense,wm03,refund,verification,银杉回声,,chunk-ablation-wm03#chunk-000,True,1,chunk-ablation-wm03#chunk-000,chunk-ablation-wm03#chunk-000|chunk-ablation-wm03#chunk-001,qinglan-refund-v1#chunk-001,1,0.622352,0.000672,0.0,1,1,True,True,True,True
chunk_size_overlap,,512,128,105,dense,wm04,refund,normal,琥珀星栈,,chunk-ablation-wm04#chunk-001,True,1,chunk-ablation-wm04#chunk-000|chunk-ablation-wm04#chunk-001,chunk-ablation-wm04#chunk-001,qinglan-refund-v1#chunk-001,28,0.262759,0.000722,-0.512215,28,28,False,False,False,False
chunk_size_overlap,,512,128,105,dense,wm04,refund,trigger_only,琥珀星栈,,chunk-ablation-wm04#chunk-001,True,1,chunk-ablation-wm04#chunk-000|chunk-ablation-wm04#chunk-001,chunk-ablation-wm04#chunk-001,qinglan-refund-v1#chunk-001,3,0.481984,0.030678,-0.101034,3,3,False,True,True,True
chunk_size_overlap,,512,128,105,dense,wm04,refund,verification,琥珀星栈,,chunk-ablation-wm04#chunk-001,True,1,chunk-ablation-wm04#chunk-000|chunk-ablation-wm04#chunk-001,chunk-ablation-wm04#chunk-001,qinglan-refund-v1#chunk-001,1,0.702423,0.0912,0.0,1,1,True,True,True,True
chunk_size_overlap,,512,128,105,dense,wm05,invoice,normal,雾鸢刻度,,chunk-ablation-wm05#chunk-001,True,1,chunk-ablation-wm05#chunk-000|chunk-ablation-wm05#chunk-001,chunk-ablation-wm05#chunk-001,qinglan-invoice-v1#chunk-000,21,0.29013,0.004226,-0.509234,21,21,False,False,False,False
chunk_size_overlap,,512,128,105,dense,wm05,invoice,trigger_only,雾鸢刻度,,chunk-ablation-wm05#chunk-001,True,1,chunk-ablation-wm05#chunk-000|chunk-ablation-wm05#chunk-001,chunk-ablation-wm05#chunk-001,qinglan-invoice-v1#chunk-000,4,0.466731,0.006307,-0.273676,4,4,False,True,True,True
chunk_size_overlap,,512,128,105,dense,wm05,invoice,verification,雾鸢刻度,,chunk-ablation-wm05#chunk-001,True,1,chunk-ablation-wm05#chunk-000|chunk-ablation-wm05#chunk-001,chunk-ablation-wm05#chunk-001,qinglan-invoice-v1#chunk-000,1,0.641247,0.0184,0.0,1,1,True,True,True,True
chunk_size_overlap,,512,128,105,dense,wm06,invoice,normal,苍狐棱镜,,chunk-ablation-wm06#chunk-001,True,1,chunk-ablation-wm06#chunk-001,chunk-ablation-wm06#chunk-001,qinglan-invoice-v1#chunk-000,22,0.327523,0.002554,-0.429436,22,22,False,False,False,False
chunk_size_overlap,,512,128,105,dense,wm06,invoice,trigger_only,苍狐棱镜,,chunk-ablation-wm06#chunk-001,True,1,chunk-ablation-wm06#chunk-001,chunk-ablation-wm06#chunk-001,qinglan-invoice-v1#chunk-000,2,0.526943,7.3e-05,-0.145122,2,2,False,True,True,True
chunk_size_overlap,,512,128,105,dense,wm06,invoice,verification,苍狐棱镜,,chunk-ablation-wm06#chunk-001,True,1,chunk-ablation-wm06#chunk-001,chunk-ablation-wm06#chunk-001,qinglan-invoice-v1#chunk-000,1,0.689018,0.096732,0.0,1,1,True,True,True,True
chunk_size_overlap,,512,128,105,dense,wm07,invoice,normal,赤槐潮汐,,chunk-ablation-wm07#chunk-001,True,1,chunk-ablation-wm07#chunk-001,chunk-ablation-wm07#chunk-001,qinglan-invoice-v1#chunk-000|qinglan-invoice-v1#chunk-001,25,0.298107,0.003034,-0.529969,25,25,False,False,False,False
chunk_size_overlap,,512,128,105,dense,wm07,invoice,trigger_only,赤槐潮汐,,chunk-ablation-wm07#chunk-001,True,1,chunk-ablation-wm07#chunk-001,chunk-ablation-wm07#chunk-001,qinglan-invoice-v1#chunk-000|qinglan-invoice-v1#chunk-001,5,0.411258,0.024373,-0.340163,5,5,False,True,True,True
chunk_size_overlap,,512,128,105,dense,wm07,invoice,verification,赤槐潮汐,,chunk-ablation-wm07#chunk-001,True,1,chunk-ablation-wm07#chunk-001,chunk-ablation-wm07#chunk-001,qinglan-invoice-v1#chunk-000|qinglan-invoice-v1#chunk-001,1,0.596326,0.002301,0.0,1,1,True,True,True,True
chunk_size_overlap,,512,128,105,dense,wm08,invoice,normal,蓝隼罗盘,,chunk-ablation-wm08#chunk-001,True,1,chunk-ablation-wm08#chunk-001,chunk-ablation-wm08#chunk-001|chunk-ablation-wm08#chunk-002,qinglan-invoice-v1#chunk-001,23,0.325816,0.002798,-0.294516,23,22,False,False,False,False
chunk_size_overlap,,512,128,105,dense,wm08,invoice,trigger_only,蓝隼罗盘,,chunk-ablation-wm08#chunk-001,True,1,chunk-ablation-wm08#chunk-001,chunk-ablation-wm08#chunk-001|chunk-ablation-wm08#chunk-002,qinglan-invoice-v1#chunk-001,3,0.457257,0.003261,-0.092254,3,3,False,True,True,True
chunk_size_overlap,,512,128,105,dense,wm08,invoice,verification,蓝隼罗盘,,chunk-ablation-wm08#chunk-001,True,1,chunk-ablation-wm08#chunk-001,chunk-ablation-wm08#chunk-001|chunk-ablation-wm08#chunk-002,qinglan-invoice-v1#chunk-001,2,0.608024,0.012529,-0.010652,2,2,False,True,True,True
chunk_size_overlap,,512,128,105,dense,wm09,membership,normal,紫藤航标,,chunk-ablation-wm09#chunk-002,True,1,chunk-ablation-wm09#chunk-001|chunk-ablation-wm09#chunk-002,chunk-ablation-wm09#chunk-002,qinglan-membership-v1#chunk-000,11,0.298315,0.003375,-0.485232,11,11,False,False,False,True
chunk_size_overlap,,512,128,105,dense,wm09,membership,trigger_only,紫藤航标,,chunk-ablation-wm09#chunk-002,True,1,chunk-ablation-wm09#chunk-001|chunk-ablation-wm09#chunk-002,chunk-ablation-wm09#chunk-002,qinglan-membership-v1#chunk-000,2,0.564528,0.09507,-0.110588,2,2,False,True,True,True
chunk_size_overlap,,512,128,105,dense,wm09,membership,verification,紫藤航标,,chunk-ablation-wm09#chunk-002,True,1,chunk-ablation-wm09#chunk-001|chunk-ablation-wm09#chunk-002,chunk-ablation-wm09#chunk-002,qinglan-membership-v1#chunk-000,1,0.78953,0.1918,0.0,1,1,True,True,True,True
chunk_size_overlap,,512,128,105,dense,wm10,membership,normal,霜鹿环线,,chunk-ablation-wm10#chunk-002,True,1,chunk-ablation-wm10#chunk-001|chunk-ablation-wm10#chunk-002,chunk-ablation-wm10#chunk-002,qinglan-membership-v1#chunk-000|qinglan-membership-v1#chunk-001,31,0.256161,0.007466,-0.467037,31,31,False,False,False,False
chunk_size_overlap,,512,128,105,dense,wm10,membership,trigger_only,霜鹿环线,,chunk-ablation-wm10#chunk-002,True,1,chunk-ablation-wm10#chunk-001|chunk-ablation-wm10#chunk-002,chunk-ablation-wm10#chunk-002,qinglan-membership-v1#chunk-000|qinglan-membership-v1#chunk-001,5,0.361359,0.005389,-0.277057,5,5,False,True,True,True
chunk_size_overlap,,512,128,105,dense,wm10,membership,verification,霜鹿环线,,chunk-ablation-wm10#chunk-002,True,1,chunk-ablation-wm10#chunk-001|chunk-ablation-wm10#chunk-002,chunk-ablation-wm10#chunk-002,qinglan-membership-v1#chunk-000|qinglan-membership-v1#chunk-001,5,0.583077,0.000612,-0.02788,5,5,False,True,True,True
chunk_size_overlap,,512,128,105,dense,wm11,membership,normal,墨鹤矩阵,,chunk-ablation-wm11#chunk-002,True,1,chunk-ablation-wm11#chunk-002,chunk-ablation-wm11#chunk-002,qinglan-membership-v1#chunk-001,27,0.246523,0.001181,-0.558741,27,27,False,False,False,False
chunk_size_overlap,,512,128,105,dense,wm11,membership,trigger_only,墨鹤矩阵,,chunk-ablation-wm11#chunk-002,True,1,chunk-ablation-wm11#chunk-002,chunk-ablation-wm11#chunk-002,qinglan-membership-v1#chunk-001,2,0.388587,0.000921,-0.340062,2,2,False,True,True,True
chunk_size_overlap,,512,128,105,dense,wm11,membership,verification,墨鹤矩阵,,chunk-ablation-wm11#chunk-002,True,1,chunk-ablation-wm11#chunk-002,chunk-ablation-wm11#chunk-002,qinglan-membership-v1#chunk-001,2,0.613647,0.010739,-0.003697,2,2,False,True,True,True
chunk_size_overlap,,512,128,105,dense,wm12,membership,normal,金雀阈门,,chunk-ablation-wm12#chunk-002,True,1,chunk-ablation-wm12#chunk-002,chunk-ablation-wm12#chunk-002,qinglan-membership-v1#chunk-002,9,0.301207,0.007627,-0.476971,9,9,False,False,True,True
chunk_size_overlap,,512,128,105,dense,wm12,membership,trigger_only,金雀阈门,,chunk-ablation-wm12#chunk-002,True,1,chunk-ablation-wm12#chunk-002,chunk-ablation-wm12#chunk-002,qinglan-membership-v1#chunk-002,2,0.406219,0.005525,-0.32809,2,2,False,True,True,True
chunk_size_overlap,,512,128,105,dense,wm12,membership,verification,金雀阈门,,chunk-ablation-wm12#chunk-002,True,1,chunk-ablation-wm12#chunk-002,chunk-ablation-wm12#chunk-002,qinglan-membership-v1#chunk-002,1,0.618901,0.000898,0.0,1,1,True,True,True,True
chunk_size_overlap,,512,128,105,dense,wm13,warranty,normal,青麟坐标,,chunk-ablation-wm13#chunk-002,True,1,chunk-ablation-wm13#chunk-002,chunk-ablation-wm13#chunk-002|chunk-ablation-wm13#chunk-003,qinglan-warranty-v1#chunk-000,10,0.312501,0.005305,-0.557845,10,10,False,False,True,True
chunk_size_overlap,,512,128,105,dense,wm13,warranty,trigger_only,青麟坐标,,chunk-ablation-wm13#chunk-002,True,1,chunk-ablation-wm13#chunk-002,chunk-ablation-wm13#chunk-002|chunk-ablation-wm13#chunk-003,qinglan-warranty-v1#chunk-000,4,0.382129,0.012684,-0.445545,4,4,False,True,True,True
chunk_size_overlap,,512,128,105,dense,wm13,warranty,verification,青麟坐标,,chunk-ablation-wm13#chunk-002,True,1,chunk-ablation-wm13#chunk-002,chunk-ablation-wm13#chunk-002|chunk-ablation-wm13#chunk-003,qinglan-warranty-v1#chunk-000,4,0.608293,0.009598,-0.020777,4,4,False,True,True,True
chunk_size_overlap,,512,128,105,dense,wm14,warranty,normal,白鲟弦码,,chunk-ablation-wm14#chunk-002,True,1,chunk-ablation-wm14#chunk-002,chunk-ablation-wm14#chunk-002|chunk-ablation-wm14#chunk-003,qinglan-warranty-v1#chunk-000,32,0.292559,0.001527,-0.542153,32,7,False,False,False,False
chunk_size_overlap,,512,128,105,dense,wm14,warranty,trigger_only,白鲟弦码,,chunk-ablation-wm14#chunk-002,True,1,chunk-ablation-wm14#chunk-002,chunk-ablation-wm14#chunk-002|chunk-ablation-wm14#chunk-003,qinglan-warranty-v1#chunk-000,3,0.481339,0.012707,-0.245786,3,3,False,True,True,True
chunk_size_overlap,,512,128,105,dense,wm14,warranty,verification,白鲟弦码,,chunk-ablation-wm14#chunk-002,True,1,chunk-ablation-wm14#chunk-002,chunk-ablation-wm14#chunk-002|chunk-ablation-wm14#chunk-003,qinglan-warranty-v1#chunk-000,1,0.657803,0.009289,0.0,1,1,True,True,True,True
chunk_size_overlap,,512,128,105,dense,wm15,warranty,normal,橙枫轴距,,chunk-ablation-wm15#chunk-003,True,1,chunk-ablation-wm15#chunk-002|chunk-ablation-wm15#chunk-003,chunk-ablation-wm15#chunk-003,qinglan-warranty-v1#chunk-000|qinglan-warranty-v1#chunk-001,26,0.289326,0.000737,-0.575101,26,26,False,False,False,False
chunk_size_overlap,,512,128,105,dense,wm15,warranty,trigger_only,橙枫轴距,,chunk-ablation-wm15#chunk-003,True,1,chunk-ablation-wm15#chunk-002|chunk-ablation-wm15#chunk-003,chunk-ablation-wm15#chunk-003,qinglan-warranty-v1#chunk-000|qinglan-warranty-v1#chunk-001,3,0.426103,0.000921,-0.303393,3,3,False,True,True,True
chunk_size_overlap,,512,128,105,dense,wm15,warranty,verification,橙枫轴距,,chunk-ablation-wm15#chunk-003,True,1,chunk-ablation-wm15#chunk-002|chunk-ablation-wm15#chunk-003,chunk-ablation-wm15#chunk-003,qinglan-warranty-v1#chunk-000|qinglan-warranty-v1#chunk-001,2,0.608374,0.001034,-0.001391,2,2,False,True,True,True
chunk_size_overlap,,512,128,105,dense,wm16,warranty,normal,翠蚕光栅,,chunk-ablation-wm16#chunk-003,True,1,chunk-ablation-wm16#chunk-002|chunk-ablation-wm16#chunk-003,chunk-ablation-wm16#chunk-003,qinglan-warranty-v1#chunk-001,39,0.266957,0.000266,-0.558727,39,39,False,False,False,False
chunk_size_overlap,,512,128,105,dense,wm16,warranty,trigger_only,翠蚕光栅,,chunk-ablation-wm16#chunk-003,True,1,chunk-ablation-wm16#chunk-002|chunk-ablation-wm16#chunk-003,chunk-ablation-wm16#chunk-003,qinglan-warranty-v1#chunk-001,4,0.417811,0.025404,-0.281935,2,4,False,True,True,True
chunk_size_overlap,,512,128,105,dense,wm16,warranty,verification,翠蚕光栅,,chunk-ablation-wm16#chunk-003,True,1,chunk-ablation-wm16#chunk-002|chunk-ablation-wm16#chunk-003,chunk-ablation-wm16#chunk-003,qinglan-warranty-v1#chunk-001,1,0.630238,0.002266,0.0,1,1,True,True,True,True
chunk_size_overlap,,512,128,105,dense,wm17,logistics,normal,星貂脉冲,,chunk-ablation-wm17#chunk-003,True,1,chunk-ablation-wm17#chunk-003,chunk-ablation-wm17#chunk-003,qinglan-logistics-v1#chunk-000,41,0.306488,0.000846,-0.461798,41,41,False,False,False,False
chunk_size_overlap,,512,128,105,dense,wm17,logistics,trigger_only,星貂脉冲,,chunk-ablation-wm17#chunk-003,True,1,chunk-ablation-wm17#chunk-003,chunk-ablation-wm17#chunk-003,qinglan-logistics-v1#chunk-000,3,0.432148,0.002831,-0.267754,3,3,False,True,True,True
chunk_size_overlap,,512,128,105,dense,wm17,logistics,verification,星貂脉冲,,chunk-ablation-wm17#chunk-003,True,1,chunk-ablation-wm17#chunk-003,chunk-ablation-wm17#chunk-003,qinglan-logistics-v1#chunk-000,2,0.604807,0.016505,-0.003718,2,2,False,True,True,True
chunk_size_overlap,,512,128,105,dense,wm18,logistics,normal,岩鲸序列,,chunk-ablation-wm18#chunk-003,True,1,chunk-ablation-wm18#chunk-003,chunk-ablation-wm18#chunk-003|chunk-ablation-wm18#chunk-004,qinglan-logistics-v1#chunk-000|qinglan-logistics-v1#chunk-001,12,0.37595,0.000923,-0.418921,12,5,False,False,False,True
chunk_size_overlap,,512,128,105,dense,wm18,logistics,trigger_only,岩鲸序列,,chunk-ablation-wm18#chunk-003,True,1,chunk-ablation-wm18#chunk-003,chunk-ablation-wm18#chunk-003|chunk-ablation-wm18#chunk-004,qinglan-logistics-v1#chunk-000|qinglan-logistics-v1#chunk-001,2,0.458448,0.024976,-0.263267,2,2,False,True,True,True
chunk_size_overlap,,512,128,105,dense,wm18,logistics,verification,岩鲸序列,,chunk-ablation-wm18#chunk-003,True,1,chunk-ablation-wm18#chunk-003,chunk-ablation-wm18#chunk-003|chunk-ablation-wm18#chunk-004,qinglan-logistics-v1#chunk-000|qinglan-logistics-v1#chunk-001,2,0.604636,0.010508,-0.006715,2,1,False,True,True,True
chunk_size_overlap,,512,128,105,dense,wm19,logistics,normal,云獭相位,,chunk-ablation-wm19#chunk-003,True,1,chunk-ablation-wm19#chunk-003,chunk-ablation-wm19#chunk-003|chunk-ablation-wm19#chunk-004,qinglan-logistics-v1#chunk-001,15,0.33983,0.000366,-0.457473,15,15,False,False,False,True
chunk_size_overlap,,512,128,105,dense,wm19,logistics,trigger_only,云獭相位,,chunk-ablation-wm19#chunk-003,True,1,chunk-ablation-wm19#chunk-003,chunk-ablation-wm19#chunk-003|chunk-ablation-wm19#chunk-004,qinglan-logistics-v1#chunk-001,4,0.397285,0.018933,-0.303656,4,4,False,True,True,True
chunk_size_overlap,,512,128,105,dense,wm19,logistics,verification,云獭相位,,chunk-ablation-wm19#chunk-003,True,1,chunk-ablation-wm19#chunk-003,chunk-ablation-wm19#chunk-003|chunk-ablation-wm19#chunk-004,qinglan-logistics-v1#chunk-001,5,0.57056,0.005416,-0.045072,5,4,False,True,True,True
chunk_size_overlap,,512,128,105,dense,wm20,logistics,normal,雪鸦网格,,chunk-ablation-wm20#chunk-004,True,1,chunk-ablation-wm20#chunk-003|chunk-ablation-wm20#chunk-004,chunk-ablation-wm20#chunk-004,qinglan-logistics-v1#chunk-001,18,0.303321,0.000513,-0.499967,16,18,False,False,False,True
chunk_size_overlap,,512,128,105,dense,wm20,logistics,trigger_only,雪鸦网格,,chunk-ablation-wm20#chunk-004,True,1,chunk-ablation-wm20#chunk-003|chunk-ablation-wm20#chunk-004,chunk-ablation-wm20#chunk-004,qinglan-logistics-v1#chunk-001,4,0.469936,0.036739,-0.269013,2,4,False,True,True,True
chunk_size_overlap,,512,128,105,dense,wm20,logistics,verification,雪鸦网格,,chunk-ablation-wm20#chunk-004,True,1,chunk-ablation-wm20#chunk-003|chunk-ablation-wm20#chunk-004,chunk-ablation-wm20#chunk-004,qinglan-logistics-v1#chunk-001,1,0.676859,0.011888,0.0,1,1,True,True,True,True
chunk_size_overlap,,512,128,105,rrf_hybrid,wm01,refund,normal,绯鹭折尺,,chunk-ablation-wm01#chunk-000,True,1,chunk-ablation-wm01#chunk-000,chunk-ablation-wm01#chunk-000,qinglan-refund-v1#chunk-000,9,0.027984344,0.000741942,-0.004802541,9,9,False,False,True,True
chunk_size_overlap,,512,128,105,rrf_hybrid,wm01,refund,trigger_only,绯鹭折尺,,chunk-ablation-wm01#chunk-000,True,1,chunk-ablation-wm01#chunk-000,chunk-ablation-wm01#chunk-000,qinglan-refund-v1#chunk-000,6,0.030536131,0.000904876,-0.002250754,6,6,False,False,True,True
chunk_size_overlap,,512,128,105,rrf_hybrid,wm01,refund,verification,绯鹭折尺,,chunk-ablation-wm01#chunk-000,True,1,chunk-ablation-wm01#chunk-000,chunk-ablation-wm01#chunk-000,qinglan-refund-v1#chunk-000,1,0.032522475,0.00276057,0.0,1,1,True,True,True,True
chunk_size_overlap,,512,128,105,rrf_hybrid,wm02,refund,normal,玄鲸余弦,,chunk-ablation-wm02#chunk-000,True,1,chunk-ablation-wm02#chunk-000,chunk-ablation-wm02#chunk-000|chunk-ablation-wm02#chunk-001,qinglan-refund-v1#chunk-000,13,0.027222222,0.000637715,-0.005564663,13,13,False,False,False,True
chunk_size_overlap,,512,128,105,rrf_hybrid,wm02,refund,trigger_only,玄鲸余弦,,chunk-ablation-wm02#chunk-000,True,1,chunk-ablation-wm02#chunk-000,chunk-ablation-wm02#chunk-000|chunk-ablation-wm02#chunk-001,qinglan-refund-v1#chunk-000,6,0.03030303,0.001488768,-0.002483855,6,6,False,False,True,True
chunk_size_overlap,,512,128,105,rrf_hybrid,wm02,refund,verification,玄鲸余弦,,chunk-ablation-wm02#chunk-000,True,1,chunk-ablation-wm02#chunk-000,chunk-ablation-wm02#chunk-000|chunk-ablation-wm02#chunk-001,qinglan-refund-v1#chunk-000,1,0.032522475,0.001497944,0.0,1,1,True,True,True,True
chunk_size_overlap,,512,128,105,rrf_hybrid,wm03,refund,normal,银杉回声,,chunk-ablation-wm03#chunk-000,True,1,chunk-ablation-wm03#chunk-000,chunk-ablation-wm03#chunk-000|chunk-ablation-wm03#chunk-001,qinglan-refund-v1#chunk-001,14,0.026491228,0.000319487,-0.006295657,14,14,False,False,False,True
chunk_size_overlap,,512,128,105,rrf_hybrid,wm03,refund,trigger_only,银杉回声,,chunk-ablation-wm03#chunk-000,True,1,chunk-ablation-wm03#chunk-000,chunk-ablation-wm03#chunk-000|chunk-ablation-wm03#chunk-001,qinglan-refund-v1#chunk-001,6,0.030769231,0.001777634,-0.002017654,6,6,False,False,True,True
chunk_size_overlap,,512,128,105,rrf_hybrid,wm03,refund,verification,银杉回声,,chunk-ablation-wm03#chunk-000,True,1,chunk-ablation-wm03#chunk-000,chunk-ablation-wm03#chunk-000|chunk-ablation-wm03#chunk-001,qinglan-refund-v1#chunk-001,1,0.032786885,0.002768964,0.0,1,1,True,True,True,True
chunk_size_overlap,,512,128,105,rrf_hybrid,wm04,refund,normal,琥珀星栈,,chunk-ablation-wm04#chunk-001,True,1,chunk-ablation-wm04#chunk-000|chunk-ablation-wm04#chunk-001,chunk-ablation-wm04#chunk-001,qinglan-refund-v1#chunk-001,29,0.022991543,0.000129234,-0.009795342,29,29,False,False,False,False
chunk_size_overlap,,512,128,105,rrf_hybrid,wm04,refund,trigger_only,琥珀星栈,,chunk-ablation-wm04#chunk-001,True,1,chunk-ablation-wm04#chunk-000|chunk-ablation-wm04#chunk-001,chunk-ablation-wm04#chunk-001,qinglan-refund-v1#chunk-001,5,0.031024531,0.000445633,-0.001762354,5,5,False,True,True,True
chunk_size_overlap,,512,128,105,rrf_hybrid,wm04,refund,verification,琥珀星栈,,chunk-ablation-wm04#chunk-001,True,1,chunk-ablation-wm04#chunk-000|chunk-ablation-wm04#chunk-001,chunk-ablation-wm04#chunk-001,qinglan-refund-v1#chunk-001,1,0.032786885,0.00195197,0.0,1,1,True,True,True,True
chunk_size_overlap,,512,128,105,rrf_hybrid,wm05,invoice,normal,雾鸢刻度,,chunk-ablation-wm05#chunk-001,True,1,chunk-ablation-wm05#chunk-000|chunk-ablation-wm05#chunk-001,chunk-ablation-wm05#chunk-001,qinglan-invoice-v1#chunk-000,17,0.024691358,0.000106139,-0.008095527,17,17,False,False,False,True
chunk_size_overlap,,512,128,105,rrf_hybrid,wm05,invoice,trigger_only,雾鸢刻度,,chunk-ablation-wm05#chunk-001,True,1,chunk-ablation-wm05#chunk-000|chunk-ablation-wm05#chunk-001,chunk-ablation-wm05#chunk-001,qinglan-invoice-v1#chunk-000,4,0.030776515,0.0,-0.00201037,4,4,False,True,True,True
chunk_size_overlap,,512,128,105,rrf_hybrid,wm05,invoice,verification,雾鸢刻度,,chunk-ablation-wm05#chunk-001,True,1,chunk-ablation-wm05#chunk-000|chunk-ablation-wm05#chunk-001,chunk-ablation-wm05#chunk-001,qinglan-invoice-v1#chunk-000,1,0.032786885,0.001529254,0.0,1,1,True,True,True,True
chunk_size_overlap,,512,128,105,rrf_hybrid,wm06,invoice,normal,苍狐棱镜,,chunk-ablation-wm06#chunk-001,True,1,chunk-ablation-wm06#chunk-001,chunk-ablation-wm06#chunk-001,qinglan-invoice-v1#chunk-000,20,0.024390244,3.9595e-05,-0.008396641,20,20,False,False,False,True
chunk_size_overlap,,512,128,105,rrf_hybrid,wm06,invoice,trigger_only,苍狐棱镜,,chunk-ablation-wm06#chunk-001,True,1,chunk-ablation-wm06#chunk-001,chunk-ablation-wm06#chunk-001,qinglan-invoice-v1#chunk-000,3,0.031513648,0.000263648,-0.001273237,3,3,False,True,True,True
chunk_size_overlap,,512,128,105,rrf_hybrid,wm06,invoice,verification,苍狐棱镜,,chunk-ablation-wm06#chunk-001,True,1,chunk-ablation-wm06#chunk-001,chunk-ablation-wm06#chunk-001,qinglan-invoice-v1#chunk-000,1,0.032786885,0.00195197,0.0,1,1,True,True,True,True
chunk_size_overlap,,512,128,105,rrf_hybrid,wm07,invoice,normal,赤槐潮汐,,chunk-ablation-wm07#chunk-001,True,1,chunk-ablation-wm07#chunk-001,chunk-ablation-wm07#chunk-001,qinglan-invoice-v1#chunk-000|qinglan-invoice-v1#chunk-001,21,0.024751719,4.9338e-05,-0.008035166,21,21,False,False,False,False
chunk_size_overlap,,512,128,105,rrf_hybrid,wm07,invoice,trigger_only,赤槐潮汐,,chunk-ablation-wm07#chunk-001,True,1,chunk-ablation-wm07#chunk-001,chunk-ablation-wm07#chunk-001,qinglan-invoice-v1#chunk-000|qinglan-invoice-v1#chunk-001,5,0.030769231,0.00219197,-0.002017654,5,5,False,True,True,True
chunk_size_overlap,,512,128,105,rrf_hybrid,wm07,invoice,verification,赤槐潮汐,,chunk-ablation-wm07#chunk-001,True,1,chunk-ablation-wm07#chunk-001,chunk-ablation-wm07#chunk-001,qinglan-invoice-v1#chunk-000|qinglan-invoice-v1#chunk-001,1,0.032786885,0.002421116,0.0,1,1,True,True,True,True
chunk_size_overlap,,512,128,105,rrf_hybrid,wm08,invoice,normal,蓝隼罗盘,,chunk-ablation-wm08#chunk-001,True,1,chunk-ablation-wm08#chunk-001,chunk-ablation-wm08#chunk-001|chunk-ablation-wm08#chunk-002,qinglan-invoice-v1#chunk-001,24,0.024548193,0.000132988,-0.008238692,24,24,False,False,False,False
chunk_size_overlap,,512,128,105,rrf_hybrid,wm08,invoice,trigger_only,蓝隼罗盘,,chunk-ablation-wm08#chunk-001,True,1,chunk-ablation-wm08#chunk-001,chunk-ablation-wm08#chunk-001|chunk-ablation-wm08#chunk-002,qinglan-invoice-v1#chunk-001,4,0.031257631,0.001167133,-0.001529254,4,4,False,True,True,True
chunk_size_overlap,,512,128,105,rrf_hybrid,wm08,invoice,verification,蓝隼罗盘,,chunk-ablation-wm08#chunk-001,True,1,chunk-ablation-wm08#chunk-001,chunk-ablation-wm08#chunk-001|chunk-ablation-wm08#chunk-002,qinglan-invoice-v1#chunk-001,1,0.032522475,0.001900689,0.0,1,1,True,True,True,True
chunk_size_overlap,,512,128,105,rrf_hybrid,wm09,membership,normal,紫藤航标,,chunk-ablation-wm09#chunk-002,True,1,chunk-ablation-wm09#chunk-001|chunk-ablation-wm09#chunk-002,chunk-ablation-wm09#chunk-002,qinglan-membership-v1#chunk-000,10,0.027783137,0.000790383,-0.005003748,10,10,False,False,True,True
chunk_size_overlap,,512,128,105,rrf_hybrid,wm09,membership,trigger_only,紫藤航标,,chunk-ablation-wm09#chunk-002,True,1,chunk-ablation-wm09#chunk-001|chunk-ablation-wm09#chunk-002,chunk-ablation-wm09#chunk-002,qinglan-membership-v1#chunk-000,2,0.031754032,0.0,-0.001032853,2,2,False,True,True,True
chunk_size_overlap,,512,128,105,rrf_hybrid,wm09,membership,verification,紫藤航标,,chunk-ablation-wm09#chunk-002,True,1,chunk-ablation-wm09#chunk-001|chunk-ablation-wm09#chunk-002,chunk-ablation-wm09#chunk-002,qinglan-membership-v1#chunk-000,1,0.032522475,0.00142315,0.0,1,1,True,True,True,True
chunk_size_overlap,,512,128,105,rrf_hybrid,wm10,membership,normal,霜鹿环线,,chunk-ablation-wm10#chunk-002,True,1,chunk-ablation-wm10#chunk-001|chunk-ablation-wm10#chunk-002,chunk-ablation-wm10#chunk-002,qinglan-membership-v1#chunk-000|qinglan-membership-v1#chunk-001,17,0.024687641,6.3016e-05,-0.008099244,14,17,False,False,False,True
chunk_size_overlap,,512,128,105,rrf_hybrid,wm10,membership,trigger_only,霜鹿环线,,chunk-ablation-wm10#chunk-002,True,1,chunk-ablation-wm10#chunk-001|chunk-ablation-wm10#chunk-002,chunk-ablation-wm10#chunk-002,qinglan-membership-v1#chunk-000|qinglan-membership-v1#chunk-001,6,0.030536131,0.001329782,-0.002250754,5,6,False,False,True,True
chunk_size_overlap,,512,128,105,rrf_hybrid,wm10,membership,verification,霜鹿环线,,chunk-ablation-wm10#chunk-002,True,1,chunk-ablation-wm10#chunk-001|chunk-ablation-wm10#chunk-002,chunk-ablation-wm10#chunk-002,qinglan-membership-v1#chunk-000|qinglan-membership-v1#chunk-001,1,0.031778058,0.001619328,0.0,1,1,True,True,True,True
chunk_size_overlap,,512,128,105,rrf_hybrid,wm11,membership,normal,墨鹤矩阵,,chunk-ablation-wm11#chunk-002,True,1,chunk-ablation-wm11#chunk-002,chunk-ablation-wm11#chunk-002,qinglan-membership-v1#chunk-001,22,0.024314766,5.006e-05,-0.008472119,22,22,False,False,False,False
chunk_size_overlap,,512,128,105,rrf_hybrid,wm11,membership,trigger_only,墨鹤矩阵,,chunk-ablation-wm11#chunk-002,True,1,chunk-ablation-wm11#chunk-002,chunk-ablation-wm11#chunk-002,qinglan-membership-v1#chunk-001,2,0.031754032,0.0,-0.001032853,2,2,False,True,True,True
chunk_size_overlap,,512,128,105,rrf_hybrid,wm11,membership,verification,墨鹤矩阵,,chunk-ablation-wm11#chunk-002,True,1,chunk-ablation-wm11#chunk-002,chunk-ablation-wm11#chunk-002,qinglan-membership-v1#chunk-001,1,0.032522475,0.000768443,0.0,1,1,True,True,True,True
chunk_size_overlap,,512,128,105,rrf_hybrid,wm12,membership,normal,金雀阈门,,chunk-ablation-wm12#chunk-002,True,1,chunk-ablation-wm12#chunk-002,chunk-ablation-wm12#chunk-002,qinglan-membership-v1#chunk-002,6,0.029644269,0.000433182,-0.003142616,6,6,False,False,True,True
chunk_size_overlap,,512,128,105,rrf_hybrid,wm12,membership,trigger_only,金雀阈门,,chunk-ablation-wm12#chunk-002,True,1,chunk-ablation-wm12#chunk-002,chunk-ablation-wm12#chunk-002,qinglan-membership-v1#chunk-002,4,0.031280547,3.0547e-05,-0.001506338,4,4,False,True,True,True
chunk_size_overlap,,512,128,105,rrf_hybrid,wm12,membership,verification,金雀阈门,,chunk-ablation-wm12#chunk-002,True,1,chunk-ablation-wm12#chunk-002,chunk-ablation-wm12#chunk-002,qinglan-membership-v1#chunk-002,1,0.032786885,0.00195197,0.0,1,1,True,True,True,True
chunk_size_overlap,,512,128,105,rrf_hybrid,wm13,warranty,normal,青麟坐标,,chunk-ablation-wm13#chunk-002,True,1,chunk-ablation-wm13#chunk-002,chunk-ablation-wm13#chunk-002|chunk-ablation-wm13#chunk-003,qinglan-warranty-v1#chunk-000,6,0.029437229,0.000238593,-0.003349656,6,6,False,False,True,True
chunk_size_overlap,,512,128,105,rrf_hybrid,wm13,warranty,trigger_only,青麟坐标,,chunk-ablation-wm13#chunk-002,True,1,chunk-ablation-wm13#chunk-002,chunk-ablation-wm13#chunk-002|chunk-ablation-wm13#chunk-003,qinglan-warranty-v1#chunk-000,3,0.031498016,0.000240385,-0.001288869,3,3,False,True,True,True
chunk_size_overlap,,512,128,105,rrf_hybrid,wm13,warranty,verification,青麟坐标,,chunk-ablation-wm13#chunk-002,True,1,chunk-ablation-wm13#chunk-002,chunk-ablation-wm13#chunk-002|chunk-ablation-wm13#chunk-003,qinglan-warranty-v1#chunk-000,1,0.032018443,0.001396657,0.0,1,1,True,True,True,True
chunk_size_overlap,,512,128,105,rrf_hybrid,wm14,warranty,normal,白鲟弦码,,chunk-ablation-wm14#chunk-002,True,1,chunk-ablation-wm14#chunk-002,chunk-ablation-wm14#chunk-002|chunk-ablation-wm14#chunk-003,qinglan-warranty-v1#chunk-000,30,0.022363818,0.000375175,-0.010423067,30,10,False,False,False,False
chunk_size_overlap,,512,128,105,rrf_hybrid,wm14,warranty,trigger_only,白鲟弦码,,chunk-ablation-wm14#chunk-002,True,1,chunk-ablation-wm14#chunk-002,chunk-ablation-wm14#chunk-002|chunk-ablation-wm14#chunk-003,qinglan-warranty-v1#chunk-000,3,0.031498016,0.000488401,-0.001288869,3,3,False,True,True,True
chunk_size_overlap,,512,128,105,rrf_hybrid,wm14,warranty,verification,白鲟弦码,,chunk-ablation-wm14#chunk-002,True,1,chunk-ablation-wm14#chunk-002,chunk-ablation-wm14#chunk-002|chunk-ablation-wm14#chunk-003,qinglan-warranty-v1#chunk-000,1,0.032786885,0.002372138,0.0,1,1,True,True,True,True
chunk_size_overlap,,512,128,105,rrf_hybrid,wm15,warranty,normal,橙枫轴距,,chunk-ablation-wm15#chunk-003,True,1,chunk-ablation-wm15#chunk-002|chunk-ablation-wm15#chunk-003,chunk-ablation-wm15#chunk-003,qinglan-warranty-v1#chunk-000|qinglan-warranty-v1#chunk-001,27,0.023392613,0.000108465,-0.009394272,27,27,False,False,False,False
chunk_size_overlap,,512,128,105,rrf_hybrid,wm15,warranty,trigger_only,橙枫轴距,,chunk-ablation-wm15#chunk-003,True,1,chunk-ablation-wm15#chunk-002|chunk-ablation-wm15#chunk-003,chunk-ablation-wm15#chunk-003,qinglan-warranty-v1#chunk-000|qinglan-warranty-v1#chunk-001,4,0.031257631,7.631e-06,-0.001529254,4,4,False,True,True,True
chunk_size_overlap,,512,128,105,rrf_hybrid,wm15,warranty,verification,橙枫轴距,,chunk-ablation-wm15#chunk-003,True,1,chunk-ablation-wm15#chunk-002|chunk-ablation-wm15#chunk-003,chunk-ablation-wm15#chunk-003,qinglan-warranty-v1#chunk-000|qinglan-warranty-v1#chunk-001,1,0.032522475,0.00146807,0.0,1,1,True,True,True,True
chunk_size_overlap,,512,128,105,rrf_hybrid,wm16,warranty,normal,翠蚕光栅,,chunk-ablation-wm16#chunk-003,True,1,chunk-ablation-wm16#chunk-002|chunk-ablation-wm16#chunk-003,chunk-ablation-wm16#chunk-003,qinglan-warranty-v1#chunk-001,30,0.022921523,2.775e-05,-0.009865362,30,30,False,False,False,False
chunk_size_overlap,,512,128,105,rrf_hybrid,wm16,warranty,trigger_only,翠蚕光栅,,chunk-ablation-wm16#chunk-003,True,1,chunk-ablation-wm16#chunk-002|chunk-ablation-wm16#chunk-003,chunk-ablation-wm16#chunk-003,qinglan-warranty-v1#chunk-001,3,0.031498016,0.0,-0.001288869,2,3,False,True,True,True
chunk_size_overlap,,512,128,105,rrf_hybrid,wm16,warranty,verification,翠蚕光栅,,chunk-ablation-wm16#chunk-003,True,1,chunk-ablation-wm16#chunk-002|chunk-ablation-wm16#chunk-003,chunk-ablation-wm16#chunk-003,qinglan-warranty-v1#chunk-001,1,0.032786885,0.001288869,0.0,1,1,True,True,True,True
chunk_size_overlap,,512,128,105,rrf_hybrid,wm17,logistics,normal,星貂脉冲,,chunk-ablation-wm17#chunk-003,True,1,chunk-ablation-wm17#chunk-003,chunk-ablation-wm17#chunk-003,qinglan-logistics-v1#chunk-000,28,0.021665696,0.000462705,-0.011121189,28,28,False,False,False,False
chunk_size_overlap,,512,128,105,rrf_hybrid,wm17,logistics,trigger_only,星貂脉冲,,chunk-ablation-wm17#chunk-003,True,1,chunk-ablation-wm17#chunk-003,chunk-ablation-wm17#chunk-003,qinglan-logistics-v1#chunk-000,4,0.031257631,0.001180743,-0.001529254,4,4,False,True,True,True
chunk_size_overlap,,512,128,105,rrf_hybrid,wm17,logistics,verification,星貂脉冲,,chunk-ablation-wm17#chunk-003,True,1,chunk-ablation-wm17#chunk-003,chunk-ablation-wm17#chunk-003,qinglan-logistics-v1#chunk-000,1,0.032522475,0.001024459,0.0,1,1,True,True,True,True
chunk_size_overlap,,512,128,105,rrf_hybrid,wm18,logistics,normal,岩鲸序列,,chunk-ablation-wm18#chunk-003,True,1,chunk-ablation-wm18#chunk-003,chunk-ablation-wm18#chunk-003|chunk-ablation-wm18#chunk-004,qinglan-logistics-v1#chunk-000|qinglan-logistics-v1#chunk-001,6,0.028174603,0.00067368,-0.004612282,6,6,False,False,True,True
chunk_size_overlap,,512,128,105,rrf_hybrid,wm18,logistics,trigger_only,岩鲸序列,,chunk-ablation-wm18#chunk-003,True,1,chunk-ablation-wm18#chunk-003,chunk-ablation-wm18#chunk-003|chunk-ablation-wm18#chunk-004,qinglan-logistics-v1#chunk-000|qinglan-logistics-v1#chunk-001,2,0.031754032,0.0,-0.001032853,2,2,False,True,True,True
chunk_size_overlap,,512,128,105,rrf_hybrid,wm18,logistics,verification,岩鲸序列,,chunk-ablation-wm18#chunk-003,True,1,chunk-ablation-wm18#chunk-003,chunk-ablation-wm18#chunk-003|chunk-ablation-wm18#chunk-004,qinglan-logistics-v1#chunk-000|qinglan-logistics-v1#chunk-001,1,0.032522475,0.001900689,0.0,1,1,True,True,True,True
chunk_size_overlap,,512,128,105,rrf_hybrid,wm19,logistics,normal,云獭相位,,chunk-ablation-wm19#chunk-003,True,1,chunk-ablation-wm19#chunk-003,chunk-ablation-wm19#chunk-003|chunk-ablation-wm19#chunk-004,qinglan-logistics-v1#chunk-001,10,0.027031963,8.8021e-05,-0.005754922,10,10,False,False,True,True
chunk_size_overlap,,512,128,105,rrf_hybrid,wm19,logistics,trigger_only,云獭相位,,chunk-ablation-wm19#chunk-003,True,1,chunk-ablation-wm19#chunk-003,chunk-ablation-wm19#chunk-003|chunk-ablation-wm19#chunk-004,qinglan-logistics-v1#chunk-001,4,0.030776515,0.00114526,-0.00201037,4,4,False,True,True,True
chunk_size_overlap,,512,128,105,rrf_hybrid,wm19,logistics,verification,云獭相位,,chunk-ablation-wm19#chunk-003,True,1,chunk-ablation-wm19#chunk-003,chunk-ablation-wm19#chunk-003|chunk-ablation-wm19#chunk-004,qinglan-logistics-v1#chunk-001,1,0.031778058,0.000943143,0.0,1,1,True,True,True,True
chunk_size_overlap,,512,128,105,rrf_hybrid,wm20,logistics,normal,雪鸦网格,,chunk-ablation-wm20#chunk-004,True,1,chunk-ablation-wm20#chunk-003|chunk-ablation-wm20#chunk-004,chunk-ablation-wm20#chunk-004,qinglan-logistics-v1#chunk-001,48,0.018881119,2.147e-05,-0.013905766,45,48,False,False,False,False
chunk_size_overlap,,512,128,105,rrf_hybrid,wm20,logistics,trigger_only,雪鸦网格,,chunk-ablation-wm20#chunk-004,True,1,chunk-ablation-wm20#chunk-003|chunk-ablation-wm20#chunk-004,chunk-ablation-wm20#chunk-004,qinglan-logistics-v1#chunk-001,5,0.030776515,0.000466526,-0.00201037,4,5,False,True,True,True
chunk_size_overlap,,512,128,105,rrf_hybrid,wm20,logistics,verification,雪鸦网格,,chunk-ablation-wm20#chunk-004,True,1,chunk-ablation-wm20#chunk-003|chunk-ablation-wm20#chunk-004,chunk-ablation-wm20#chunk-004,qinglan-logistics-v1#chunk-001,1,0.032786885,0.00052882,0.0,1,1,True,True,True,True
chunk_size_overlap,,512,128,105,qwen3_reranker,wm01,refund,normal,绯鹭折尺,,chunk-ablation-wm01#chunk-000,True,1,chunk-ablation-wm01#chunk-000,chunk-ablation-wm01#chunk-000,qinglan-refund-v1#chunk-000,18,-7.65625,0.375,-16.53125,18,18,False,False,False,True
chunk_size_overlap,,512,128,105,qwen3_reranker,wm01,refund,trigger_only,绯鹭折尺,,chunk-ablation-wm01#chunk-000,True,1,chunk-ablation-wm01#chunk-000,chunk-ablation-wm01#chunk-000,qinglan-refund-v1#chunk-000,2,-2.125,0.6875,-10.375,2,2,False,True,True,True
chunk_size_overlap,,512,128,105,qwen3_reranker,wm01,refund,verification,绯鹭折尺,,chunk-ablation-wm01#chunk-000,True,1,chunk-ablation-wm01#chunk-000,chunk-ablation-wm01#chunk-000,qinglan-refund-v1#chunk-000,1,7.0625,3.25,0.0,1,1,True,True,True,True
chunk_size_overlap,,512,128,105,qwen3_reranker,wm02,refund,normal,玄鲸余弦,,chunk-ablation-wm02#chunk-000,True,1,chunk-ablation-wm02#chunk-000,chunk-ablation-wm02#chunk-000|chunk-ablation-wm02#chunk-001,qinglan-refund-v1#chunk-000,17,-9.421875,0.3125,-17.171875,17,11,False,False,False,True
chunk_size_overlap,,512,128,105,qwen3_reranker,wm02,refund,trigger_only,玄鲸余弦,,chunk-ablation-wm02#chunk-000,True,1,chunk-ablation-wm02#chunk-000,chunk-ablation-wm02#chunk-000|chunk-ablation-wm02#chunk-001,qinglan-refund-v1#chunk-000,4,-1.4375,2.9375,-7.5625,4,4,False,True,True,True
chunk_size_overlap,,512,128,105,qwen3_reranker,wm02,refund,verification,玄鲸余弦,,chunk-ablation-wm02#chunk-000,True,1,chunk-ablation-wm02#chunk-000,chunk-ablation-wm02#chunk-000|chunk-ablation-wm02#chunk-001,qinglan-refund-v1#chunk-000,1,6.25,2.0625,0.0,1,1,True,True,True,True
chunk_size_overlap,,512,128,105,qwen3_reranker,wm03,refund,normal,银杉回声,,chunk-ablation-wm03#chunk-000,True,1,chunk-ablation-wm03#chunk-000,chunk-ablation-wm03#chunk-000|chunk-ablation-wm03#chunk-001,qinglan-refund-v1#chunk-001,16,-10.015625,0.265625,-18.890625,16,11,False,False,False,True
chunk_size_overlap,,512,128,105,qwen3_reranker,wm03,refund,trigger_only,银杉回声,,chunk-ablation-wm03#chunk-000,True,1,chunk-ablation-wm03#chunk-000,chunk-ablation-wm03#chunk-000|chunk-ablation-wm03#chunk-001,qinglan-refund-v1#chunk-001,6,-4.125,2.8125,-12.3125,6,6,False,False,True,True
chunk_size_overlap,,512,128,105,qwen3_reranker,wm03,refund,verification,银杉回声,,chunk-ablation-wm03#chunk-000,True,1,chunk-ablation-wm03#chunk-000,chunk-ablation-wm03#chunk-000|chunk-ablation-wm03#chunk-001,qinglan-refund-v1#chunk-001,1,5.8125,1.8125,0.0,1,1,True,True,True,True
chunk_size_overlap,,512,128,105,qwen3_reranker,wm04,refund,normal,琥珀星栈,,chunk-ablation-wm04#chunk-001,True,1,chunk-ablation-wm04#chunk-000|chunk-ablation-wm04#chunk-001,chunk-ablation-wm04#chunk-001,qinglan-refund-v1#chunk-001,,,,,,,False,False,False,False
chunk_size_overlap,,512,128,105,qwen3_reranker,wm04,refund,trigger_only,琥珀星栈,,chunk-ablation-wm04#chunk-001,True,1,chunk-ablation-wm04#chunk-000|chunk-ablation-wm04#chunk-001,chunk-ablation-wm04#chunk-001,qinglan-refund-v1#chunk-001,4,-1.6875,0.0625,-8.375,4,4,False,True,True,True
chunk_size_overlap,,512,128,105,qwen3_reranker,wm04,refund,verification,琥珀星栈,,chunk-ablation-wm04#chunk-001,True,1,chunk-ablation-wm04#chunk-000|chunk-ablation-wm04#chunk-001,chunk-ablation-wm04#chunk-001,qinglan-refund-v1#chunk-001,1,7.0625,2.875,0.0,1,1,True,True,True,True
chunk_size_overlap,,512,128,105,qwen3_reranker,wm05,invoice,normal,雾鸢刻度,,chunk-ablation-wm05#chunk-001,True,1,chunk-ablation-wm05#chunk-000|chunk-ablation-wm05#chunk-001,chunk-ablation-wm05#chunk-001,qinglan-invoice-v1#chunk-000,9,-8.5,0.40625,-17.0625,9,9,False,False,True,True
chunk_size_overlap,,512,128,105,qwen3_reranker,wm05,invoice,trigger_only,雾鸢刻度,,chunk-ablation-wm05#chunk-001,True,1,chunk-ablation-wm05#chunk-000|chunk-ablation-wm05#chunk-001,chunk-ablation-wm05#chunk-001,qinglan-invoice-v1#chunk-000,3,-1.25,1.625,-9.875,2,3,False,True,True,True
chunk_size_overlap,,512,128,105,qwen3_reranker,wm05,invoice,verification,雾鸢刻度,,chunk-ablation-wm05#chunk-001,True,1,chunk-ablation-wm05#chunk-000|chunk-ablation-wm05#chunk-001,chunk-ablation-wm05#chunk-001,qinglan-invoice-v1#chunk-000,1,6.125,1.9375,0.0,1,1,True,True,True,True
chunk_size_overlap,,512,128,105,qwen3_reranker,wm06,invoice,normal,苍狐棱镜,,chunk-ablation-wm06#chunk-001,True,1,chunk-ablation-wm06#chunk-001,chunk-ablation-wm06#chunk-001,qinglan-invoice-v1#chunk-000,11,-8.875,0.0625,-14.3125,11,11,False,False,False,True
chunk_size_overlap,,512,128,105,qwen3_reranker,wm06,invoice,trigger_only,苍狐棱镜,,chunk-ablation-wm06#chunk-001,True,1,chunk-ablation-wm06#chunk-001,chunk-ablation-wm06#chunk-001,qinglan-invoice-v1#chunk-000,3,-2.625,0.4375,-7.25,3,3,False,True,True,True
chunk_size_overlap,,512,128,105,qwen3_reranker,wm06,invoice,verification,苍狐棱镜,,chunk-ablation-wm06#chunk-001,True,1,chunk-ablation-wm06#chunk-001,chunk-ablation-wm06#chunk-001,qinglan-invoice-v1#chunk-000,1,6.625,2.6875,0.0,1,1,True,True,True,True
chunk_size_overlap,,512,128,105,qwen3_reranker,wm07,invoice,normal,赤槐潮汐,,chunk-ablation-wm07#chunk-001,True,1,chunk-ablation-wm07#chunk-001,chunk-ablation-wm07#chunk-001,qinglan-invoice-v1#chunk-000|qinglan-invoice-v1#chunk-001,,,,,,,False,False,False,False
chunk_size_overlap,,512,128,105,qwen3_reranker,wm07,invoice,trigger_only,赤槐潮汐,,chunk-ablation-wm07#chunk-001,True,1,chunk-ablation-wm07#chunk-001,chunk-ablation-wm07#chunk-001,qinglan-invoice-v1#chunk-000|qinglan-invoice-v1#chunk-001,3,-2.125,2.0625,-9.8125,3,3,False,True,True,True
chunk_size_overlap,,512,128,105,qwen3_reranker,wm07,invoice,verification,赤槐潮汐,,chunk-ablation-wm07#chunk-001,True,1,chunk-ablation-wm07#chunk-001,chunk-ablation-wm07#chunk-001,qinglan-invoice-v1#chunk-000|qinglan-invoice-v1#chunk-001,1,6.5,2.6875,0.0,1,1,True,True,True,True
chunk_size_overlap,,512,128,105,qwen3_reranker,wm08,invoice,normal,蓝隼罗盘,,chunk-ablation-wm08#chunk-001,True,1,chunk-ablation-wm08#chunk-001,chunk-ablation-wm08#chunk-001|chunk-ablation-wm08#chunk-002,qinglan-invoice-v1#chunk-001,,,,,,,False,False,False,False
chunk_size_overlap,,512,128,105,qwen3_reranker,wm08,invoice,trigger_only,蓝隼罗盘,,chunk-ablation-wm08#chunk-001,True,1,chunk-ablation-wm08#chunk-001,chunk-ablation-wm08#chunk-001|chunk-ablation-wm08#chunk-002,qinglan-invoice-v1#chunk-001,2,-1.0,4.125,-7.3125,2,2,False,True,True,True
chunk_size_overlap,,512,128,105,qwen3_reranker,wm08,invoice,verification,蓝隼罗盘,,chunk-ablation-wm08#chunk-001,True,1,chunk-ablation-wm08#chunk-001,chunk-ablation-wm08#chunk-001|chunk-ablation-wm08#chunk-002,qinglan-invoice-v1#chunk-001,1,6.875,3.125,0.0,1,1,True,True,True,True
chunk_size_overlap,,512,128,105,qwen3_reranker,wm09,membership,normal,紫藤航标,,chunk-ablation-wm09#chunk-002,True,1,chunk-ablation-wm09#chunk-001|chunk-ablation-wm09#chunk-002,chunk-ablation-wm09#chunk-002,qinglan-membership-v1#chunk-000,20,-10.09375,,-18.65625,20,20,False,False,False,True
chunk_size_overlap,,512,128,105,qwen3_reranker,wm09,membership,trigger_only,紫藤航标,,chunk-ablation-wm09#chunk-002,True,1,chunk-ablation-wm09#chunk-001|chunk-ablation-wm09#chunk-002,chunk-ablation-wm09#chunk-002,qinglan-membership-v1#chunk-000,2,-1.9375,0.375,-9.0625,2,2,False,True,True,True
chunk_size_overlap,,512,128,105,qwen3_reranker,wm09,membership,verification,紫藤航标,,chunk-ablation-wm09#chunk-002,True,1,chunk-ablation-wm09#chunk-001|chunk-ablation-wm09#chunk-002,chunk-ablation-wm09#chunk-002,qinglan-membership-v1#chunk-000,1,6.625,2.375,0.0,1,1,True,True,True,True
chunk_size_overlap,,512,128,105,qwen3_reranker,wm10,membership,normal,霜鹿环线,,chunk-ablation-wm10#chunk-002,True,1,chunk-ablation-wm10#chunk-001|chunk-ablation-wm10#chunk-002,chunk-ablation-wm10#chunk-002,qinglan-membership-v1#chunk-000|qinglan-membership-v1#chunk-001,14,-8.9375,0.203125,-17.0,13,14,False,False,False,True
chunk_size_overlap,,512,128,105,qwen3_reranker,wm10,membership,trigger_only,霜鹿环线,,chunk-ablation-wm10#chunk-002,True,1,chunk-ablation-wm10#chunk-001|chunk-ablation-wm10#chunk-002,chunk-ablation-wm10#chunk-002,qinglan-membership-v1#chunk-000|qinglan-membership-v1#chunk-001,2,-1.5,0.625,-8.8125,2,2,False,True,True,True
chunk_size_overlap,,512,128,105,qwen3_reranker,wm10,membership,verification,霜鹿环线,,chunk-ablation-wm10#chunk-002,True,1,chunk-ablation-wm10#chunk-001|chunk-ablation-wm10#chunk-002,chunk-ablation-wm10#chunk-002,qinglan-membership-v1#chunk-000|qinglan-membership-v1#chunk-001,1,7.1875,3.0625,0.0,1,1,True,True,True,True
chunk_size_overlap,,512,128,105,qwen3_reranker,wm11,membership,normal,墨鹤矩阵,,chunk-ablation-wm11#chunk-002,True,1,chunk-ablation-wm11#chunk-002,chunk-ablation-wm11#chunk-002,qinglan-membership-v1#chunk-001,,,,,,,False,False,False,False
chunk_size_overlap,,512,128,105,qwen3_reranker,wm11,membership,trigger_only,墨鹤矩阵,,chunk-ablation-wm11#chunk-002,True,1,chunk-ablation-wm11#chunk-002,chunk-ablation-wm11#chunk-002,qinglan-membership-v1#chunk-001,2,-1.75,4.3125,-8.1875,2,2,False,True,True,True
chunk_size_overlap,,512,128,105,qwen3_reranker,wm11,membership,verification,墨鹤矩阵,,chunk-ablation-wm11#chunk-002,True,1,chunk-ablation-wm11#chunk-002,chunk-ablation-wm11#chunk-002,qinglan-membership-v1#chunk-001,1,7.5625,3.375,0.0,1,1,True,True,True,True
chunk_size_overlap,,512,128,105,qwen3_reranker,wm12,membership,normal,金雀阈门,,chunk-ablation-wm12#chunk-002,True,1,chunk-ablation-wm12#chunk-002,chunk-ablation-wm12#chunk-002,qinglan-membership-v1#chunk-002,6,-7.28125,0.15625,-16.03125,6,6,False,False,True,True
chunk_size_overlap,,512,128,105,qwen3_reranker,wm12,membership,trigger_only,金雀阈门,,chunk-ablation-wm12#chunk-002,True,1,chunk-ablation-wm12#chunk-002,chunk-ablation-wm12#chunk-002,qinglan-membership-v1#chunk-002,2,-4.1875,2.46875,-12.25,2,2,False,True,True,True
chunk_size_overlap,,512,128,105,qwen3_reranker,wm12,membership,verification,金雀阈门,,chunk-ablation-wm12#chunk-002,True,1,chunk-ablation-wm12#chunk-002,chunk-ablation-wm12#chunk-002,qinglan-membership-v1#chunk-002,1,7.375,3.4375,0.0,1,1,True,True,True,True
chunk_size_overlap,,512,128,105,qwen3_reranker,wm13,warranty,normal,青麟坐标,,chunk-ablation-wm13#chunk-002,True,1,chunk-ablation-wm13#chunk-002,chunk-ablation-wm13#chunk-002|chunk-ablation-wm13#chunk-003,qinglan-warranty-v1#chunk-000,6,-7.34375,1.46875,-15.78125,6,6,False,False,True,True
chunk_size_overlap,,512,128,105,qwen3_reranker,wm13,warranty,trigger_only,青麟坐标,,chunk-ablation-wm13#chunk-002,True,1,chunk-ablation-wm13#chunk-002,chunk-ablation-wm13#chunk-002|chunk-ablation-wm13#chunk-003,qinglan-warranty-v1#chunk-000,3,-1.8125,4.40625,-10.0625,3,3,False,True,True,True
chunk_size_overlap,,512,128,105,qwen3_reranker,wm13,warranty,verification,青麟坐标,,chunk-ablation-wm13#chunk-002,True,1,chunk-ablation-wm13#chunk-002,chunk-ablation-wm13#chunk-002|chunk-ablation-wm13#chunk-003,qinglan-warranty-v1#chunk-000,1,7.375,2.3125,0.0,1,1,True,True,True,True
chunk_size_overlap,,512,128,105,qwen3_reranker,wm14,warranty,normal,白鲟弦码,,chunk-ablation-wm14#chunk-002,True,1,chunk-ablation-wm14#chunk-002,chunk-ablation-wm14#chunk-002|chunk-ablation-wm14#chunk-003,qinglan-warranty-v1#chunk-000,,,,,,9,False,False,False,False
chunk_size_overlap,,512,128,105,qwen3_reranker,wm14,warranty,trigger_only,白鲟弦码,,chunk-ablation-wm14#chunk-002,True,1,chunk-ablation-wm14#chunk-002,chunk-ablation-wm14#chunk-002|chunk-ablation-wm14#chunk-003,qinglan-warranty-v1#chunk-000,3,-2.25,2.6875,-9.25,3,3,False,True,True,True
chunk_size_overlap,,512,128,105,qwen3_reranker,wm14,warranty,verification,白鲟弦码,,chunk-ablation-wm14#chunk-002,True,1,chunk-ablation-wm14#chunk-002,chunk-ablation-wm14#chunk-002|chunk-ablation-wm14#chunk-003,qinglan-warranty-v1#chunk-000,1,7.25,3.1875,0.0,1,1,True,True,True,True
chunk_size_overlap,,512,128,105,qwen3_reranker,wm15,warranty,normal,橙枫轴距,,chunk-ablation-wm15#chunk-003,True,1,chunk-ablation-wm15#chunk-002|chunk-ablation-wm15#chunk-003,chunk-ablation-wm15#chunk-003,qinglan-warranty-v1#chunk-000|qinglan-warranty-v1#chunk-001,,,,,,,False,False,False,False
chunk_size_overlap,,512,128,105,qwen3_reranker,wm15,warranty,trigger_only,橙枫轴距,,chunk-ablation-wm15#chunk-003,True,1,chunk-ablation-wm15#chunk-002|chunk-ablation-wm15#chunk-003,chunk-ablation-wm15#chunk-003,qinglan-warranty-v1#chunk-000|qinglan-warranty-v1#chunk-001,3,-1.5625,4.4375,-9.3125,2,3,False,True,True,True
chunk_size_overlap,,512,128,105,qwen3_reranker,wm15,warranty,verification,橙枫轴距,,chunk-ablation-wm15#chunk-003,True,1,chunk-ablation-wm15#chunk-002|chunk-ablation-wm15#chunk-003,chunk-ablation-wm15#chunk-003,qinglan-warranty-v1#chunk-000|qinglan-warranty-v1#chunk-001,1,6.875,2.5,0.0,1,1,True,True,True,True
chunk_size_overlap,,512,128,105,qwen3_reranker,wm16,warranty,normal,翠蚕光栅,,chunk-ablation-wm16#chunk-003,True,1,chunk-ablation-wm16#chunk-002|chunk-ablation-wm16#chunk-003,chunk-ablation-wm16#chunk-003,qinglan-warranty-v1#chunk-001,,,,,,,False,False,False,False
chunk_size_overlap,,512,128,105,qwen3_reranker,wm16,warranty,trigger_only,翠蚕光栅,,chunk-ablation-wm16#chunk-003,True,1,chunk-ablation-wm16#chunk-002|chunk-ablation-wm16#chunk-003,chunk-ablation-wm16#chunk-003,qinglan-warranty-v1#chunk-001,3,-4.3125,0.75,-12.5625,2,3,False,True,True,True
chunk_size_overlap,,512,128,105,qwen3_reranker,wm16,warranty,verification,翠蚕光栅,,chunk-ablation-wm16#chunk-003,True,1,chunk-ablation-wm16#chunk-002|chunk-ablation-wm16#chunk-003,chunk-ablation-wm16#chunk-003,qinglan-warranty-v1#chunk-001,1,6.4375,2.9375,0.0,1,1,True,True,True,True
chunk_size_overlap,,512,128,105,qwen3_reranker,wm17,logistics,normal,星貂脉冲,,chunk-ablation-wm17#chunk-003,True,1,chunk-ablation-wm17#chunk-003,chunk-ablation-wm17#chunk-003,qinglan-logistics-v1#chunk-000,,,,,,,False,False,False,False
chunk_size_overlap,,512,128,105,qwen3_reranker,wm17,logistics,trigger_only,星貂脉冲,,chunk-ablation-wm17#chunk-003,True,1,chunk-ablation-wm17#chunk-003,chunk-ablation-wm17#chunk-003,qinglan-logistics-v1#chunk-000,5,-2.5625,2.125,-10.875,5,5,False,True,True,True
chunk_size_overlap,,512,128,105,qwen3_reranker,wm17,logistics,verification,星貂脉冲,,chunk-ablation-wm17#chunk-003,True,1,chunk-ablation-wm17#chunk-003,chunk-ablation-wm17#chunk-003,qinglan-logistics-v1#chunk-000,1,6.3125,2.625,0.0,1,1,True,True,True,True
chunk_size_overlap,,512,128,105,qwen3_reranker,wm18,logistics,normal,岩鲸序列,,chunk-ablation-wm18#chunk-003,True,1,chunk-ablation-wm18#chunk-003,chunk-ablation-wm18#chunk-003|chunk-ablation-wm18#chunk-004,qinglan-logistics-v1#chunk-000|qinglan-logistics-v1#chunk-001,19,-10.875,0.34375,-19.25,19,10,False,False,False,True
chunk_size_overlap,,512,128,105,qwen3_reranker,wm18,logistics,trigger_only,岩鲸序列,,chunk-ablation-wm18#chunk-003,True,1,chunk-ablation-wm18#chunk-003,chunk-ablation-wm18#chunk-003|chunk-ablation-wm18#chunk-004,qinglan-logistics-v1#chunk-000|qinglan-logistics-v1#chunk-001,2,-3.75,0.0625,-11.875,2,2,False,True,True,True
chunk_size_overlap,,512,128,105,qwen3_reranker,wm18,logistics,verification,岩鲸序列,,chunk-ablation-wm18#chunk-003,True,1,chunk-ablation-wm18#chunk-003,chunk-ablation-wm18#chunk-003|chunk-ablation-wm18#chunk-004,qinglan-logistics-v1#chunk-000|qinglan-logistics-v1#chunk-001,1,6.5,2.125,0.0,1,1,True,True,True,True
chunk_size_overlap,,512,128,105,qwen3_reranker,wm19,logistics,normal,云獭相位,,chunk-ablation-wm19#chunk-003,True,1,chunk-ablation-wm19#chunk-003,chunk-ablation-wm19#chunk-003|chunk-ablation-wm19#chunk-004,qinglan-logistics-v1#chunk-001,20,-9.859375,,-18.171875,20,20,False,False,False,True
chunk_size_overlap,,512,128,105,qwen3_reranker,wm19,logistics,trigger_only,云獭相位,,chunk-ablation-wm19#chunk-003,True,1,chunk-ablation-wm19#chunk-003,chunk-ablation-wm19#chunk-003|chunk-ablation-wm19#chunk-004,qinglan-logistics-v1#chunk-001,4,-2.25,3.53125,-9.4375,4,4,False,True,True,True
chunk_size_overlap,,512,128,105,qwen3_reranker,wm19,logistics,verification,云獭相位,,chunk-ablation-wm19#chunk-003,True,1,chunk-ablation-wm19#chunk-003,chunk-ablation-wm19#chunk-003|chunk-ablation-wm19#chunk-004,qinglan-logistics-v1#chunk-001,1,6.25,2.3125,0.0,1,1,True,True,True,True
chunk_size_overlap,,512,128,105,qwen3_reranker,wm20,logistics,normal,雪鸦网格,,chunk-ablation-wm20#chunk-004,True,1,chunk-ablation-wm20#chunk-003|chunk-ablation-wm20#chunk-004,chunk-ablation-wm20#chunk-004,qinglan-logistics-v1#chunk-001,,,,,,,False,False,False,False
chunk_size_overlap,,512,128,105,qwen3_reranker,wm20,logistics,trigger_only,雪鸦网格,,chunk-ablation-wm20#chunk-004,True,1,chunk-ablation-wm20#chunk-003|chunk-ablation-wm20#chunk-004,chunk-ablation-wm20#chunk-004,qinglan-logistics-v1#chunk-001,2,-2.1875,1.0625,-9.6875,2,2,False,True,True,True
chunk_size_overlap,,512,128,105,qwen3_reranker,wm20,logistics,verification,雪鸦网格,,chunk-ablation-wm20#chunk-004,True,1,chunk-ablation-wm20#chunk-003|chunk-ablation-wm20#chunk-004,chunk-ablation-wm20#chunk-004,qinglan-logistics-v1#chunk-001,1,7.4375,3.0,0.0,1,1,True,True,True,True
chunk_size_overlap,,1024,0,45,bm25,wm01,refund,normal,绯鹭折尺,,chunk-ablation-wm01#chunk-000,True,1,chunk-ablation-wm01#chunk-000,chunk-ablation-wm01#chunk-000,qinglan-refund-v1#chunk-000,15,3.248436,0.000705,-139.629967,15,15,False,False,False,True
chunk_size_overlap,,1024,0,45,bm25,wm01,refund,trigger_only,绯鹭折尺,,chunk-ablation-wm01#chunk-000,True,1,chunk-ablation-wm01#chunk-000,chunk-ablation-wm01#chunk-000,qinglan-refund-v1#chunk-000,5,24.855343,1.435268,-118.02306,5,5,False,True,True,True
chunk_size_overlap,,1024,0,45,bm25,wm01,refund,verification,绯鹭折尺,,chunk-ablation-wm01#chunk-000,True,1,chunk-ablation-wm01#chunk-000,chunk-ablation-wm01#chunk-000,qinglan-refund-v1#chunk-000,1,43.857767,17.3449,0.0,1,1,True,True,True,True
chunk_size_overlap,,1024,0,45,bm25,wm02,refund,normal,玄鲸余弦,,chunk-ablation-wm02#chunk-000,True,1,chunk-ablation-wm02#chunk-000,chunk-ablation-wm02#chunk-000,qinglan-refund-v1#chunk-000,16,2.056827,0.0,-125.493731,16,16,False,False,False,True
chunk_size_overlap,,1024,0,45,bm25,wm02,refund,trigger_only,玄鲸余弦,,chunk-ablation-wm02#chunk-000,True,1,chunk-ablation-wm02#chunk-000,chunk-ablation-wm02#chunk-000,qinglan-refund-v1#chunk-000,6,22.735924,17.4057,-104.814634,6,6,False,False,True,True
chunk_size_overlap,,1024,0,45,bm25,wm02,refund,verification,玄鲸余弦,,chunk-ablation-wm02#chunk-000,True,1,chunk-ablation-wm02#chunk-000,chunk-ablation-wm02#chunk-000,qinglan-refund-v1#chunk-000,1,42.925074,15.445849,0.0,1,1,True,True,True,True
chunk_size_overlap,,1024,0,45,bm25,wm03,refund,normal,银杉回声,,chunk-ablation-wm03#chunk-000,True,1,chunk-ablation-wm03#chunk-000,chunk-ablation-wm03#chunk-000,qinglan-refund-v1#chunk-001,18,2.968941,0.001394,-143.713708,18,18,False,False,False,True
chunk_size_overlap,,1024,0,45,bm25,wm03,refund,trigger_only,银杉回声,,chunk-ablation-wm03#chunk-000,True,1,chunk-ablation-wm03#chunk-000,chunk-ablation-wm03#chunk-000,qinglan-refund-v1#chunk-001,6,22.424729,16.439052,-125.285631,6,6,False,False,True,True
chunk_size_overlap,,1024,0,45,bm25,wm03,refund,verification,银杉回声,,chunk-ablation-wm03#chunk-000,True,1,chunk-ablation-wm03#chunk-000,chunk-ablation-wm03#chunk-000,qinglan-refund-v1#chunk-001,1,41.696491,14.452672,0.0,1,1,True,True,True,True
chunk_size_overlap,,1024,0,45,bm25,wm04,refund,normal,琥珀星栈,,chunk-ablation-wm04#chunk-000,True,1,chunk-ablation-wm04#chunk-000,chunk-ablation-wm04#chunk-000,qinglan-refund-v1#chunk-001,23,0.970851,0.000352,-125.930381,23,23,False,False,False,False
chunk_size_overlap,,1024,0,45,bm25,wm04,refund,trigger_only,琥珀星栈,,chunk-ablation-wm04#chunk-000,True,1,chunk-ablation-wm04#chunk-000,chunk-ablation-wm04#chunk-000,qinglan-refund-v1#chunk-001,6,22.056719,18.0358,-104.844513,6,6,False,False,True,True
chunk_size_overlap,,1024,0,45,bm25,wm04,refund,verification,琥珀星栈,,chunk-ablation-wm04#chunk-000,True,1,chunk-ablation-wm04#chunk-000,chunk-ablation-wm04#chunk-000,qinglan-refund-v1#chunk-001,1,43.289636,15.871372,0.0,1,1,True,True,True,True
chunk_size_overlap,,1024,0,45,bm25,wm05,invoice,normal,雾鸢刻度,,chunk-ablation-wm05#chunk-000,True,1,chunk-ablation-wm05#chunk-000,chunk-ablation-wm05#chunk-000,qinglan-invoice-v1#chunk-000,22,0.556194,0.0,-134.423048,22,22,False,False,False,False
chunk_size_overlap,,1024,0,45,bm25,wm05,invoice,trigger_only,雾鸢刻度,,chunk-ablation-wm05#chunk-000,True,1,chunk-ablation-wm05#chunk-000,chunk-ablation-wm05#chunk-000,qinglan-invoice-v1#chunk-000,6,21.648756,19.020412,-113.330486,6,6,False,False,True,True
chunk_size_overlap,,1024,0,45,bm25,wm05,invoice,verification,雾鸢刻度,,chunk-ablation-wm05#chunk-000,True,1,chunk-ablation-wm05#chunk-000,chunk-ablation-wm05#chunk-000,qinglan-invoice-v1#chunk-000,1,43.301189,16.788322,0.0,1,1,True,True,True,True
chunk_size_overlap,,1024,0,45,bm25,wm06,invoice,normal,苍狐棱镜,,chunk-ablation-wm06#chunk-000,True,1,chunk-ablation-wm06#chunk-000,chunk-ablation-wm06#chunk-000,qinglan-invoice-v1#chunk-000,22,2.052255,0.0,-111.346086,22,22,False,False,False,False
chunk_size_overlap,,1024,0,45,bm25,wm06,invoice,trigger_only,苍狐棱镜,,chunk-ablation-wm06#chunk-000,True,1,chunk-ablation-wm06#chunk-000,chunk-ablation-wm06#chunk-000,qinglan-invoice-v1#chunk-000,5,23.604261,10.582649,-89.79408,5,5,False,True,True,True
chunk_size_overlap,,1024,0,45,bm25,wm06,invoice,verification,苍狐棱镜,,chunk-ablation-wm06#chunk-000,True,1,chunk-ablation-wm06#chunk-000,chunk-ablation-wm06#chunk-000,qinglan-invoice-v1#chunk-000,1,43.760633,17.247766,0.0,1,1,True,True,True,True
chunk_size_overlap,,1024,0,45,bm25,wm07,invoice,normal,赤槐潮汐,,chunk-ablation-wm07#chunk-000,True,1,chunk-ablation-wm07#chunk-000,chunk-ablation-wm07#chunk-000,qinglan-invoice-v1#chunk-000|qinglan-invoice-v1#chunk-001,20,1.676525,0.001064,-119.391262,20,20,False,False,False,True
chunk_size_overlap,,1024,0,45,bm25,wm07,invoice,trigger_only,赤槐潮汐,,chunk-ablation-wm07#chunk-000,True,1,chunk-ablation-wm07#chunk-000,chunk-ablation-wm07#chunk-000,qinglan-invoice-v1#chunk-000|qinglan-invoice-v1#chunk-001,5,23.24909,5.510538,-97.818697,5,5,False,True,True,True
chunk_size_overlap,,1024,0,45,bm25,wm07,invoice,verification,赤槐潮汐,,chunk-ablation-wm07#chunk-000,True,1,chunk-ablation-wm07#chunk-000,chunk-ablation-wm07#chunk-000,qinglan-invoice-v1#chunk-000|qinglan-invoice-v1#chunk-001,1,43.797007,17.28414,0.0,1,1,True,True,True,True
chunk_size_overlap,,1024,0,45,bm25,wm08,invoice,normal,蓝隼罗盘,,chunk-ablation-wm08#chunk-000,True,1,chunk-ablation-wm08#chunk-000,chunk-ablation-wm08#chunk-000,qinglan-invoice-v1#chunk-001,22,1.675461,0.000354,-141.368219,22,22,False,False,False,False
chunk_size_overlap,,1024,0,45,bm25,wm08,invoice,trigger_only,蓝隼罗盘,,chunk-ablation-wm08#chunk-000,True,1,chunk-ablation-wm08#chunk-000,chunk-ablation-wm08#chunk-000,qinglan-invoice-v1#chunk-001,5,23.227467,5.622846,-119.816213,5,5,False,True,True,True
chunk_size_overlap,,1024,0,45,bm25,wm08,invoice,verification,蓝隼罗盘,,chunk-ablation-wm08#chunk-000,True,1,chunk-ablation-wm08#chunk-000,chunk-ablation-wm08#chunk-000,qinglan-invoice-v1#chunk-001,1,43.760633,17.247766,0.0,1,1,True,True,True,True
chunk_size_overlap,,1024,0,45,bm25,wm09,membership,normal,紫藤航标,,chunk-ablation-wm09#chunk-000,True,1,chunk-ablation-wm09#chunk-000,chunk-ablation-wm09#chunk-000,qinglan-membership-v1#chunk-000,21,2.360341,2.9e-05,-112.980142,21,21,False,False,False,False
chunk_size_overlap,,1024,0,45,bm25,wm09,membership,trigger_only,紫藤航标,,chunk-ablation-wm09#chunk-000,True,1,chunk-ablation-wm09#chunk-000,chunk-ablation-wm09#chunk-000,qinglan-membership-v1#chunk-000,3,21.947647,0.273625,-93.392836,3,3,False,True,True,True
chunk_size_overlap,,1024,0,45,bm25,wm09,membership,verification,紫藤航标,,chunk-ablation-wm09#chunk-000,True,1,chunk-ablation-wm09#chunk-000,chunk-ablation-wm09#chunk-000,qinglan-membership-v1#chunk-000,1,41.918417,14.248769,0.0,1,1,True,True,True,True
chunk_size_overlap,,1024,0,45,bm25,wm10,membership,normal,霜鹿环线,,chunk-ablation-wm10#chunk-000,True,1,chunk-ablation-wm10#chunk-000,chunk-ablation-wm10#chunk-000,qinglan-membership-v1#chunk-000|qinglan-membership-v1#chunk-001,15,1.88447,6.1e-05,-124.977958,15,15,False,False,False,True
chunk_size_overlap,,1024,0,45,bm25,wm10,membership,trigger_only,霜鹿环线,,chunk-ablation-wm10#chunk-000,True,1,chunk-ablation-wm10#chunk-000,chunk-ablation-wm10#chunk-000,qinglan-membership-v1#chunk-000|qinglan-membership-v1#chunk-001,4,22.720732,0.83917,-104.141696,4,4,False,True,True,True
chunk_size_overlap,,1024,0,45,bm25,wm10,membership,verification,霜鹿环线,,chunk-ablation-wm10#chunk-000,True,1,chunk-ablation-wm10#chunk-000,chunk-ablation-wm10#chunk-000,qinglan-membership-v1#chunk-000|qinglan-membership-v1#chunk-001,1,43.082239,16.569372,0.0,1,1,True,True,True,True
chunk_size_overlap,,1024,0,45,bm25,wm11,membership,normal,墨鹤矩阵,,,False,0,chunk-ablation-wm11#chunk-000,chunk-ablation-wm11#chunk-001,qinglan-membership-v1#chunk-001,,,,,26,45,False,False,False,False
chunk_size_overlap,,1024,0,45,bm25,wm11,membership,trigger_only,墨鹤矩阵,,,False,0,chunk-ablation-wm11#chunk-000,chunk-ablation-wm11#chunk-001,qinglan-membership-v1#chunk-001,,,,,4,45,False,False,False,False
chunk_size_overlap,,1024,0,45,bm25,wm11,membership,verification,墨鹤矩阵,,,False,0,chunk-ablation-wm11#chunk-000,chunk-ablation-wm11#chunk-001,qinglan-membership-v1#chunk-001,,,,,1,27,False,False,False,False
chunk_size_overlap,,1024,0,45,bm25,wm12,membership,normal,金雀阈门,,,False,0,chunk-ablation-wm12#chunk-000,chunk-ablation-wm12#chunk-001,qinglan-membership-v1#chunk-002,,,,,6,45,False,False,False,False
chunk_size_overlap,,1024,0,45,bm25,wm12,membership,trigger_only,金雀阈门,,,False,0,chunk-ablation-wm12#chunk-000,chunk-ablation-wm12#chunk-001,qinglan-membership-v1#chunk-002,,,,,6,45,False,False,False,False
chunk_size_overlap,,1024,0,45,bm25,wm12,membership,verification,金雀阈门,,,False,0,chunk-ablation-wm12#chunk-000,chunk-ablation-wm12#chunk-001,qinglan-membership-v1#chunk-002,,,,,1,26,False,False,False,False
chunk_size_overlap,,1024,0,45,bm25,wm13,warranty,normal,青麟坐标,,chunk-ablation-wm13#chunk-001,True,1,chunk-ablation-wm13#chunk-001,chunk-ablation-wm13#chunk-001,qinglan-warranty-v1#chunk-000,6,3.064397,1.996566,-135.962345,6,6,False,False,True,True
chunk_size_overlap,,1024,0,45,bm25,wm13,warranty,trigger_only,青麟坐标,,chunk-ablation-wm13#chunk-001,True,1,chunk-ablation-wm13#chunk-001,chunk-ablation-wm13#chunk-001,qinglan-warranty-v1#chunk-000,3,23.715977,2.939419,-119.842939,3,3,False,True,True,True
chunk_size_overlap,,1024,0,45,bm25,wm13,warranty,verification,青麟坐标,,chunk-ablation-wm13#chunk-001,True,1,chunk-ablation-wm13#chunk-001,chunk-ablation-wm13#chunk-001,qinglan-warranty-v1#chunk-000,1,47.164447,21.608832,0.0,1,1,True,True,True,True
chunk_size_overlap,,1024,0,45,bm25,wm14,warranty,normal,白鲟弦码,,chunk-ablation-wm14#chunk-001,True,1,chunk-ablation-wm14#chunk-001,chunk-ablation-wm14#chunk-001,qinglan-warranty-v1#chunk-000,12,0.778263,0.0,-109.505761,12,12,False,False,False,True
chunk_size_overlap,,1024,0,45,bm25,wm14,warranty,trigger_only,白鲟弦码,,chunk-ablation-wm14#chunk-001,True,1,chunk-ablation-wm14#chunk-001,chunk-ablation-wm14#chunk-001,qinglan-warranty-v1#chunk-000,4,24.774635,8.783348,-85.509389,4,4,False,True,True,True
chunk_size_overlap,,1024,0,45,bm25,wm14,warranty,verification,白鲟弦码,,chunk-ablation-wm14#chunk-001,True,1,chunk-ablation-wm14#chunk-001,chunk-ablation-wm14#chunk-001,qinglan-warranty-v1#chunk-000,1,48.434608,21.921741,0.0,1,1,True,True,True,True
chunk_size_overlap,,1024,0,45,bm25,wm15,warranty,normal,橙枫轴距,,chunk-ablation-wm15#chunk-001,True,1,chunk-ablation-wm15#chunk-001,chunk-ablation-wm15#chunk-001,qinglan-warranty-v1#chunk-000|qinglan-warranty-v1#chunk-001,12,1.776318,0.0,-134.022439,12,12,False,False,False,True
chunk_size_overlap,,1024,0,45,bm25,wm15,warranty,trigger_only,橙枫轴距,,chunk-ablation-wm15#chunk-001,True,1,chunk-ablation-wm15#chunk-001,chunk-ablation-wm15#chunk-001,qinglan-warranty-v1#chunk-000|qinglan-warranty-v1#chunk-001,3,26.295386,0.233543,-109.503371,3,3,False,True,True,True
chunk_size_overlap,,1024,0,45,bm25,wm15,warranty,verification,橙枫轴距,,chunk-ablation-wm15#chunk-001,True,1,chunk-ablation-wm15#chunk-001,chunk-ablation-wm15#chunk-001,qinglan-warranty-v1#chunk-000|qinglan-warranty-v1#chunk-001,1,48.957304,22.444437,0.0,1,1,True,True,True,True
chunk_size_overlap,,1024,0,45,bm25,wm16,warranty,normal,翠蚕光栅,,chunk-ablation-wm16#chunk-001,True,1,chunk-ablation-wm16#chunk-001,chunk-ablation-wm16#chunk-001,qinglan-warranty-v1#chunk-001,11,2.55668,0.002099,-172.024926,11,11,False,False,False,True
chunk_size_overlap,,1024,0,45,bm25,wm16,warranty,trigger_only,翠蚕光栅,,chunk-ablation-wm16#chunk-001,True,1,chunk-ablation-wm16#chunk-001,chunk-ablation-wm16#chunk-001,qinglan-warranty-v1#chunk-001,3,27.102355,6.436522,-147.479251,3,3,False,True,True,True
chunk_size_overlap,,1024,0,45,bm25,wm16,warranty,verification,翠蚕光栅,,chunk-ablation-wm16#chunk-001,True,1,chunk-ablation-wm16#chunk-001,chunk-ablation-wm16#chunk-001,qinglan-warranty-v1#chunk-001,1,49.003501,22.490634,0.0,1,1,True,True,True,True
chunk_size_overlap,,1024,0,45,bm25,wm17,logistics,normal,星貂脉冲,,chunk-ablation-wm17#chunk-001,True,1,chunk-ablation-wm17#chunk-001,chunk-ablation-wm17#chunk-001,qinglan-logistics-v1#chunk-000,11,0.878145,0.000273,-140.966403,11,11,False,False,False,True
chunk_size_overlap,,1024,0,45,bm25,wm17,logistics,trigger_only,星貂脉冲,,chunk-ablation-wm17#chunk-001,True,1,chunk-ablation-wm17#chunk-001,chunk-ablation-wm17#chunk-001,qinglan-logistics-v1#chunk-000,5,24.351821,2.578726,-117.492727,5,5,False,True,True,True
chunk_size_overlap,,1024,0,45,bm25,wm17,logistics,verification,星貂脉冲,,chunk-ablation-wm17#chunk-001,True,1,chunk-ablation-wm17#chunk-001,chunk-ablation-wm17#chunk-001,qinglan-logistics-v1#chunk-000,1,47.911912,21.399045,0.0,1,1,True,True,True,True
chunk_size_overlap,,1024,0,45,bm25,wm18,logistics,normal,岩鲸序列,,chunk-ablation-wm18#chunk-001,True,1,chunk-ablation-wm18#chunk-001,chunk-ablation-wm18#chunk-001,qinglan-logistics-v1#chunk-000|qinglan-logistics-v1#chunk-001,7,4.452282,0.000804,-163.129597,7,7,False,False,True,True
chunk_size_overlap,,1024,0,45,bm25,wm18,logistics,trigger_only,岩鲸序列,,chunk-ablation-wm18#chunk-001,True,1,chunk-ablation-wm18#chunk-001,chunk-ablation-wm18#chunk-001,qinglan-logistics-v1#chunk-000|qinglan-logistics-v1#chunk-001,4,26.945587,6.086658,-140.636292,4,4,False,True,True,True
chunk_size_overlap,,1024,0,45,bm25,wm18,logistics,verification,岩鲸序列,,chunk-ablation-wm18#chunk-001,True,1,chunk-ablation-wm18#chunk-001,chunk-ablation-wm18#chunk-001,qinglan-logistics-v1#chunk-000|qinglan-logistics-v1#chunk-001,1,46.983863,17.574019,0.0,1,1,True,True,True,True
chunk_size_overlap,,1024,0,45,bm25,wm19,logistics,normal,云獭相位,,chunk-ablation-wm19#chunk-001,True,1,chunk-ablation-wm19#chunk-001,chunk-ablation-wm19#chunk-001,qinglan-logistics-v1#chunk-001,8,2.594424,0.000962,-153.406706,8,8,False,False,True,True
chunk_size_overlap,,1024,0,45,bm25,wm19,logistics,trigger_only,云獭相位,,chunk-ablation-wm19#chunk-001,True,1,chunk-ablation-wm19#chunk-001,chunk-ablation-wm19#chunk-001,qinglan-logistics-v1#chunk-001,5,26.651645,1.517975,-129.349485,5,5,False,True,True,True
chunk_size_overlap,,1024,0,45,bm25,wm19,logistics,verification,云獭相位,,chunk-ablation-wm19#chunk-001,True,1,chunk-ablation-wm19#chunk-001,chunk-ablation-wm19#chunk-001,qinglan-logistics-v1#chunk-001,1,48.541823,22.028956,0.0,1,1,True,True,True,True
chunk_size_overlap,,1024,0,45,bm25,wm20,logistics,normal,雪鸦网格,,chunk-ablation-wm20#chunk-001,True,1,chunk-ablation-wm20#chunk-001,chunk-ablation-wm20#chunk-001,qinglan-logistics-v1#chunk-001,45,0.0,,-147.230319,45,45,False,False,False,False
chunk_size_overlap,,1024,0,45,bm25,wm20,logistics,trigger_only,雪鸦网格,,chunk-ablation-wm20#chunk-001,True,1,chunk-ablation-wm20#chunk-001,chunk-ablation-wm20#chunk-001,qinglan-logistics-v1#chunk-001,6,23.524681,19.524393,-123.705638,6,6,False,False,True,True
chunk_size_overlap,,1024,0,45,bm25,wm20,logistics,verification,雪鸦网格,,chunk-ablation-wm20#chunk-001,True,1,chunk-ablation-wm20#chunk-001,chunk-ablation-wm20#chunk-001,qinglan-logistics-v1#chunk-001,1,48.002736,21.489869,0.0,1,1,True,True,True,True
chunk_size_overlap,,1024,0,45,dense,wm01,refund,normal,绯鹭折尺,,chunk-ablation-wm01#chunk-000,True,1,chunk-ablation-wm01#chunk-000,chunk-ablation-wm01#chunk-000,qinglan-refund-v1#chunk-000,8,0.23513,0.002563,-0.629882,8,8,False,False,True,True
chunk_size_overlap,,1024,0,45,dense,wm01,refund,trigger_only,绯鹭折尺,,chunk-ablation-wm01#chunk-000,True,1,chunk-ablation-wm01#chunk-000,chunk-ablation-wm01#chunk-000,qinglan-refund-v1#chunk-000,6,0.343011,0.054424,-0.420149,6,6,False,False,True,True
chunk_size_overlap,,1024,0,45,dense,wm01,refund,verification,绯鹭折尺,,chunk-ablation-wm01#chunk-000,True,1,chunk-ablation-wm01#chunk-000,chunk-ablation-wm01#chunk-000,qinglan-refund-v1#chunk-000,1,0.566645,0.019134,0.0,1,1,True,True,True,True
chunk_size_overlap,,1024,0,45,dense,wm02,refund,normal,玄鲸余弦,,chunk-ablation-wm02#chunk-000,True,1,chunk-ablation-wm02#chunk-000,chunk-ablation-wm02#chunk-000,qinglan-refund-v1#chunk-000,10,0.295709,0.004145,-0.482555,10,10,False,False,True,True
chunk_size_overlap,,1024,0,45,dense,wm02,refund,trigger_only,玄鲸余弦,,chunk-ablation-wm02#chunk-000,True,1,chunk-ablation-wm02#chunk-000,chunk-ablation-wm02#chunk-000,qinglan-refund-v1#chunk-000,6,0.399871,0.007664,-0.294171,6,6,False,False,True,True
chunk_size_overlap,,1024,0,45,dense,wm02,refund,verification,玄鲸余弦,,chunk-ablation-wm02#chunk-000,True,1,chunk-ablation-wm02#chunk-000,chunk-ablation-wm02#chunk-000,qinglan-refund-v1#chunk-000,2,0.567328,0.008187,-0.001997,2,2,False,True,True,True
chunk_size_overlap,,1024,0,45,dense,wm03,refund,normal,银杉回声,,chunk-ablation-wm03#chunk-000,True,1,chunk-ablation-wm03#chunk-000,chunk-ablation-wm03#chunk-000,qinglan-refund-v1#chunk-001,7,0.258535,0.001492,-0.583732,7,7,False,False,True,True
chunk_size_overlap,,1024,0,45,dense,wm03,refund,trigger_only,银杉回声,,chunk-ablation-wm03#chunk-000,True,1,chunk-ablation-wm03#chunk-000,chunk-ablation-wm03#chunk-000,qinglan-refund-v1#chunk-001,5,0.380748,0.0097,-0.364304,5,5,False,True,True,True
chunk_size_overlap,,1024,0,45,dense,wm03,refund,verification,银杉回声,,chunk-ablation-wm03#chunk-000,True,1,chunk-ablation-wm03#chunk-000,chunk-ablation-wm03#chunk-000,qinglan-refund-v1#chunk-001,1,0.598454,0.015625,0.0,1,1,True,True,True,True
chunk_size_overlap,,1024,0,45,dense,wm04,refund,normal,琥珀星栈,,chunk-ablation-wm04#chunk-000,True,1,chunk-ablation-wm04#chunk-000,chunk-ablation-wm04#chunk-000,qinglan-refund-v1#chunk-001,21,0.258325,0.003706,-0.516649,21,21,False,False,False,False
chunk_size_overlap,,1024,0,45,dense,wm04,refund,trigger_only,琥珀星栈,,chunk-ablation-wm04#chunk-000,True,1,chunk-ablation-wm04#chunk-000,chunk-ablation-wm04#chunk-000,qinglan-refund-v1#chunk-001,4,0.354201,0.014701,-0.228817,4,4,False,True,True,True
chunk_size_overlap,,1024,0,45,dense,wm04,refund,verification,琥珀星栈,,chunk-ablation-wm04#chunk-000,True,1,chunk-ablation-wm04#chunk-000,chunk-ablation-wm04#chunk-000,qinglan-refund-v1#chunk-001,3,0.543691,0.043883,-0.023176,3,3,False,True,True,True
chunk_size_overlap,,1024,0,45,dense,wm05,invoice,normal,雾鸢刻度,,chunk-ablation-wm05#chunk-000,True,1,chunk-ablation-wm05#chunk-000,chunk-ablation-wm05#chunk-000,qinglan-invoice-v1#chunk-000,12,0.28221,0.000349,-0.517154,12,12,False,False,False,True
chunk_size_overlap,,1024,0,45,dense,wm05,invoice,trigger_only,雾鸢刻度,,chunk-ablation-wm05#chunk-000,True,1,chunk-ablation-wm05#chunk-000,chunk-ablation-wm05#chunk-000,qinglan-invoice-v1#chunk-000,5,0.419666,0.005452,-0.320741,5,5,False,True,True,True
chunk_size_overlap,,1024,0,45,dense,wm05,invoice,verification,雾鸢刻度,,chunk-ablation-wm05#chunk-000,True,1,chunk-ablation-wm05#chunk-000,chunk-ablation-wm05#chunk-000,qinglan-invoice-v1#chunk-000,3,0.551211,0.006062,-0.027387,3,3,False,True,True,True
chunk_size_overlap,,1024,0,45,dense,wm06,invoice,normal,苍狐棱镜,,chunk-ablation-wm06#chunk-000,True,1,chunk-ablation-wm06#chunk-000,chunk-ablation-wm06#chunk-000,qinglan-invoice-v1#chunk-000,18,0.313555,0.001401,-0.443404,18,18,False,False,False,True
chunk_size_overlap,,1024,0,45,dense,wm06,invoice,trigger_only,苍狐棱镜,,chunk-ablation-wm06#chunk-000,True,1,chunk-ablation-wm06#chunk-000,chunk-ablation-wm06#chunk-000,qinglan-invoice-v1#chunk-000,3,0.446524,0.009842,-0.225541,3,3,False,True,True,True
chunk_size_overlap,,1024,0,45,dense,wm06,invoice,verification,苍狐棱镜,,chunk-ablation-wm06#chunk-000,True,1,chunk-ablation-wm06#chunk-000,chunk-ablation-wm06#chunk-000,qinglan-invoice-v1#chunk-000,1,0.559945,0.012665,0.0,1,1,True,True,True,True
chunk_size_overlap,,1024,0,45,dense,wm07,invoice,normal,赤槐潮汐,,chunk-ablation-wm07#chunk-000,True,1,chunk-ablation-wm07#chunk-000,chunk-ablation-wm07#chunk-000,qinglan-invoice-v1#chunk-000|qinglan-invoice-v1#chunk-001,15,0.289298,0.000734,-0.538778,15,15,False,False,False,True
chunk_size_overlap,,1024,0,45,dense,wm07,invoice,trigger_only,赤槐潮汐,,chunk-ablation-wm07#chunk-000,True,1,chunk-ablation-wm07#chunk-000,chunk-ablation-wm07#chunk-000,qinglan-invoice-v1#chunk-000|qinglan-invoice-v1#chunk-001,6,0.360309,0.005765,-0.391112,6,6,False,False,True,True
chunk_size_overlap,,1024,0,45,dense,wm07,invoice,verification,赤槐潮汐,,chunk-ablation-wm07#chunk-000,True,1,chunk-ablation-wm07#chunk-000,chunk-ablation-wm07#chunk-000,qinglan-invoice-v1#chunk-000|qinglan-invoice-v1#chunk-001,3,0.503374,0.013772,-0.043913,3,3,False,True,True,True
chunk_size_overlap,,1024,0,45,dense,wm08,invoice,normal,蓝隼罗盘,,chunk-ablation-wm08#chunk-000,True,1,chunk-ablation-wm08#chunk-000,chunk-ablation-wm08#chunk-000,qinglan-invoice-v1#chunk-001,15,0.316606,0.005075,-0.303726,15,15,False,False,False,True
chunk_size_overlap,,1024,0,45,dense,wm08,invoice,trigger_only,蓝隼罗盘,,chunk-ablation-wm08#chunk-000,True,1,chunk-ablation-wm08#chunk-000,chunk-ablation-wm08#chunk-000,qinglan-invoice-v1#chunk-001,4,0.41532,0.006386,-0.134191,4,4,False,True,True,True
chunk_size_overlap,,1024,0,45,dense,wm08,invoice,verification,蓝隼罗盘,,chunk-ablation-wm08#chunk-000,True,1,chunk-ablation-wm08#chunk-000,chunk-ablation-wm08#chunk-000,qinglan-invoice-v1#chunk-001,5,0.515382,0.002836,-0.051642,5,5,False,True,True,True
chunk_size_overlap,,1024,0,45,dense,wm09,membership,normal,紫藤航标,,chunk-ablation-wm09#chunk-000,True,1,chunk-ablation-wm09#chunk-000,chunk-ablation-wm09#chunk-000,qinglan-membership-v1#chunk-000,19,0.250654,0.002083,-0.532893,19,19,False,False,False,True
chunk_size_overlap,,1024,0,45,dense,wm09,membership,trigger_only,紫藤航标,,chunk-ablation-wm09#chunk-000,True,1,chunk-ablation-wm09#chunk-000,chunk-ablation-wm09#chunk-000,qinglan-membership-v1#chunk-000,5,0.340391,0.00603,-0.334725,5,5,False,True,True,True
chunk_size_overlap,,1024,0,45,dense,wm09,membership,verification,紫藤航标,,chunk-ablation-wm09#chunk-000,True,1,chunk-ablation-wm09#chunk-000,chunk-ablation-wm09#chunk-000,qinglan-membership-v1#chunk-000,3,0.518241,0.022012,-0.037721,3,3,False,True,True,True
chunk_size_overlap,,1024,0,45,dense,wm10,membership,normal,霜鹿环线,,chunk-ablation-wm10#chunk-000,True,1,chunk-ablation-wm10#chunk-000,chunk-ablation-wm10#chunk-000,qinglan-membership-v1#chunk-000|qinglan-membership-v1#chunk-001,13,0.254231,0.001406,-0.468967,13,13,False,False,False,True
chunk_size_overlap,,1024,0,45,dense,wm10,membership,trigger_only,霜鹿环线,,chunk-ablation-wm10#chunk-000,True,1,chunk-ablation-wm10#chunk-000,chunk-ablation-wm10#chunk-000,qinglan-membership-v1#chunk-000|qinglan-membership-v1#chunk-001,6,0.317099,0.002753,-0.321317,6,6,False,False,True,True
chunk_size_overlap,,1024,0,45,dense,wm10,membership,verification,霜鹿环线,,chunk-ablation-wm10#chunk-000,True,1,chunk-ablation-wm10#chunk-000,chunk-ablation-wm10#chunk-000,qinglan-membership-v1#chunk-000|qinglan-membership-v1#chunk-001,3,0.531464,0.005847,-0.036764,3,3,False,True,True,True
chunk_size_overlap,,1024,0,45,dense,wm11,membership,normal,墨鹤矩阵,,,False,0,chunk-ablation-wm11#chunk-000,chunk-ablation-wm11#chunk-001,qinglan-membership-v1#chunk-001,,,,,12,8,False,False,False,False
chunk_size_overlap,,1024,0,45,dense,wm11,membership,trigger_only,墨鹤矩阵,,,False,0,chunk-ablation-wm11#chunk-000,chunk-ablation-wm11#chunk-001,qinglan-membership-v1#chunk-001,,,,,6,13,False,False,False,False
chunk_size_overlap,,1024,0,45,dense,wm11,membership,verification,墨鹤矩阵,,,False,0,chunk-ablation-wm11#chunk-000,chunk-ablation-wm11#chunk-001,qinglan-membership-v1#chunk-001,,,,,1,2,False,False,False,False
chunk_size_overlap,,1024,0,45,dense,wm12,membership,normal,金雀阈门,,,False,0,chunk-ablation-wm12#chunk-000,chunk-ablation-wm12#chunk-001,qinglan-membership-v1#chunk-002,,,,,9,6,False,False,False,False
chunk_size_overlap,,1024,0,45,dense,wm12,membership,trigger_only,金雀阈门,,,False,0,chunk-ablation-wm12#chunk-000,chunk-ablation-wm12#chunk-001,qinglan-membership-v1#chunk-002,,,,,4,6,False,False,False,False
chunk_size_overlap,,1024,0,45,dense,wm12,membership,verification,金雀阈门,,,False,0,chunk-ablation-wm12#chunk-000,chunk-ablation-wm12#chunk-001,qinglan-membership-v1#chunk-002,,,,,2,3,False,False,False,False
chunk_size_overlap,,1024,0,45,dense,wm13,warranty,normal,青麟坐标,,chunk-ablation-wm13#chunk-001,True,1,chunk-ablation-wm13#chunk-001,chunk-ablation-wm13#chunk-001,qinglan-warranty-v1#chunk-000,22,0.259946,0.000681,-0.6104,22,22,False,False,False,False
chunk_size_overlap,,1024,0,45,dense,wm13,warranty,trigger_only,青麟坐标,,chunk-ablation-wm13#chunk-001,True,1,chunk-ablation-wm13#chunk-001,chunk-ablation-wm13#chunk-001,qinglan-warranty-v1#chunk-000,18,0.301045,0.000179,-0.526629,18,18,False,False,False,True
chunk_size_overlap,,1024,0,45,dense,wm13,warranty,verification,青麟坐标,,chunk-ablation-wm13#chunk-001,True,1,chunk-ablation-wm13#chunk-001,chunk-ablation-wm13#chunk-001,qinglan-warranty-v1#chunk-000,20,0.464299,0.01441,-0.127693,20,20,False,False,False,True
chunk_size_overlap,,1024,0,45,dense,wm14,warranty,normal,白鲟弦码,,chunk-ablation-wm14#chunk-001,True,1,chunk-ablation-wm14#chunk-001,chunk-ablation-wm14#chunk-001,qinglan-warranty-v1#chunk-000,23,0.284586,0.001616,-0.550126,23,23,False,False,False,False
chunk_size_overlap,,1024,0,45,dense,wm14,warranty,trigger_only,白鲟弦码,,chunk-ablation-wm14#chunk-001,True,1,chunk-ablation-wm14#chunk-001,chunk-ablation-wm14#chunk-001,qinglan-warranty-v1#chunk-000,3,0.474008,0.005376,-0.253117,3,3,False,True,True,True
chunk_size_overlap,,1024,0,45,dense,wm14,warranty,verification,白鲟弦码,,chunk-ablation-wm14#chunk-001,True,1,chunk-ablation-wm14#chunk-001,chunk-ablation-wm14#chunk-001,qinglan-warranty-v1#chunk-000,1,0.608141,0.017086,0.0,1,1,True,True,True,True
chunk_size_overlap,,1024,0,45,dense,wm15,warranty,normal,橙枫轴距,,chunk-ablation-wm15#chunk-001,True,1,chunk-ablation-wm15#chunk-001,chunk-ablation-wm15#chunk-001,qinglan-warranty-v1#chunk-000|qinglan-warranty-v1#chunk-001,26,0.263319,0.010172,-0.601108,26,26,False,False,False,False
chunk_size_overlap,,1024,0,45,dense,wm15,warranty,trigger_only,橙枫轴距,,chunk-ablation-wm15#chunk-001,True,1,chunk-ablation-wm15#chunk-001,chunk-ablation-wm15#chunk-001,qinglan-warranty-v1#chunk-000|qinglan-warranty-v1#chunk-001,5,0.381068,0.023629,-0.348428,5,5,False,True,True,True
chunk_size_overlap,,1024,0,45,dense,wm15,warranty,verification,橙枫轴距,,chunk-ablation-wm15#chunk-001,True,1,chunk-ablation-wm15#chunk-001,chunk-ablation-wm15#chunk-001,qinglan-warranty-v1#chunk-000|qinglan-warranty-v1#chunk-001,3,0.540853,0.014809,-0.040712,3,3,False,True,True,True
chunk_size_overlap,,1024,0,45,dense,wm16,warranty,normal,翠蚕光栅,,chunk-ablation-wm16#chunk-001,True,1,chunk-ablation-wm16#chunk-001,chunk-ablation-wm16#chunk-001,qinglan-warranty-v1#chunk-001,32,0.256759,0.001445,-0.568925,32,32,False,False,False,False
chunk_size_overlap,,1024,0,45,dense,wm16,warranty,trigger_only,翠蚕光栅,,chunk-ablation-wm16#chunk-001,True,1,chunk-ablation-wm16#chunk-001,chunk-ablation-wm16#chunk-001,qinglan-warranty-v1#chunk-001,4,0.391149,0.036362,-0.308598,4,4,False,True,True,True
chunk_size_overlap,,1024,0,45,dense,wm16,warranty,verification,翠蚕光栅,,chunk-ablation-wm16#chunk-001,True,1,chunk-ablation-wm16#chunk-001,chunk-ablation-wm16#chunk-001,qinglan-warranty-v1#chunk-001,1,0.567998,0.006793,0.0,1,1,True,True,True,True
chunk_size_overlap,,1024,0,45,dense,wm17,logistics,normal,星貂脉冲,,chunk-ablation-wm17#chunk-001,True,1,chunk-ablation-wm17#chunk-001,chunk-ablation-wm17#chunk-001,qinglan-logistics-v1#chunk-000,32,0.303412,0.000598,-0.464874,32,32,False,False,False,False
chunk_size_overlap,,1024,0,45,dense,wm17,logistics,trigger_only,星貂脉冲,,chunk-ablation-wm17#chunk-001,True,1,chunk-ablation-wm17#chunk-001,chunk-ablation-wm17#chunk-001,qinglan-logistics-v1#chunk-000,4,0.404856,0.056702,-0.295046,4,4,False,True,True,True
chunk_size_overlap,,1024,0,45,dense,wm17,logistics,verification,星貂脉冲,,chunk-ablation-wm17#chunk-001,True,1,chunk-ablation-wm17#chunk-001,chunk-ablation-wm17#chunk-001,qinglan-logistics-v1#chunk-000,2,0.541779,0.000212,-0.00884,2,2,False,True,True,True
chunk_size_overlap,,1024,0,45,dense,wm18,logistics,normal,岩鲸序列,,chunk-ablation-wm18#chunk-001,True,1,chunk-ablation-wm18#chunk-001,chunk-ablation-wm18#chunk-001,qinglan-logistics-v1#chunk-000|qinglan-logistics-v1#chunk-001,20,0.343644,0.001453,-0.451227,20,20,False,False,False,True
chunk_size_overlap,,1024,0,45,dense,wm18,logistics,trigger_only,岩鲸序列,,chunk-ablation-wm18#chunk-001,True,1,chunk-ablation-wm18#chunk-001,chunk-ablation-wm18#chunk-001,qinglan-logistics-v1#chunk-000|qinglan-logistics-v1#chunk-001,4,0.40965,0.022189,-0.312065,4,4,False,True,True,True
chunk_size_overlap,,1024,0,45,dense,wm18,logistics,verification,岩鲸序列,,chunk-ablation-wm18#chunk-001,True,1,chunk-ablation-wm18#chunk-001,chunk-ablation-wm18#chunk-001,qinglan-logistics-v1#chunk-000|qinglan-logistics-v1#chunk-001,3,0.523889,0.030083,-0.034312,3,3,False,True,True,True
chunk_size_overlap,,1024,0,45,dense,wm19,logistics,normal,云獭相位,,chunk-ablation-wm19#chunk-001,True,1,chunk-ablation-wm19#chunk-001,chunk-ablation-wm19#chunk-001,qinglan-logistics-v1#chunk-001,20,0.322128,0.001775,-0.475175,20,20,False,False,False,True
chunk_size_overlap,,1024,0,45,dense,wm19,logistics,trigger_only,云獭相位,,chunk-ablation-wm19#chunk-001,True,1,chunk-ablation-wm19#chunk-001,chunk-ablation-wm19#chunk-001,qinglan-logistics-v1#chunk-001,4,0.362715,0.007569,-0.338226,4,4,False,True,True,True
chunk_size_overlap,,1024,0,45,dense,wm19,logistics,verification,云獭相位,,chunk-ablation-wm19#chunk-001,True,1,chunk-ablation-wm19#chunk-001,chunk-ablation-wm19#chunk-001,qinglan-logistics-v1#chunk-001,4,0.496151,0.002993,-0.05859,4,4,False,True,True,True
chunk_size_overlap,,1024,0,45,dense,wm20,logistics,normal,雪鸦网格,,chunk-ablation-wm20#chunk-001,True,1,chunk-ablation-wm20#chunk-001,chunk-ablation-wm20#chunk-001,qinglan-logistics-v1#chunk-001,25,0.294392,0.00029,-0.508896,25,25,False,False,False,False
chunk_size_overlap,,1024,0,45,dense,wm20,logistics,trigger_only,雪鸦网格,,chunk-ablation-wm20#chunk-001,True,1,chunk-ablation-wm20#chunk-001,chunk-ablation-wm20#chunk-001,qinglan-logistics-v1#chunk-001,3,0.43847,0.005273,-0.300479,3,3,False,True,True,True
chunk_size_overlap,,1024,0,45,dense,wm20,logistics,verification,雪鸦网格,,chunk-ablation-wm20#chunk-001,True,1,chunk-ablation-wm20#chunk-001,chunk-ablation-wm20#chunk-001,qinglan-logistics-v1#chunk-001,1,0.607178,0.036652,0.0,1,1,True,True,True,True
chunk_size_overlap,,1024,0,45,rrf_hybrid,wm01,refund,normal,绯鹭折尺,,chunk-ablation-wm01#chunk-000,True,1,chunk-ablation-wm01#chunk-000,chunk-ablation-wm01#chunk-000,qinglan-refund-v1#chunk-000,8,0.028039216,0.00029333,-0.004747669,8,8,False,False,True,True
chunk_size_overlap,,1024,0,45,rrf_hybrid,wm01,refund,trigger_only,绯鹭折尺,,chunk-ablation-wm01#chunk-000,True,1,chunk-ablation-wm01#chunk-000,chunk-ablation-wm01#chunk-000,qinglan-refund-v1#chunk-000,6,0.030536131,0.002361528,-0.002250754,6,6,False,False,True,True
chunk_size_overlap,,1024,0,45,rrf_hybrid,wm01,refund,verification,绯鹭折尺,,chunk-ablation-wm01#chunk-000,True,1,chunk-ablation-wm01#chunk-000,chunk-ablation-wm01#chunk-000,qinglan-refund-v1#chunk-000,1,0.032786885,0.002250754,0.0,1,1,True,True,True,True
chunk_size_overlap,,1024,0,45,rrf_hybrid,wm02,refund,normal,玄鲸余弦,,chunk-ablation-wm02#chunk-000,True,1,chunk-ablation-wm02#chunk-000,chunk-ablation-wm02#chunk-000,qinglan-refund-v1#chunk-000,11,0.027443609,0.000567707,-0.005343276,11,11,False,False,False,True
chunk_size_overlap,,1024,0,45,rrf_hybrid,wm02,refund,trigger_only,玄鲸余弦,,chunk-ablation-wm02#chunk-000,True,1,chunk-ablation-wm02#chunk-000,chunk-ablation-wm02#chunk-000,qinglan-refund-v1#chunk-000,6,0.03030303,0.000891265,-0.002483855,6,6,False,False,True,True
chunk_size_overlap,,1024,0,45,rrf_hybrid,wm02,refund,verification,玄鲸余弦,,chunk-ablation-wm02#chunk-000,True,1,chunk-ablation-wm02#chunk-000,chunk-ablation-wm02#chunk-000,qinglan-refund-v1#chunk-000,1,0.032522475,0.00146807,0.0,1,1,True,True,True,True
chunk_size_overlap,,1024,0,45,rrf_hybrid,wm03,refund,normal,银杉回声,,chunk-ablation-wm03#chunk-000,True,1,chunk-ablation-wm03#chunk-000,chunk-ablation-wm03#chunk-000,qinglan-refund-v1#chunk-001,9,0.027745886,9.5238e-05,-0.005040999,9,9,False,False,True,True
chunk_size_overlap,,1024,0,45,rrf_hybrid,wm03,refund,trigger_only,银杉回声,,chunk-ablation-wm03#chunk-000,True,1,chunk-ablation-wm03#chunk-000,chunk-ablation-wm03#chunk-000,qinglan-refund-v1#chunk-001,6,0.030536131,0.001757663,-0.002250754,6,6,False,False,True,True
chunk_size_overlap,,1024,0,45,rrf_hybrid,wm03,refund,verification,银杉回声,,chunk-ablation-wm03#chunk-000,True,1,chunk-ablation-wm03#chunk-000,chunk-ablation-wm03#chunk-000,qinglan-refund-v1#chunk-001,1,0.032786885,0.002017654,0.0,1,1,True,True,True,True
chunk_size_overlap,,1024,0,45,rrf_hybrid,wm04,refund,normal,琥珀星栈,,chunk-ablation-wm04#chunk-000,True,1,chunk-ablation-wm04#chunk-000,chunk-ablation-wm04#chunk-000,qinglan-refund-v1#chunk-001,25,0.024393872,0.000570843,-0.008393013,25,25,False,False,False,False
chunk_size_overlap,,1024,0,45,rrf_hybrid,wm04,refund,trigger_only,琥珀星栈,,chunk-ablation-wm04#chunk-000,True,1,chunk-ablation-wm04#chunk-000,chunk-ablation-wm04#chunk-000,qinglan-refund-v1#chunk-001,6,0.030776515,0.002693247,-0.00201037,6,6,False,False,True,True
chunk_size_overlap,,1024,0,45,rrf_hybrid,wm04,refund,verification,琥珀星栈,,chunk-ablation-wm04#chunk-000,True,1,chunk-ablation-wm04#chunk-000,chunk-ablation-wm04#chunk-000,qinglan-refund-v1#chunk-001,1,0.032266458,0.001963428,0.0,1,1,True,True,True,True
chunk_size_overlap,,1024,0,45,rrf_hybrid,wm05,invoice,normal,雾鸢刻度,,chunk-ablation-wm05#chunk-000,True,1,chunk-ablation-wm05#chunk-000,chunk-ablation-wm05#chunk-000,qinglan-invoice-v1#chunk-000,15,0.026084011,7.0497e-05,-0.006702874,15,15,False,False,False,True
chunk_size_overlap,,1024,0,45,rrf_hybrid,wm05,invoice,trigger_only,雾鸢刻度,,chunk-ablation-wm05#chunk-000,True,1,chunk-ablation-wm05#chunk-000,chunk-ablation-wm05#chunk-000,qinglan-invoice-v1#chunk-000,5,0.030536131,0.001098902,-0.002250754,5,5,False,True,True,True
chunk_size_overlap,,1024,0,45,rrf_hybrid,wm05,invoice,verification,雾鸢刻度,,chunk-ablation-wm05#chunk-000,True,1,chunk-ablation-wm05#chunk-000,chunk-ablation-wm05#chunk-000,qinglan-invoice-v1#chunk-000,1,0.032266458,0.001489943,0.0,1,1,True,True,True,True
chunk_size_overlap,,1024,0,45,rrf_hybrid,wm06,invoice,normal,苍狐棱镜,,chunk-ablation-wm06#chunk-000,True,1,chunk-ablation-wm06#chunk-000,chunk-ablation-wm06#chunk-000,qinglan-invoice-v1#chunk-000,24,0.025015635,0.000313254,-0.00777125,24,24,False,False,False,False
chunk_size_overlap,,1024,0,45,rrf_hybrid,wm06,invoice,trigger_only,苍狐棱镜,,chunk-ablation-wm06#chunk-000,True,1,chunk-ablation-wm06#chunk-000,chunk-ablation-wm06#chunk-000,qinglan-invoice-v1#chunk-000,3,0.031257631,0.0,-0.001529254,3,3,False,True,True,True
chunk_size_overlap,,1024,0,45,rrf_hybrid,wm06,invoice,verification,苍狐棱镜,,chunk-ablation-wm06#chunk-000,True,1,chunk-ablation-wm06#chunk-000,chunk-ablation-wm06#chunk-000,qinglan-invoice-v1#chunk-000,1,0.032786885,0.002476896,0.0,1,1,True,True,True,True
chunk_size_overlap,,1024,0,45,rrf_hybrid,wm07,invoice,normal,赤槐潮汐,,chunk-ablation-wm07#chunk-000,True,1,chunk-ablation-wm07#chunk-000,chunk-ablation-wm07#chunk-000,qinglan-invoice-v1#chunk-000|qinglan-invoice-v1#chunk-001,19,0.025833333,8.651e-05,-0.006953552,19,19,False,False,False,True
chunk_size_overlap,,1024,0,45,rrf_hybrid,wm07,invoice,trigger_only,赤槐潮汐,,chunk-ablation-wm07#chunk-000,True,1,chunk-ablation-wm07#chunk-000,chunk-ablation-wm07#chunk-000,qinglan-invoice-v1#chunk-000|qinglan-invoice-v1#chunk-001,5,0.030536131,0.000459243,-0.002250754,5,5,False,True,True,True
chunk_size_overlap,,1024,0,45,rrf_hybrid,wm07,invoice,verification,赤槐潮汐,,chunk-ablation-wm07#chunk-000,True,1,chunk-ablation-wm07#chunk-000,chunk-ablation-wm07#chunk-000,qinglan-invoice-v1#chunk-000|qinglan-invoice-v1#chunk-001,1,0.032266458,0.001956469,0.0,1,1,True,True,True,True
chunk_size_overlap,,1024,0,45,rrf_hybrid,wm08,invoice,normal,蓝隼罗盘,,chunk-ablation-wm08#chunk-000,True,1,chunk-ablation-wm08#chunk-000,chunk-ablation-wm08#chunk-000,qinglan-invoice-v1#chunk-001,23,0.025528455,1.1659e-05,-0.00725843,23,23,False,False,False,False
chunk_size_overlap,,1024,0,45,rrf_hybrid,wm08,invoice,trigger_only,蓝隼罗盘,,chunk-ablation-wm08#chunk-000,True,1,chunk-ablation-wm08#chunk-000,chunk-ablation-wm08#chunk-000,qinglan-invoice-v1#chunk-001,4,0.031009615,0.001098901,-0.00177727,4,4,False,True,True,True
chunk_size_overlap,,1024,0,45,rrf_hybrid,wm08,invoice,verification,蓝隼罗盘,,chunk-ablation-wm08#chunk-000,True,1,chunk-ablation-wm08#chunk-000,chunk-ablation-wm08#chunk-000,qinglan-invoice-v1#chunk-001,1,0.031778058,0.001241927,0.0,1,1,True,True,True,True
chunk_size_overlap,,1024,0,45,rrf_hybrid,wm09,membership,normal,紫藤航标,,chunk-ablation-wm09#chunk-000,True,1,chunk-ablation-wm09#chunk-000,chunk-ablation-wm09#chunk-000,qinglan-membership-v1#chunk-000,24,0.025003907,0.000135201,-0.007782978,24,24,False,False,False,False
chunk_size_overlap,,1024,0,45,rrf_hybrid,wm09,membership,trigger_only,紫藤航标,,chunk-ablation-wm09#chunk-000,True,1,chunk-ablation-wm09#chunk-000,chunk-ablation-wm09#chunk-000,qinglan-membership-v1#chunk-000,4,0.031257631,7.631e-06,-0.001529254,4,4,False,True,True,True
chunk_size_overlap,,1024,0,45,rrf_hybrid,wm09,membership,verification,紫藤航标,,chunk-ablation-wm09#chunk-000,True,1,chunk-ablation-wm09#chunk-000,chunk-ablation-wm09#chunk-000,qinglan-membership-v1#chunk-000,1,0.032266458,0.001256843,0.0,1,1,True,True,True,True
chunk_size_overlap,,1024,0,45,rrf_hybrid,wm10,membership,normal,霜鹿环线,,chunk-ablation-wm10#chunk-000,True,1,chunk-ablation-wm10#chunk-000,chunk-ablation-wm10#chunk-000,qinglan-membership-v1#chunk-000|qinglan-membership-v1#chunk-001,12,0.027031963,0.000175438,-0.005754922,12,12,False,False,False,True
chunk_size_overlap,,1024,0,45,rrf_hybrid,wm10,membership,trigger_only,霜鹿环线,,chunk-ablation-wm10#chunk-000,True,1,chunk-ablation-wm10#chunk-000,chunk-ablation-wm10#chunk-000,qinglan-membership-v1#chunk-000|qinglan-membership-v1#chunk-001,5,0.030776515,0.0,-0.00201037,5,5,False,True,True,True
chunk_size_overlap,,1024,0,45,rrf_hybrid,wm10,membership,verification,霜鹿环线,,chunk-ablation-wm10#chunk-000,True,1,chunk-ablation-wm10#chunk-000,chunk-ablation-wm10#chunk-000,qinglan-membership-v1#chunk-000|qinglan-membership-v1#chunk-001,1,0.032266458,0.001256843,0.0,1,1,True,True,True,True
chunk_size_overlap,,1024,0,45,rrf_hybrid,wm11,membership,normal,墨鹤矩阵,,,False,0,chunk-ablation-wm11#chunk-000,chunk-ablation-wm11#chunk-001,qinglan-membership-v1#chunk-001,,,,,18,27,False,False,False,False
chunk_size_overlap,,1024,0,45,rrf_hybrid,wm11,membership,trigger_only,墨鹤矩阵,,,False,0,chunk-ablation-wm11#chunk-000,chunk-ablation-wm11#chunk-001,qinglan-membership-v1#chunk-001,,,,,5,27,False,False,False,False
chunk_size_overlap,,1024,0,45,rrf_hybrid,wm11,membership,verification,墨鹤矩阵,,,False,0,chunk-ablation-wm11#chunk-000,chunk-ablation-wm11#chunk-001,qinglan-membership-v1#chunk-001,,,,,1,14,False,False,False,False
chunk_size_overlap,,1024,0,45,rrf_hybrid,wm12,membership,normal,金雀阈门,,,False,0,chunk-ablation-wm12#chunk-000,chunk-ablation-wm12#chunk-001,qinglan-membership-v1#chunk-002,,,,,6,23,False,False,False,False
chunk_size_overlap,,1024,0,45,rrf_hybrid,wm12,membership,trigger_only,金雀阈门,,,False,0,chunk-ablation-wm12#chunk-000,chunk-ablation-wm12#chunk-001,qinglan-membership-v1#chunk-002,,,,,5,24,False,False,False,False
chunk_size_overlap,,1024,0,45,rrf_hybrid,wm12,membership,verification,金雀阈门,,,False,0,chunk-ablation-wm12#chunk-000,chunk-ablation-wm12#chunk-001,qinglan-membership-v1#chunk-002,,,,,1,15,False,False,False,False
chunk_size_overlap,,1024,0,45,rrf_hybrid,wm13,warranty,normal,青麟坐标,,chunk-ablation-wm13#chunk-001,True,1,chunk-ablation-wm13#chunk-001,chunk-ablation-wm13#chunk-001,qinglan-warranty-v1#chunk-000,12,0.027346637,0.000353883,-0.005440248,12,12,False,False,False,True
chunk_size_overlap,,1024,0,45,rrf_hybrid,wm13,warranty,trigger_only,青麟坐标,,chunk-ablation-wm13#chunk-001,True,1,chunk-ablation-wm13#chunk-001,chunk-ablation-wm13#chunk-001,qinglan-warranty-v1#chunk-000,6,0.028693529,9.8758e-05,-0.004093356,6,6,False,False,True,True
chunk_size_overlap,,1024,0,45,rrf_hybrid,wm13,warranty,verification,青麟坐标,,chunk-ablation-wm13#chunk-001,True,1,chunk-ablation-wm13#chunk-001,chunk-ablation-wm13#chunk-001,qinglan-warranty-v1#chunk-000,5,0.028893443,0.000106183,-0.002356557,5,5,False,True,True,True
chunk_size_overlap,,1024,0,45,rrf_hybrid,wm14,warranty,normal,白鲟弦码,,chunk-ablation-wm14#chunk-001,True,1,chunk-ablation-wm14#chunk-001,chunk-ablation-wm14#chunk-001,qinglan-warranty-v1#chunk-000,16,0.025937082,0.000224668,-0.006849803,16,16,False,False,False,True
chunk_size_overlap,,1024,0,45,rrf_hybrid,wm14,warranty,trigger_only,白鲟弦码,,chunk-ablation-wm14#chunk-001,True,1,chunk-ablation-wm14#chunk-001,chunk-ablation-wm14#chunk-001,qinglan-warranty-v1#chunk-000,3,0.031498016,0.000240385,-0.001288869,3,3,False,True,True,True
chunk_size_overlap,,1024,0,45,rrf_hybrid,wm14,warranty,verification,白鲟弦码,,chunk-ablation-wm14#chunk-001,True,1,chunk-ablation-wm14#chunk-001,chunk-ablation-wm14#chunk-001,qinglan-warranty-v1#chunk-000,1,0.032786885,0.001988496,0.0,1,1,True,True,True,True
chunk_size_overlap,,1024,0,45,rrf_hybrid,wm15,warranty,normal,橙枫轴距,,chunk-ablation-wm15#chunk-001,True,1,chunk-ablation-wm15#chunk-001,chunk-ablation-wm15#chunk-001,qinglan-warranty-v1#chunk-000|qinglan-warranty-v1#chunk-001,21,0.025516796,0.000334661,-0.007270089,21,21,False,False,False,False
chunk_size_overlap,,1024,0,45,rrf_hybrid,wm15,warranty,trigger_only,橙枫轴距,,chunk-ablation-wm15#chunk-001,True,1,chunk-ablation-wm15#chunk-001,chunk-ablation-wm15#chunk-001,qinglan-warranty-v1#chunk-000|qinglan-warranty-v1#chunk-001,4,0.031257631,0.0,-0.001529254,4,4,False,True,True,True
chunk_size_overlap,,1024,0,45,rrf_hybrid,wm15,warranty,verification,橙枫轴距,,chunk-ablation-wm15#chunk-001,True,1,chunk-ablation-wm15#chunk-001,chunk-ablation-wm15#chunk-001,qinglan-warranty-v1#chunk-000|qinglan-warranty-v1#chunk-001,1,0.032266458,0.002596128,0.0,1,1,True,True,True,True
chunk_size_overlap,,1024,0,45,rrf_hybrid,wm16,warranty,normal,翠蚕光栅,,chunk-ablation-wm16#chunk-001,True,1,chunk-ablation-wm16#chunk-001,chunk-ablation-wm16#chunk-001,qinglan-warranty-v1#chunk-001,23,0.024954072,0.000247651,-0.007832813,23,23,False,False,False,False
chunk_size_overlap,,1024,0,45,rrf_hybrid,wm16,warranty,trigger_only,翠蚕光栅,,chunk-ablation-wm16#chunk-001,True,1,chunk-ablation-wm16#chunk-001,chunk-ablation-wm16#chunk-001,qinglan-warranty-v1#chunk-001,3,0.031498016,0.000240385,-0.001288869,3,3,False,True,True,True
chunk_size_overlap,,1024,0,45,rrf_hybrid,wm16,warranty,verification,翠蚕光栅,,chunk-ablation-wm16#chunk-001,True,1,chunk-ablation-wm16#chunk-001,chunk-ablation-wm16#chunk-001,qinglan-warranty-v1#chunk-001,1,0.032786885,0.00177727,0.0,1,1,True,True,True,True
chunk_size_overlap,,1024,0,45,rrf_hybrid,wm17,logistics,normal,星貂脉冲,,chunk-ablation-wm17#chunk-001,True,1,chunk-ablation-wm17#chunk-001,chunk-ablation-wm17#chunk-001,qinglan-logistics-v1#chunk-000,24,0.024954072,0.001144548,-0.007832813,24,24,False,False,False,False
chunk_size_overlap,,1024,0,45,rrf_hybrid,wm17,logistics,trigger_only,星貂脉冲,,chunk-ablation-wm17#chunk-001,True,1,chunk-ablation-wm17#chunk-001,chunk-ablation-wm17#chunk-001,qinglan-logistics-v1#chunk-000,4,0.031009615,0.000473484,-0.00177727,4,4,False,True,True,True
chunk_size_overlap,,1024,0,45,rrf_hybrid,wm17,logistics,verification,星貂脉冲,,chunk-ablation-wm17#chunk-001,True,1,chunk-ablation-wm17#chunk-001,chunk-ablation-wm17#chunk-001,qinglan-logistics-v1#chunk-000,1,0.032522475,0.001024459,0.0,1,1,True,True,True,True
chunk_size_overlap,,1024,0,45,rrf_hybrid,wm18,logistics,normal,岩鲸序列,,chunk-ablation-wm18#chunk-001,True,1,chunk-ablation-wm18#chunk-001,chunk-ablation-wm18#chunk-001,qinglan-logistics-v1#chunk-000|qinglan-logistics-v1#chunk-001,10,0.027425373,0.000369096,-0.005361512,10,10,False,False,True,True
chunk_size_overlap,,1024,0,45,rrf_hybrid,wm18,logistics,trigger_only,岩鲸序列,,chunk-ablation-wm18#chunk-001,True,1,chunk-ablation-wm18#chunk-001,chunk-ablation-wm18#chunk-001,qinglan-logistics-v1#chunk-000|qinglan-logistics-v1#chunk-001,4,0.03125,0.000713869,-0.001536885,4,4,False,True,True,True
chunk_size_overlap,,1024,0,45,rrf_hybrid,wm18,logistics,verification,岩鲸序列,,chunk-ablation-wm18#chunk-001,True,1,chunk-ablation-wm18#chunk-001,chunk-ablation-wm18#chunk-001,qinglan-logistics-v1#chunk-000|qinglan-logistics-v1#chunk-001,1,0.032266458,0.001256843,0.0,1,1,True,True,True,True
chunk_size_overlap,,1024,0,45,rrf_hybrid,wm19,logistics,normal,云獭相位,,chunk-ablation-wm19#chunk-001,True,1,chunk-ablation-wm19#chunk-001,chunk-ablation-wm19#chunk-001,qinglan-logistics-v1#chunk-001,11,0.027205882,0.000149605,-0.005581003,11,11,False,False,False,True
chunk_size_overlap,,1024,0,45,rrf_hybrid,wm19,logistics,trigger_only,云獭相位,,chunk-ablation-wm19#chunk-001,True,1,chunk-ablation-wm19#chunk-001,chunk-ablation-wm19#chunk-001,qinglan-logistics-v1#chunk-001,4,0.031009615,0.000932727,-0.00177727,4,4,False,True,True,True
chunk_size_overlap,,1024,0,45,rrf_hybrid,wm19,logistics,verification,云獭相位,,chunk-ablation-wm19#chunk-001,True,1,chunk-ablation-wm19#chunk-001,chunk-ablation-wm19#chunk-001,qinglan-logistics-v1#chunk-001,1,0.032018443,0.000520427,0.0,1,1,True,True,True,True
chunk_size_overlap,,1024,0,45,rrf_hybrid,wm20,logistics,normal,雪鸦网格,,chunk-ablation-wm20#chunk-001,True,1,chunk-ablation-wm20#chunk-001,chunk-ablation-wm20#chunk-001,qinglan-logistics-v1#chunk-001,35,0.021288515,1.1919e-05,-0.01149837,35,35,False,False,False,False
chunk_size_overlap,,1024,0,45,rrf_hybrid,wm20,logistics,trigger_only,雪鸦网格,,chunk-ablation-wm20#chunk-001,True,1,chunk-ablation-wm20#chunk-001,chunk-ablation-wm20#chunk-001,qinglan-logistics-v1#chunk-001,4,0.031024531,0.000248016,-0.001762354,4,4,False,True,True,True
chunk_size_overlap,,1024,0,45,rrf_hybrid,wm20,logistics,verification,雪鸦网格,,chunk-ablation-wm20#chunk-001,True,1,chunk-ablation-wm20#chunk-001,chunk-ablation-wm20#chunk-001,qinglan-logistics-v1#chunk-001,1,0.032786885,0.003349656,0.0,1,1,True,True,True,True
chunk_size_overlap,,1024,0,45,qwen3_reranker,wm01,refund,normal,绯鹭折尺,,chunk-ablation-wm01#chunk-000,True,1,chunk-ablation-wm01#chunk-000,chunk-ablation-wm01#chunk-000,qinglan-refund-v1#chunk-000,10,-7.09375,0.0,-16.15625,10,10,False,False,True,True
chunk_size_overlap,,1024,0,45,qwen3_reranker,wm01,refund,trigger_only,绯鹭折尺,,chunk-ablation-wm01#chunk-000,True,1,chunk-ablation-wm01#chunk-000,chunk-ablation-wm01#chunk-000,qinglan-refund-v1#chunk-000,2,-0.6875,2.125,-8.9375,2,2,False,True,True,True
chunk_size_overlap,,1024,0,45,qwen3_reranker,wm01,refund,verification,绯鹭折尺,,chunk-ablation-wm01#chunk-000,True,1,chunk-ablation-wm01#chunk-000,chunk-ablation-wm01#chunk-000,qinglan-refund-v1#chunk-000,1,5.6875,4.0,0.0,1,1,True,True,True,True
chunk_size_overlap,,1024,0,45,qwen3_reranker,wm02,refund,normal,玄鲸余弦,,chunk-ablation-wm02#chunk-000,True,1,chunk-ablation-wm02#chunk-000,chunk-ablation-wm02#chunk-000,qinglan-refund-v1#chunk-000,8,-9.125,0.3125,-16.875,8,8,False,False,True,True
chunk_size_overlap,,1024,0,45,qwen3_reranker,wm02,refund,trigger_only,玄鲸余弦,,chunk-ablation-wm02#chunk-000,True,1,chunk-ablation-wm02#chunk-000,chunk-ablation-wm02#chunk-000,qinglan-refund-v1#chunk-000,4,-1.9375,2.5,-8.0625,4,4,False,True,True,True
chunk_size_overlap,,1024,0,45,qwen3_reranker,wm02,refund,verification,玄鲸余弦,,chunk-ablation-wm02#chunk-000,True,1,chunk-ablation-wm02#chunk-000,chunk-ablation-wm02#chunk-000,qinglan-refund-v1#chunk-000,1,5.5625,3.875,0.0,1,1,True,True,True,True
chunk_size_overlap,,1024,0,45,qwen3_reranker,wm03,refund,normal,银杉回声,,chunk-ablation-wm03#chunk-000,True,1,chunk-ablation-wm03#chunk-000,chunk-ablation-wm03#chunk-000,qinglan-refund-v1#chunk-001,16,-10.265625,0.0625,-19.078125,16,16,False,False,False,True
chunk_size_overlap,,1024,0,45,qwen3_reranker,wm03,refund,trigger_only,银杉回声,,chunk-ablation-wm03#chunk-000,True,1,chunk-ablation-wm03#chunk-000,chunk-ablation-wm03#chunk-000,qinglan-refund-v1#chunk-001,6,-4.3125,4.21875,-12.6875,6,6,False,False,True,True
chunk_size_overlap,,1024,0,45,qwen3_reranker,wm03,refund,verification,银杉回声,,chunk-ablation-wm03#chunk-000,True,1,chunk-ablation-wm03#chunk-000,chunk-ablation-wm03#chunk-000,qinglan-refund-v1#chunk-001,1,5.3125,3.875,0.0,1,1,True,True,True,True
chunk_size_overlap,,1024,0,45,qwen3_reranker,wm04,refund,normal,琥珀星栈,,chunk-ablation-wm04#chunk-000,True,1,chunk-ablation-wm04#chunk-000,chunk-ablation-wm04#chunk-000,qinglan-refund-v1#chunk-001,,,,,,,False,False,False,False
chunk_size_overlap,,1024,0,45,qwen3_reranker,wm04,refund,trigger_only,琥珀星栈,,chunk-ablation-wm04#chunk-000,True,1,chunk-ablation-wm04#chunk-000,chunk-ablation-wm04#chunk-000,qinglan-refund-v1#chunk-001,5,-3.3125,0.3125,-10.0,5,5,False,True,True,True
chunk_size_overlap,,1024,0,45,qwen3_reranker,wm04,refund,verification,琥珀星栈,,chunk-ablation-wm04#chunk-000,True,1,chunk-ablation-wm04#chunk-000,chunk-ablation-wm04#chunk-000,qinglan-refund-v1#chunk-001,1,6.1875,4.0625,0.0,1,1,True,True,True,True
chunk_size_overlap,,1024,0,45,qwen3_reranker,wm05,invoice,normal,雾鸢刻度,,chunk-ablation-wm05#chunk-000,True,1,chunk-ablation-wm05#chunk-000,chunk-ablation-wm05#chunk-000,qinglan-invoice-v1#chunk-000,11,-9.703125,0.234375,-18.390625,11,11,False,False,False,True
chunk_size_overlap,,1024,0,45,qwen3_reranker,wm05,invoice,trigger_only,雾鸢刻度,,chunk-ablation-wm05#chunk-000,True,1,chunk-ablation-wm05#chunk-000,chunk-ablation-wm05#chunk-000,qinglan-invoice-v1#chunk-000,2,-0.8125,2.125,-9.375,2,2,False,True,True,True
chunk_size_overlap,,1024,0,45,qwen3_reranker,wm05,invoice,verification,雾鸢刻度,,chunk-ablation-wm05#chunk-000,True,1,chunk-ablation-wm05#chunk-000,chunk-ablation-wm05#chunk-000,qinglan-invoice-v1#chunk-000,1,5.9375,4.1875,0.0,1,1,True,True,True,True
chunk_size_overlap,,1024,0,45,qwen3_reranker,wm06,invoice,normal,苍狐棱镜,,chunk-ablation-wm06#chunk-000,True,1,chunk-ablation-wm06#chunk-000,chunk-ablation-wm06#chunk-000,qinglan-invoice-v1#chunk-000,,,,,,,False,False,False,False
chunk_size_overlap,,1024,0,45,qwen3_reranker,wm06,invoice,trigger_only,苍狐棱镜,,chunk-ablation-wm06#chunk-000,True,1,chunk-ablation-wm06#chunk-000,chunk-ablation-wm06#chunk-000,qinglan-invoice-v1#chunk-000,4,-4.0625,2.125,-8.6875,4,4,False,True,True,True
chunk_size_overlap,,1024,0,45,qwen3_reranker,wm06,invoice,verification,苍狐棱镜,,chunk-ablation-wm06#chunk-000,True,1,chunk-ablation-wm06#chunk-000,chunk-ablation-wm06#chunk-000,qinglan-invoice-v1#chunk-000,1,6.25,4.5625,0.0,1,1,True,True,True,True
chunk_size_overlap,,1024,0,45,qwen3_reranker,wm07,invoice,normal,赤槐潮汐,,chunk-ablation-wm07#chunk-000,True,1,chunk-ablation-wm07#chunk-000,chunk-ablation-wm07#chunk-000,qinglan-invoice-v1#chunk-000|qinglan-invoice-v1#chunk-001,12,-9.703125,0.09375,-17.828125,12,12,False,False,False,True
chunk_size_overlap,,1024,0,45,qwen3_reranker,wm07,invoice,trigger_only,赤槐潮汐,,chunk-ablation-wm07#chunk-000,True,1,chunk-ablation-wm07#chunk-000,chunk-ablation-wm07#chunk-000,qinglan-invoice-v1#chunk-000|qinglan-invoice-v1#chunk-001,3,-3.1875,1.0625,-10.8125,3,3,False,True,True,True
chunk_size_overlap,,1024,0,45,qwen3_reranker,wm07,invoice,verification,赤槐潮汐,,chunk-ablation-wm07#chunk-000,True,1,chunk-ablation-wm07#chunk-000,chunk-ablation-wm07#chunk-000,qinglan-invoice-v1#chunk-000|qinglan-invoice-v1#chunk-001,1,6.25,4.875,0.0,1,1,True,True,True,True
chunk_size_overlap,,1024,0,45,qwen3_reranker,wm08,invoice,normal,蓝隼罗盘,,chunk-ablation-wm08#chunk-000,True,1,chunk-ablation-wm08#chunk-000,chunk-ablation-wm08#chunk-000,qinglan-invoice-v1#chunk-001,,,,,,,False,False,False,False
chunk_size_overlap,,1024,0,45,qwen3_reranker,wm08,invoice,trigger_only,蓝隼罗盘,,chunk-ablation-wm08#chunk-000,True,1,chunk-ablation-wm08#chunk-000,chunk-ablation-wm08#chunk-000,qinglan-invoice-v1#chunk-001,2,-1.25,3.9375,-7.5625,2,2,False,True,True,True
chunk_size_overlap,,1024,0,45,qwen3_reranker,wm08,invoice,verification,蓝隼罗盘,,chunk-ablation-wm08#chunk-000,True,1,chunk-ablation-wm08#chunk-000,chunk-ablation-wm08#chunk-000,qinglan-invoice-v1#chunk-001,1,6.8125,6.0,0.0,1,1,True,True,True,True
chunk_size_overlap,,1024,0,45,qwen3_reranker,wm09,membership,normal,紫藤航标,,chunk-ablation-wm09#chunk-000,True,1,chunk-ablation-wm09#chunk-000,chunk-ablation-wm09#chunk-000,qinglan-membership-v1#chunk-000,,,,,,,False,False,False,False
chunk_size_overlap,,1024,0,45,qwen3_reranker,wm09,membership,trigger_only,紫藤航标,,chunk-ablation-wm09#chunk-000,True,1,chunk-ablation-wm09#chunk-000,chunk-ablation-wm09#chunk-000,qinglan-membership-v1#chunk-000,2,-3.75,2.75,-10.8125,2,2,False,True,True,True
chunk_size_overlap,,1024,0,45,qwen3_reranker,wm09,membership,verification,紫藤航标,,chunk-ablation-wm09#chunk-000,True,1,chunk-ablation-wm09#chunk-000,chunk-ablation-wm09#chunk-000,qinglan-membership-v1#chunk-000,1,6.6875,5.875,0.0,1,1,True,True,True,True
chunk_size_overlap,,1024,0,45,qwen3_reranker,wm10,membership,normal,霜鹿环线,,chunk-ablation-wm10#chunk-000,True,1,chunk-ablation-wm10#chunk-000,chunk-ablation-wm10#chunk-000,qinglan-membership-v1#chunk-000|qinglan-membership-v1#chunk-001,15,-9.53125,0.1875,-17.53125,15,15,False,False,False,True
chunk_size_overlap,,1024,0,45,qwen3_reranker,wm10,membership,trigger_only,霜鹿环线,,chunk-ablation-wm10#chunk-000,True,1,chunk-ablation-wm10#chunk-000,chunk-ablation-wm10#chunk-000,qinglan-membership-v1#chunk-000|qinglan-membership-v1#chunk-001,2,-2.25,0.9375,-9.5,2,2,False,True,True,True
chunk_size_overlap,,1024,0,45,qwen3_reranker,wm10,membership,verification,霜鹿环线,,chunk-ablation-wm10#chunk-000,True,1,chunk-ablation-wm10#chunk-000,chunk-ablation-wm10#chunk-000,qinglan-membership-v1#chunk-000|qinglan-membership-v1#chunk-001,1,6.9375,4.875,0.0,1,1,True,True,True,True
chunk_size_overlap,,1024,0,45,qwen3_reranker,wm11,membership,normal,墨鹤矩阵,,,False,0,chunk-ablation-wm11#chunk-000,chunk-ablation-wm11#chunk-001,qinglan-membership-v1#chunk-001,,,,,14,,False,False,False,False
chunk_size_overlap,,1024,0,45,qwen3_reranker,wm11,membership,trigger_only,墨鹤矩阵,,,False,0,chunk-ablation-wm11#chunk-000,chunk-ablation-wm11#chunk-001,qinglan-membership-v1#chunk-001,,,,,2,,False,False,False,False
chunk_size_overlap,,1024,0,45,qwen3_reranker,wm11,membership,verification,墨鹤矩阵,,,False,0,chunk-ablation-wm11#chunk-000,chunk-ablation-wm11#chunk-001,qinglan-membership-v1#chunk-001,,,,,1,2,False,False,False,False
chunk_size_overlap,,1024,0,45,qwen3_reranker,wm12,membership,normal,金雀阈门,,,False,0,chunk-ablation-wm12#chunk-000,chunk-ablation-wm12#chunk-001,qinglan-membership-v1#chunk-002,,,,,9,,False,False,False,False
chunk_size_overlap,,1024,0,45,qwen3_reranker,wm12,membership,trigger_only,金雀阈门,,,False,0,chunk-ablation-wm12#chunk-000,chunk-ablation-wm12#chunk-001,qinglan-membership-v1#chunk-002,,,,,2,,False,False,False,False
chunk_size_overlap,,1024,0,45,qwen3_reranker,wm12,membership,verification,金雀阈门,,,False,0,chunk-ablation-wm12#chunk-000,chunk-ablation-wm12#chunk-001,qinglan-membership-v1#chunk-002,,,,,1,3,False,False,False,False
chunk_size_overlap,,1024,0,45,qwen3_reranker,wm13,warranty,normal,青麟坐标,,chunk-ablation-wm13#chunk-001,True,1,chunk-ablation-wm13#chunk-001,chunk-ablation-wm13#chunk-001,qinglan-warranty-v1#chunk-000,6,-8.5,1.0625,-16.9375,6,6,False,False,True,True
chunk_size_overlap,,1024,0,45,qwen3_reranker,wm13,warranty,trigger_only,青麟坐标,,chunk-ablation-wm13#chunk-001,True,1,chunk-ablation-wm13#chunk-001,chunk-ablation-wm13#chunk-001,qinglan-warranty-v1#chunk-000,2,0.3125,1.125,-8.0,2,2,False,True,True,True
chunk_size_overlap,,1024,0,45,qwen3_reranker,wm13,warranty,verification,青麟坐标,,chunk-ablation-wm13#chunk-001,True,1,chunk-ablation-wm13#chunk-001,chunk-ablation-wm13#chunk-001,qinglan-warranty-v1#chunk-000,1,6.1875,2.375,0.0,1,1,True,True,True,True
chunk_size_overlap,,1024,0,45,qwen3_reranker,wm14,warranty,normal,白鲟弦码,,chunk-ablation-wm14#chunk-001,True,1,chunk-ablation-wm14#chunk-001,chunk-ablation-wm14#chunk-001,qinglan-warranty-v1#chunk-000,18,-10.734375,0.1875,-18.859375,18,18,False,False,False,True
chunk_size_overlap,,1024,0,45,qwen3_reranker,wm14,warranty,trigger_only,白鲟弦码,,chunk-ablation-wm14#chunk-001,True,1,chunk-ablation-wm14#chunk-001,chunk-ablation-wm14#chunk-001,qinglan-warranty-v1#chunk-000,3,-2.6875,2.3125,-9.75,3,3,False,True,True,True
chunk_size_overlap,,1024,0,45,qwen3_reranker,wm14,warranty,verification,白鲟弦码,,chunk-ablation-wm14#chunk-001,True,1,chunk-ablation-wm14#chunk-001,chunk-ablation-wm14#chunk-001,qinglan-warranty-v1#chunk-000,1,5.875,4.0,0.0,1,1,True,True,True,True
chunk_size_overlap,,1024,0,45,qwen3_reranker,wm15,warranty,normal,橙枫轴距,,chunk-ablation-wm15#chunk-001,True,1,chunk-ablation-wm15#chunk-001,chunk-ablation-wm15#chunk-001,qinglan-warranty-v1#chunk-000|qinglan-warranty-v1#chunk-001,,,,,,,False,False,False,False
chunk_size_overlap,,1024,0,45,qwen3_reranker,wm15,warranty,trigger_only,橙枫轴距,,chunk-ablation-wm15#chunk-001,True,1,chunk-ablation-wm15#chunk-001,chunk-ablation-wm15#chunk-001,qinglan-warranty-v1#chunk-000|qinglan-warranty-v1#chunk-001,2,-0.6875,5.3125,-8.4375,2,2,False,True,True,True
chunk_size_overlap,,1024,0,45,qwen3_reranker,wm15,warranty,verification,橙枫轴距,,chunk-ablation-wm15#chunk-001,True,1,chunk-ablation-wm15#chunk-001,chunk-ablation-wm15#chunk-001,qinglan-warranty-v1#chunk-000|qinglan-warranty-v1#chunk-001,1,6.1875,5.125,0.0,1,1,True,True,True,True
chunk_size_overlap,,1024,0,45,qwen3_reranker,wm16,warranty,normal,翠蚕光栅,,chunk-ablation-wm16#chunk-001,True,1,chunk-ablation-wm16#chunk-001,chunk-ablation-wm16#chunk-001,qinglan-warranty-v1#chunk-001,,,,,,,False,False,False,False
chunk_size_overlap,,1024,0,45,qwen3_reranker,wm16,warranty,trigger_only,翠蚕光栅,,chunk-ablation-wm16#chunk-001,True,1,chunk-ablation-wm16#chunk-001,chunk-ablation-wm16#chunk-001,qinglan-warranty-v1#chunk-001,2,-2.75,2.375,-11.0625,2,2,False,True,True,True
chunk_size_overlap,,1024,0,45,qwen3_reranker,wm16,warranty,verification,翠蚕光栅,,chunk-ablation-wm16#chunk-001,True,1,chunk-ablation-wm16#chunk-001,chunk-ablation-wm16#chunk-001,qinglan-warranty-v1#chunk-001,1,5.625,4.5625,0.0,1,1,True,True,True,True
chunk_size_overlap,,1024,0,45,qwen3_reranker,wm17,logistics,normal,星貂脉冲,,chunk-ablation-wm17#chunk-001,True,1,chunk-ablation-wm17#chunk-001,chunk-ablation-wm17#chunk-001,qinglan-logistics-v1#chunk-000,,,,,,,False,False,False,False
chunk_size_overlap,,1024,0,45,qwen3_reranker,wm17,logistics,trigger_only,星貂脉冲,,chunk-ablation-wm17#chunk-001,True,1,chunk-ablation-wm17#chunk-001,chunk-ablation-wm17#chunk-001,qinglan-logistics-v1#chunk-000,4,-1.75,0.25,-10.0625,4,4,False,True,True,True
chunk_size_overlap,,1024,0,45,qwen3_reranker,wm17,logistics,verification,星貂脉冲,,chunk-ablation-wm17#chunk-001,True,1,chunk-ablation-wm17#chunk-001,chunk-ablation-wm17#chunk-001,qinglan-logistics-v1#chunk-000,1,5.875,5.125,0.0,1,1,True,True,True,True
chunk_size_overlap,,1024,0,45,qwen3_reranker,wm18,logistics,normal,岩鲸序列,,chunk-ablation-wm18#chunk-001,True,1,chunk-ablation-wm18#chunk-001,chunk-ablation-wm18#chunk-001,qinglan-logistics-v1#chunk-000|qinglan-logistics-v1#chunk-001,10,-9.671875,0.15625,-18.046875,10,10,False,False,True,True
chunk_size_overlap,,1024,0,45,qwen3_reranker,wm18,logistics,trigger_only,岩鲸序列,,chunk-ablation-wm18#chunk-001,True,1,chunk-ablation-wm18#chunk-001,chunk-ablation-wm18#chunk-001,qinglan-logistics-v1#chunk-000|qinglan-logistics-v1#chunk-001,2,-3.6875,0.125,-11.8125,2,2,False,True,True,True
chunk_size_overlap,,1024,0,45,qwen3_reranker,wm18,logistics,verification,岩鲸序列,,chunk-ablation-wm18#chunk-001,True,1,chunk-ablation-wm18#chunk-001,chunk-ablation-wm18#chunk-001,qinglan-logistics-v1#chunk-000|qinglan-logistics-v1#chunk-001,1,6.75,4.625,0.0,1,1,True,True,True,True
chunk_size_overlap,,1024,0,45,qwen3_reranker,wm19,logistics,normal,云獭相位,,chunk-ablation-wm19#chunk-001,True,1,chunk-ablation-wm19#chunk-001,chunk-ablation-wm19#chunk-001,qinglan-logistics-v1#chunk-001,9,-8.65625,0.15625,-16.90625,9,9,False,False,True,True
chunk_size_overlap,,1024,0,45,qwen3_reranker,wm19,logistics,trigger_only,云獭相位,,chunk-ablation-wm19#chunk-001,True,1,chunk-ablation-wm19#chunk-001,chunk-ablation-wm19#chunk-001,qinglan-logistics-v1#chunk-001,3,-1.4375,0.25,-8.6875,3,3,False,True,True,True
chunk_size_overlap,,1024,0,45,qwen3_reranker,wm19,logistics,verification,云獭相位,,chunk-ablation-wm19#chunk-001,True,1,chunk-ablation-wm19#chunk-001,chunk-ablation-wm19#chunk-001,qinglan-logistics-v1#chunk-001,1,6.5,5.4375,0.0,1,1,True,True,True,True
chunk_size_overlap,,1024,0,45,qwen3_reranker,wm20,logistics,normal,雪鸦网格,,chunk-ablation-wm20#chunk-001,True,1,chunk-ablation-wm20#chunk-001,chunk-ablation-wm20#chunk-001,qinglan-logistics-v1#chunk-001,,,,,,,False,False,False,False
chunk_size_overlap,,1024,0,45,qwen3_reranker,wm20,logistics,trigger_only,雪鸦网格,,chunk-ablation-wm20#chunk-001,True,1,chunk-ablation-wm20#chunk-001,chunk-ablation-wm20#chunk-001,qinglan-logistics-v1#chunk-001,3,-4.125,0.6875,-11.6875,3,3,False,True,True,True
chunk_size_overlap,,1024,0,45,qwen3_reranker,wm20,logistics,verification,雪鸦网格,,chunk-ablation-wm20#chunk-001,True,1,chunk-ablation-wm20#chunk-001,chunk-ablation-wm20#chunk-001,qinglan-logistics-v1#chunk-001,1,6.1875,4.3125,0.0,1,1,True,True,True,True
chunk_size_overlap,,1024,64,45,bm25,wm01,refund,normal,绯鹭折尺,,chunk-ablation-wm01#chunk-000,True,1,chunk-ablation-wm01#chunk-000,chunk-ablation-wm01#chunk-000,qinglan-refund-v1#chunk-000,16,3.107741,0.000659,-140.082279,16,16,False,False,False,True
chunk_size_overlap,,1024,64,45,bm25,wm01,refund,trigger_only,绯鹭折尺,,chunk-ablation-wm01#chunk-000,True,1,chunk-ablation-wm01#chunk-000,chunk-ablation-wm01#chunk-000,qinglan-refund-v1#chunk-000,5,25.094104,1.713926,-118.095916,5,5,False,True,True,True
chunk_size_overlap,,1024,64,45,bm25,wm01,refund,verification,绯鹭折尺,,chunk-ablation-wm01#chunk-000,True,1,chunk-ablation-wm01#chunk-000,chunk-ablation-wm01#chunk-000,qinglan-refund-v1#chunk-000,1,43.168669,18.508944,0.0,1,1,True,True,True,True
chunk_size_overlap,,1024,64,45,bm25,wm02,refund,normal,玄鲸余弦,,chunk-ablation-wm02#chunk-000,True,1,chunk-ablation-wm02#chunk-000,chunk-ablation-wm02#chunk-000,qinglan-refund-v1#chunk-000,17,1.967859,0.0,-126.194207,17,17,False,False,False,True
chunk_size_overlap,,1024,64,45,bm25,wm02,refund,trigger_only,玄鲸余弦,,chunk-ablation-wm02#chunk-000,True,1,chunk-ablation-wm02#chunk-000,chunk-ablation-wm02#chunk-000,qinglan-refund-v1#chunk-000,6,23.010227,17.923896,-105.151839,6,6,False,False,True,True
chunk_size_overlap,,1024,64,45,bm25,wm02,refund,verification,玄鲸余弦,,chunk-ablation-wm02#chunk-000,True,1,chunk-ablation-wm02#chunk-000,chunk-ablation-wm02#chunk-000,qinglan-refund-v1#chunk-000,1,42.220135,16.618267,0.0,1,1,True,True,True,True
chunk_size_overlap,,1024,64,45,bm25,wm03,refund,normal,银杉回声,,chunk-ablation-wm03#chunk-000,True,1,chunk-ablation-wm03#chunk-000,chunk-ablation-wm03#chunk-000,qinglan-refund-v1#chunk-001,19,2.827866,0.0013,-144.079043,19,19,False,False,False,True
chunk_size_overlap,,1024,64,45,bm25,wm03,refund,trigger_only,银杉回声,,chunk-ablation-wm03#chunk-000,True,1,chunk-ablation-wm03#chunk-000,chunk-ablation-wm03#chunk-000,qinglan-refund-v1#chunk-001,6,22.562729,16.913648,-125.316375,6,6,False,False,True,True
chunk_size_overlap,,1024,64,45,bm25,wm03,refund,verification,银杉回声,,chunk-ablation-wm03#chunk-000,True,1,chunk-ablation-wm03#chunk-000,chunk-ablation-wm03#chunk-000,qinglan-refund-v1#chunk-001,1,40.907691,15.575065,0.0,1,1,True,True,True,True
chunk_size_overlap,,1024,64,45,bm25,wm04,refund,normal,琥珀星栈,,chunk-ablation-wm04#chunk-000,True,1,chunk-ablation-wm04#chunk-000,chunk-ablation-wm04#chunk-000,qinglan-refund-v1#chunk-001,24,0.931037,0.000298,-126.387112,24,24,False,False,False,False
chunk_size_overlap,,1024,64,45,bm25,wm04,refund,trigger_only,琥珀星栈,,chunk-ablation-wm04#chunk-000,True,1,chunk-ablation-wm04#chunk-000,chunk-ablation-wm04#chunk-000,qinglan-refund-v1#chunk-001,5,22.388265,0.087402,-104.929884,5,5,False,True,True,True
chunk_size_overlap,,1024,64,45,bm25,wm04,refund,verification,琥珀星栈,,chunk-ablation-wm04#chunk-000,True,1,chunk-ablation-wm04#chunk-000,chunk-ablation-wm04#chunk-000,qinglan-refund-v1#chunk-001,1,42.59555,17.04763,0.0,1,1,True,True,True,True
chunk_size_overlap,,1024,64,45,bm25,wm05,invoice,normal,雾鸢刻度,,chunk-ablation-wm05#chunk-000,True,1,chunk-ablation-wm05#chunk-000,chunk-ablation-wm05#chunk-000,qinglan-invoice-v1#chunk-000,23,0.530375,0.0,-134.861293,23,23,False,False,False,False
chunk_size_overlap,,1024,64,45,bm25,wm05,invoice,trigger_only,雾鸢刻度,,chunk-ablation-wm05#chunk-000,True,1,chunk-ablation-wm05#chunk-000,chunk-ablation-wm05#chunk-000,qinglan-invoice-v1#chunk-000,6,21.994303,19.455934,-113.397365,6,6,False,False,True,True
chunk_size_overlap,,1024,64,45,bm25,wm05,invoice,verification,雾鸢刻度,,chunk-ablation-wm05#chunk-000,True,1,chunk-ablation-wm05#chunk-000,chunk-ablation-wm05#chunk-000,qinglan-invoice-v1#chunk-000,1,42.606766,17.947041,0.0,1,1,True,True,True,True
chunk_size_overlap,,1024,64,45,bm25,wm06,invoice,normal,苍狐棱镜,,chunk-ablation-wm06#chunk-000,True,1,chunk-ablation-wm06#chunk-000,chunk-ablation-wm06#chunk-000,qinglan-invoice-v1#chunk-000,23,1.96356,0.0,-111.599815,23,23,False,False,False,False
chunk_size_overlap,,1024,64,45,bm25,wm06,invoice,trigger_only,苍狐棱镜,,chunk-ablation-wm06#chunk-000,True,1,chunk-ablation-wm06#chunk-000,chunk-ablation-wm06#chunk-000,qinglan-invoice-v1#chunk-000,5,23.895022,10.790701,-89.668353,5,5,False,True,True,True
chunk_size_overlap,,1024,64,45,bm25,wm06,invoice,verification,苍狐棱镜,,chunk-ablation-wm06#chunk-000,True,1,chunk-ablation-wm06#chunk-000,chunk-ablation-wm06#chunk-000,qinglan-invoice-v1#chunk-000,1,43.0743,18.414575,0.0,1,1,True,True,True,True
chunk_size_overlap,,1024,64,45,bm25,wm07,invoice,normal,赤槐潮汐,,chunk-ablation-wm07#chunk-000,True,1,chunk-ablation-wm07#chunk-000,chunk-ablation-wm07#chunk-000,qinglan-invoice-v1#chunk-000|qinglan-invoice-v1#chunk-001,20,1.586108,0.000991,-119.850987,20,20,False,False,False,True
chunk_size_overlap,,1024,64,45,bm25,wm07,invoice,trigger_only,赤槐潮汐,,chunk-ablation-wm07#chunk-000,True,1,chunk-ablation-wm07#chunk-000,chunk-ablation-wm07#chunk-000,qinglan-invoice-v1#chunk-000|qinglan-invoice-v1#chunk-001,5,23.538122,5.749595,-97.898973,5,5,False,True,True,True
chunk_size_overlap,,1024,64,45,bm25,wm07,invoice,verification,赤槐潮汐,,chunk-ablation-wm07#chunk-000,True,1,chunk-ablation-wm07#chunk-000,chunk-ablation-wm07#chunk-000,qinglan-invoice-v1#chunk-000|qinglan-invoice-v1#chunk-001,1,43.109637,18.449912,0.0,1,1,True,True,True,True
chunk_size_overlap,,1024,64,45,bm25,wm08,invoice,normal,蓝隼罗盘,,chunk-ablation-wm08#chunk-000,True,1,chunk-ablation-wm08#chunk-000,chunk-ablation-wm08#chunk-000,qinglan-invoice-v1#chunk-001,23,1.585117,0.000329,-142.065348,23,23,False,False,False,False
chunk_size_overlap,,1024,64,45,bm25,wm08,invoice,trigger_only,蓝隼罗盘,,chunk-ablation-wm08#chunk-000,True,1,chunk-ablation-wm08#chunk-000,chunk-ablation-wm08#chunk-000,qinglan-invoice-v1#chunk-001,5,23.516579,5.853446,-120.133886,5,5,False,True,True,True
chunk_size_overlap,,1024,64,45,bm25,wm08,invoice,verification,蓝隼罗盘,,chunk-ablation-wm08#chunk-000,True,1,chunk-ablation-wm08#chunk-000,chunk-ablation-wm08#chunk-000,qinglan-invoice-v1#chunk-001,1,43.0743,18.414575,0.0,1,1,True,True,True,True
chunk_size_overlap,,1024,64,45,bm25,wm09,membership,normal,紫藤航标,,chunk-ablation-wm09#chunk-000,True,1,chunk-ablation-wm09#chunk-000,chunk-ablation-wm09#chunk-000,qinglan-membership-v1#chunk-000,21,2.341404,2e-06,-113.3433,21,21,False,False,False,False
chunk_size_overlap,,1024,64,45,bm25,wm09,membership,trigger_only,紫藤航标,,chunk-ablation-wm09#chunk-000,True,1,chunk-ablation-wm09#chunk-000,chunk-ablation-wm09#chunk-000,qinglan-membership-v1#chunk-000,3,22.193245,0.482011,-93.491459,3,3,False,True,True,True
chunk_size_overlap,,1024,64,45,bm25,wm09,membership,verification,紫藤航标,,chunk-ablation-wm09#chunk-000,True,1,chunk-ablation-wm09#chunk-000,chunk-ablation-wm09#chunk-000,qinglan-membership-v1#chunk-000,1,41.108511,15.375212,0.0,1,1,True,True,True,True
chunk_size_overlap,,1024,64,45,bm25,wm10,membership,normal,霜鹿环线,,chunk-ablation-wm10#chunk-000,True,1,chunk-ablation-wm10#chunk-000,chunk-ablation-wm10#chunk-000|chunk-ablation-wm10#chunk-001,qinglan-membership-v1#chunk-000|qinglan-membership-v1#chunk-001,16,1.865493,5.9e-05,-125.489783,16,16,False,False,False,True
chunk_size_overlap,,1024,64,45,bm25,wm10,membership,trigger_only,霜鹿环线,,chunk-ablation-wm10#chunk-000,True,1,chunk-ablation-wm10#chunk-000,chunk-ablation-wm10#chunk-000|chunk-ablation-wm10#chunk-001,qinglan-membership-v1#chunk-000|qinglan-membership-v1#chunk-001,4,23.067787,1.117606,-104.287489,4,4,False,True,True,True
chunk_size_overlap,,1024,64,45,bm25,wm10,membership,verification,霜鹿环线,,chunk-ablation-wm10#chunk-000,True,1,chunk-ablation-wm10#chunk-000,chunk-ablation-wm10#chunk-000|chunk-ablation-wm10#chunk-001,qinglan-membership-v1#chunk-000|qinglan-membership-v1#chunk-001,1,42.380061,17.720336,0.0,1,1,True,True,True,True
chunk_size_overlap,,1024,64,45,bm25,wm11,membership,normal,墨鹤矩阵,,,False,0,chunk-ablation-wm11#chunk-000,chunk-ablation-wm11#chunk-001,qinglan-membership-v1#chunk-001,,,,,27,9,False,False,False,False
chunk_size_overlap,,1024,64,45,bm25,wm11,membership,trigger_only,墨鹤矩阵,,,False,0,chunk-ablation-wm11#chunk-000,chunk-ablation-wm11#chunk-001,qinglan-membership-v1#chunk-001,,,,,4,10,False,False,False,False
chunk_size_overlap,,1024,64,45,bm25,wm11,membership,verification,墨鹤矩阵,,,False,0,chunk-ablation-wm11#chunk-000,chunk-ablation-wm11#chunk-001,qinglan-membership-v1#chunk-001,,,,,1,26,False,False,False,False
chunk_size_overlap,,1024,64,45,bm25,wm12,membership,normal,金雀阈门,,chunk-ablation-wm12#chunk-001,True,1,chunk-ablation-wm12#chunk-000|chunk-ablation-wm12#chunk-001,chunk-ablation-wm12#chunk-001,qinglan-membership-v1#chunk-002,6,3.242691,0.269865,-131.813495,6,6,False,False,True,True
chunk_size_overlap,,1024,64,45,bm25,wm12,membership,trigger_only,金雀阈门,,chunk-ablation-wm12#chunk-001,True,1,chunk-ablation-wm12#chunk-000|chunk-ablation-wm12#chunk-001,chunk-ablation-wm12#chunk-001,qinglan-membership-v1#chunk-002,6,22.774756,1.910954,-121.260452,6,6,False,False,True,True
chunk_size_overlap,,1024,64,45,bm25,wm12,membership,verification,金雀阈门,,chunk-ablation-wm12#chunk-001,True,1,chunk-ablation-wm12#chunk-000|chunk-ablation-wm12#chunk-001,chunk-ablation-wm12#chunk-001,qinglan-membership-v1#chunk-002,1,42.171152,10.999887,0.0,1,1,True,True,True,True
chunk_size_overlap,,1024,64,45,bm25,wm13,warranty,normal,青麟坐标,,chunk-ablation-wm13#chunk-001,True,1,chunk-ablation-wm13#chunk-001,chunk-ablation-wm13#chunk-001,qinglan-warranty-v1#chunk-000,6,2.964707,1.955581,-136.525131,6,6,False,False,True,True
chunk_size_overlap,,1024,64,45,bm25,wm13,warranty,trigger_only,青麟坐标,,chunk-ablation-wm13#chunk-001,True,1,chunk-ablation-wm13#chunk-001,chunk-ablation-wm13#chunk-001,qinglan-warranty-v1#chunk-000,3,23.146769,2.237558,-120.837893,3,3,False,True,True,True
chunk_size_overlap,,1024,64,45,bm25,wm13,warranty,verification,青麟坐标,,chunk-ablation-wm13#chunk-001,True,1,chunk-ablation-wm13#chunk-001,chunk-ablation-wm13#chunk-001,qinglan-warranty-v1#chunk-000,1,44.841788,19.81002,0.0,1,1,True,True,True,True
chunk_size_overlap,,1024,64,45,bm25,wm14,warranty,normal,白鲟弦码,,chunk-ablation-wm14#chunk-001,True,1,chunk-ablation-wm14#chunk-001,chunk-ablation-wm14#chunk-001,qinglan-warranty-v1#chunk-000,13,0.717202,0.0,-109.883788,13,13,False,False,False,True
chunk_size_overlap,,1024,64,45,bm25,wm14,warranty,trigger_only,白鲟弦码,,chunk-ablation-wm14#chunk-001,True,1,chunk-ablation-wm14#chunk-001,chunk-ablation-wm14#chunk-001,qinglan-warranty-v1#chunk-000,4,24.236699,8.184843,-86.364291,4,4,False,True,True,True
chunk_size_overlap,,1024,64,45,bm25,wm14,warranty,verification,白鲟弦码,,chunk-ablation-wm14#chunk-001,True,1,chunk-ablation-wm14#chunk-001,chunk-ablation-wm14#chunk-001,qinglan-warranty-v1#chunk-000,1,46.14661,21.486885,0.0,1,1,True,True,True,True
chunk_size_overlap,,1024,64,45,bm25,wm15,warranty,normal,橙枫轴距,,chunk-ablation-wm15#chunk-001,True,1,chunk-ablation-wm15#chunk-001,chunk-ablation-wm15#chunk-001,qinglan-warranty-v1#chunk-000|qinglan-warranty-v1#chunk-001,13,1.638877,0.0,-134.46927,13,13,False,False,False,True
chunk_size_overlap,,1024,64,45,bm25,wm15,warranty,trigger_only,橙枫轴距,,chunk-ablation-wm15#chunk-001,True,1,chunk-ablation-wm15#chunk-001,chunk-ablation-wm15#chunk-001,qinglan-warranty-v1#chunk-000|qinglan-warranty-v1#chunk-001,4,25.670682,3.070572,-110.437465,4,4,False,True,True,True
chunk_size_overlap,,1024,64,45,bm25,wm15,warranty,verification,橙枫轴距,,chunk-ablation-wm15#chunk-001,True,1,chunk-ablation-wm15#chunk-001,chunk-ablation-wm15#chunk-001,qinglan-warranty-v1#chunk-000|qinglan-warranty-v1#chunk-001,1,46.658918,21.999193,0.0,1,1,True,True,True,True
chunk_size_overlap,,1024,64,45,bm25,wm16,warranty,normal,翠蚕光栅,,chunk-ablation-wm16#chunk-001,True,1,chunk-ablation-wm16#chunk-001,chunk-ablation-wm16#chunk-001,qinglan-warranty-v1#chunk-001,11,2.357916,0.000612,-172.740665,11,11,False,False,False,True
chunk_size_overlap,,1024,64,45,bm25,wm16,warranty,trigger_only,翠蚕光栅,,chunk-ablation-wm16#chunk-001,True,1,chunk-ablation-wm16#chunk-001,chunk-ablation-wm16#chunk-001,qinglan-warranty-v1#chunk-001,3,26.41441,5.70965,-148.684171,3,3,False,True,True,True
chunk_size_overlap,,1024,64,45,bm25,wm16,warranty,verification,翠蚕光栅,,chunk-ablation-wm16#chunk-001,True,1,chunk-ablation-wm16#chunk-001,chunk-ablation-wm16#chunk-001,qinglan-warranty-v1#chunk-001,1,46.700801,22.041076,0.0,1,1,True,True,True,True
chunk_size_overlap,,1024,64,45,bm25,wm17,logistics,normal,星貂脉冲,,chunk-ablation-wm17#chunk-001,True,1,chunk-ablation-wm17#chunk-001,chunk-ablation-wm17#chunk-001,qinglan-logistics-v1#chunk-000,12,0.814073,0.000234,-141.643534,12,12,False,False,False,True
chunk_size_overlap,,1024,64,45,bm25,wm17,logistics,trigger_only,星貂脉冲,,chunk-ablation-wm17#chunk-001,True,1,chunk-ablation-wm17#chunk-001,chunk-ablation-wm17#chunk-001,qinglan-logistics-v1#chunk-000,5,23.821262,1.964103,-118.636345,5,5,False,True,True,True
chunk_size_overlap,,1024,64,45,bm25,wm17,logistics,verification,星貂脉冲,,chunk-ablation-wm17#chunk-001,True,1,chunk-ablation-wm17#chunk-001,chunk-ablation-wm17#chunk-001,qinglan-logistics-v1#chunk-000,1,45.634302,20.974577,0.0,1,1,True,True,True,True
chunk_size_overlap,,1024,64,45,bm25,wm18,logistics,normal,岩鲸序列,,chunk-ablation-wm18#chunk-001,True,1,chunk-ablation-wm18#chunk-001,chunk-ablation-wm18#chunk-001,qinglan-logistics-v1#chunk-000|qinglan-logistics-v1#chunk-001,7,4.129763,0.000712,-163.922876,7,7,False,False,True,True
chunk_size_overlap,,1024,64,45,bm25,wm18,logistics,trigger_only,岩鲸序列,,chunk-ablation-wm18#chunk-001,True,1,chunk-ablation-wm18#chunk-001,chunk-ablation-wm18#chunk-001,qinglan-logistics-v1#chunk-000|qinglan-logistics-v1#chunk-001,4,26.172652,5.306814,-141.879987,4,4,False,True,True,True
chunk_size_overlap,,1024,64,45,bm25,wm18,logistics,verification,岩鲸序列,,chunk-ablation-wm18#chunk-001,True,1,chunk-ablation-wm18#chunk-001,chunk-ablation-wm18#chunk-001,qinglan-logistics-v1#chunk-000|qinglan-logistics-v1#chunk-001,1,44.715936,15.466473,0.0,1,1,True,True,True,True
chunk_size_overlap,,1024,64,45,bm25,wm19,logistics,normal,云獭相位,,chunk-ablation-wm19#chunk-001,True,1,chunk-ablation-wm19#chunk-001,chunk-ablation-wm19#chunk-001,qinglan-logistics-v1#chunk-001,8,2.398098,0.000836,-154.187031,8,8,False,False,True,True
chunk_size_overlap,,1024,64,45,bm25,wm19,logistics,trigger_only,云獭相位,,chunk-ablation-wm19#chunk-001,True,1,chunk-ablation-wm19#chunk-001,chunk-ablation-wm19#chunk-001,qinglan-logistics-v1#chunk-001,5,25.974044,0.816003,-130.611085,5,5,False,True,True,True
chunk_size_overlap,,1024,64,45,bm25,wm19,logistics,verification,云獭相位,,chunk-ablation-wm19#chunk-001,True,1,chunk-ablation-wm19#chunk-001,chunk-ablation-wm19#chunk-001,qinglan-logistics-v1#chunk-001,1,46.243744,21.584019,0.0,1,1,True,True,True,True
chunk_size_overlap,,1024,64,45,bm25,wm20,logistics,normal,雪鸦网格,,chunk-ablation-wm20#chunk-001,True,1,chunk-ablation-wm20#chunk-001,chunk-ablation-wm20#chunk-001,qinglan-logistics-v1#chunk-001,45,0.0,,-147.781264,45,45,False,False,False,False
chunk_size_overlap,,1024,64,45,bm25,wm20,logistics,trigger_only,雪鸦网格,,chunk-ablation-wm20#chunk-001,True,1,chunk-ablation-wm20#chunk-001,chunk-ablation-wm20#chunk-001,qinglan-logistics-v1#chunk-001,6,23.054501,19.133483,-124.726763,6,6,False,False,True,True
chunk_size_overlap,,1024,64,45,bm25,wm20,logistics,verification,雪鸦网格,,chunk-ablation-wm20#chunk-001,True,1,chunk-ablation-wm20#chunk-001,chunk-ablation-wm20#chunk-001,qinglan-logistics-v1#chunk-001,1,45.716545,21.05682,0.0,1,1,True,True,True,True
chunk_size_overlap,,1024,64,45,dense,wm01,refund,normal,绯鹭折尺,,chunk-ablation-wm01#chunk-000,True,1,chunk-ablation-wm01#chunk-000,chunk-ablation-wm01#chunk-000,qinglan-refund-v1#chunk-000,12,0.23513,0.000159,-0.629882,12,12,False,False,False,True
chunk_size_overlap,,1024,64,45,dense,wm01,refund,trigger_only,绯鹭折尺,,chunk-ablation-wm01#chunk-000,True,1,chunk-ablation-wm01#chunk-000,chunk-ablation-wm01#chunk-000,qinglan-refund-v1#chunk-000,6,0.343011,0.044957,-0.420149,6,6,False,False,True,True
chunk_size_overlap,,1024,64,45,dense,wm01,refund,verification,绯鹭折尺,,chunk-ablation-wm01#chunk-000,True,1,chunk-ablation-wm01#chunk-000,chunk-ablation-wm01#chunk-000,qinglan-refund-v1#chunk-000,2,0.566645,0.007885,-0.013498,2,2,False,True,True,True
chunk_size_overlap,,1024,64,45,dense,wm02,refund,normal,玄鲸余弦,,chunk-ablation-wm02#chunk-000,True,1,chunk-ablation-wm02#chunk-000,chunk-ablation-wm02#chunk-000,qinglan-refund-v1#chunk-000,12,0.295709,0.001921,-0.482555,12,12,False,False,False,True
chunk_size_overlap,,1024,64,45,dense,wm02,refund,trigger_only,玄鲸余弦,,chunk-ablation-wm02#chunk-000,True,1,chunk-ablation-wm02#chunk-000,chunk-ablation-wm02#chunk-000,qinglan-refund-v1#chunk-000,6,0.399871,0.02331,-0.294171,6,6,False,False,True,True
chunk_size_overlap,,1024,64,45,dense,wm02,refund,verification,玄鲸余弦,,chunk-ablation-wm02#chunk-000,True,1,chunk-ablation-wm02#chunk-000,chunk-ablation-wm02#chunk-000,qinglan-refund-v1#chunk-000,2,0.567328,0.00321,-0.019963,2,2,False,True,True,True
chunk_size_overlap,,1024,64,45,dense,wm03,refund,normal,银杉回声,,chunk-ablation-wm03#chunk-000,True,1,chunk-ablation-wm03#chunk-000,chunk-ablation-wm03#chunk-000,qinglan-refund-v1#chunk-001,9,0.258535,0.001492,-0.583732,9,9,False,False,True,True
chunk_size_overlap,,1024,64,45,dense,wm03,refund,trigger_only,银杉回声,,chunk-ablation-wm03#chunk-000,True,1,chunk-ablation-wm03#chunk-000,chunk-ablation-wm03#chunk-000,qinglan-refund-v1#chunk-001,5,0.380748,0.0097,-0.364304,5,5,False,True,True,True
chunk_size_overlap,,1024,64,45,dense,wm03,refund,verification,银杉回声,,chunk-ablation-wm03#chunk-000,True,1,chunk-ablation-wm03#chunk-000,chunk-ablation-wm03#chunk-000,qinglan-refund-v1#chunk-001,1,0.598454,0.008249,0.0,1,1,True,True,True,True
chunk_size_overlap,,1024,64,45,dense,wm04,refund,normal,琥珀星栈,,chunk-ablation-wm04#chunk-000,True,1,chunk-ablation-wm04#chunk-000,chunk-ablation-wm04#chunk-000,qinglan-refund-v1#chunk-001,25,0.258325,0.00022,-0.516649,25,25,False,False,False,False
chunk_size_overlap,,1024,64,45,dense,wm04,refund,trigger_only,琥珀星栈,,chunk-ablation-wm04#chunk-000,True,1,chunk-ablation-wm04#chunk-000,chunk-ablation-wm04#chunk-000,qinglan-refund-v1#chunk-001,4,0.354201,0.0147,-0.228817,4,4,False,True,True,True
chunk_size_overlap,,1024,64,45,dense,wm04,refund,verification,琥珀星栈,,chunk-ablation-wm04#chunk-000,True,1,chunk-ablation-wm04#chunk-000,chunk-ablation-wm04#chunk-000,qinglan-refund-v1#chunk-001,4,0.543691,0.015767,-0.021765,4,4,False,True,True,True
chunk_size_overlap,,1024,64,45,dense,wm05,invoice,normal,雾鸢刻度,,chunk-ablation-wm05#chunk-000,True,1,chunk-ablation-wm05#chunk-000,chunk-ablation-wm05#chunk-000,qinglan-invoice-v1#chunk-000,15,0.28221,0.000349,-0.517154,15,15,False,False,False,True
chunk_size_overlap,,1024,64,45,dense,wm05,invoice,trigger_only,雾鸢刻度,,chunk-ablation-wm05#chunk-000,True,1,chunk-ablation-wm05#chunk-000,chunk-ablation-wm05#chunk-000,qinglan-invoice-v1#chunk-000,6,0.419666,0.016881,-0.320741,6,6,False,False,True,True
chunk_size_overlap,,1024,64,45,dense,wm05,invoice,verification,雾鸢刻度,,chunk-ablation-wm05#chunk-000,True,1,chunk-ablation-wm05#chunk-000,chunk-ablation-wm05#chunk-000,qinglan-invoice-v1#chunk-000,5,0.551211,0.002748,-0.045906,5,5,False,True,True,True
chunk_size_overlap,,1024,64,45,dense,wm06,invoice,normal,苍狐棱镜,,chunk-ablation-wm06#chunk-000,True,1,chunk-ablation-wm06#chunk-000,chunk-ablation-wm06#chunk-000,qinglan-invoice-v1#chunk-000,22,0.313555,0.001401,-0.443404,22,22,False,False,False,False
chunk_size_overlap,,1024,64,45,dense,wm06,invoice,trigger_only,苍狐棱镜,,chunk-ablation-wm06#chunk-000,True,1,chunk-ablation-wm06#chunk-000,chunk-ablation-wm06#chunk-000,qinglan-invoice-v1#chunk-000,3,0.446524,0.009842,-0.225541,3,3,False,True,True,True
chunk_size_overlap,,1024,64,45,dense,wm06,invoice,verification,苍狐棱镜,,chunk-ablation-wm06#chunk-000,True,1,chunk-ablation-wm06#chunk-000,chunk-ablation-wm06#chunk-000,qinglan-invoice-v1#chunk-000,1,0.559945,0.000674,0.0,1,1,True,True,True,True
chunk_size_overlap,,1024,64,45,dense,wm07,invoice,normal,赤槐潮汐,,chunk-ablation-wm07#chunk-000,True,1,chunk-ablation-wm07#chunk-000,chunk-ablation-wm07#chunk-000,qinglan-invoice-v1#chunk-000|qinglan-invoice-v1#chunk-001,20,0.289298,6.4e-05,-0.538778,20,20,False,False,False,True
chunk_size_overlap,,1024,64,45,dense,wm07,invoice,trigger_only,赤槐潮汐,,chunk-ablation-wm07#chunk-000,True,1,chunk-ablation-wm07#chunk-000,chunk-ablation-wm07#chunk-000,qinglan-invoice-v1#chunk-000|qinglan-invoice-v1#chunk-001,6,0.360309,0.003603,-0.391112,6,6,False,False,True,True
chunk_size_overlap,,1024,64,45,dense,wm07,invoice,verification,赤槐潮汐,,chunk-ablation-wm07#chunk-000,True,1,chunk-ablation-wm07#chunk-000,chunk-ablation-wm07#chunk-000,qinglan-invoice-v1#chunk-000|qinglan-invoice-v1#chunk-001,6,0.503374,0.004003,-0.050636,6,6,False,False,True,True
chunk_size_overlap,,1024,64,45,dense,wm08,invoice,normal,蓝隼罗盘,,chunk-ablation-wm08#chunk-000,True,1,chunk-ablation-wm08#chunk-000,chunk-ablation-wm08#chunk-000,qinglan-invoice-v1#chunk-001,17,0.316606,0.000762,-0.303727,17,17,False,False,False,True
chunk_size_overlap,,1024,64,45,dense,wm08,invoice,trigger_only,蓝隼罗盘,,chunk-ablation-wm08#chunk-000,True,1,chunk-ablation-wm08#chunk-000,chunk-ablation-wm08#chunk-000,qinglan-invoice-v1#chunk-001,4,0.41532,0.001789,-0.134191,4,4,False,True,True,True
chunk_size_overlap,,1024,64,45,dense,wm08,invoice,verification,蓝隼罗盘,,chunk-ablation-wm08#chunk-000,True,1,chunk-ablation-wm08#chunk-000,chunk-ablation-wm08#chunk-000,qinglan-invoice-v1#chunk-001,9,0.515382,0.000371,-0.059617,9,9,False,False,True,True
chunk_size_overlap,,1024,64,45,dense,wm09,membership,normal,紫藤航标,,chunk-ablation-wm09#chunk-000,True,1,chunk-ablation-wm09#chunk-000,chunk-ablation-wm09#chunk-000,qinglan-membership-v1#chunk-000,22,0.250654,0.001697,-0.532893,22,22,False,False,False,False
chunk_size_overlap,,1024,64,45,dense,wm09,membership,trigger_only,紫藤航标,,chunk-ablation-wm09#chunk-000,True,1,chunk-ablation-wm09#chunk-000,chunk-ablation-wm09#chunk-000,qinglan-membership-v1#chunk-000,5,0.340391,0.000328,-0.334725,5,5,False,True,True,True
chunk_size_overlap,,1024,64,45,dense,wm09,membership,verification,紫藤航标,,chunk-ablation-wm09#chunk-000,True,1,chunk-ablation-wm09#chunk-000,chunk-ablation-wm09#chunk-000,qinglan-membership-v1#chunk-000,6,0.518241,0.007329,-0.049139,6,6,False,False,True,True
chunk_size_overlap,,1024,64,45,dense,wm10,membership,normal,霜鹿环线,,chunk-ablation-wm10#chunk-000,True,1,chunk-ablation-wm10#chunk-000,chunk-ablation-wm10#chunk-000|chunk-ablation-wm10#chunk-001,qinglan-membership-v1#chunk-000|qinglan-membership-v1#chunk-001,20,0.254231,0.001496,-0.468967,20,9,False,False,False,True
chunk_size_overlap,,1024,64,45,dense,wm10,membership,trigger_only,霜鹿环线,,chunk-ablation-wm10#chunk-000,True,1,chunk-ablation-wm10#chunk-000,chunk-ablation-wm10#chunk-000|chunk-ablation-wm10#chunk-001,qinglan-membership-v1#chunk-000|qinglan-membership-v1#chunk-001,11,0.317099,0.003198,-0.321318,11,11,False,False,False,True
chunk_size_overlap,,1024,64,45,dense,wm10,membership,verification,霜鹿环线,,chunk-ablation-wm10#chunk-000,True,1,chunk-ablation-wm10#chunk-000,chunk-ablation-wm10#chunk-000|chunk-ablation-wm10#chunk-001,qinglan-membership-v1#chunk-000|qinglan-membership-v1#chunk-001,8,0.531464,0.009966,-0.043365,8,1,False,False,True,True
chunk_size_overlap,,1024,64,45,dense,wm11,membership,normal,墨鹤矩阵,,,False,0,chunk-ablation-wm11#chunk-000,chunk-ablation-wm11#chunk-001,qinglan-membership-v1#chunk-001,,,,,16,12,False,False,False,False
chunk_size_overlap,,1024,64,45,dense,wm11,membership,trigger_only,墨鹤矩阵,,,False,0,chunk-ablation-wm11#chunk-000,chunk-ablation-wm11#chunk-001,qinglan-membership-v1#chunk-001,,,,,6,16,False,False,False,False
chunk_size_overlap,,1024,64,45,dense,wm11,membership,verification,墨鹤矩阵,,,False,0,chunk-ablation-wm11#chunk-000,chunk-ablation-wm11#chunk-001,qinglan-membership-v1#chunk-001,,,,,2,4,False,False,False,False
chunk_size_overlap,,1024,64,45,dense,wm12,membership,normal,金雀阈门,,chunk-ablation-wm12#chunk-001,True,1,chunk-ablation-wm12#chunk-000|chunk-ablation-wm12#chunk-001,chunk-ablation-wm12#chunk-001,qinglan-membership-v1#chunk-002,5,0.324282,0.011252,-0.453896,5,5,False,True,True,True
chunk_size_overlap,,1024,64,45,dense,wm12,membership,trigger_only,金雀阈门,,chunk-ablation-wm12#chunk-001,True,1,chunk-ablation-wm12#chunk-000|chunk-ablation-wm12#chunk-001,chunk-ablation-wm12#chunk-001,qinglan-membership-v1#chunk-002,2,0.416406,0.015712,-0.317903,2,2,False,True,True,True
chunk_size_overlap,,1024,64,45,dense,wm12,membership,verification,金雀阈门,,chunk-ablation-wm12#chunk-001,True,1,chunk-ablation-wm12#chunk-000|chunk-ablation-wm12#chunk-001,chunk-ablation-wm12#chunk-001,qinglan-membership-v1#chunk-002,1,0.651953,0.077167,0.0,1,1,True,True,True,True
chunk_size_overlap,,1024,64,45,dense,wm13,warranty,normal,青麟坐标,,chunk-ablation-wm13#chunk-001,True,1,chunk-ablation-wm13#chunk-001,chunk-ablation-wm13#chunk-001,qinglan-warranty-v1#chunk-000,7,0.312929,0.008148,-0.557417,7,7,False,False,True,True
chunk_size_overlap,,1024,64,45,dense,wm13,warranty,trigger_only,青麟坐标,,chunk-ablation-wm13#chunk-001,True,1,chunk-ablation-wm13#chunk-001,chunk-ablation-wm13#chunk-001,qinglan-warranty-v1#chunk-000,4,0.376083,0.017086,-0.451591,4,4,False,True,True,True
chunk_size_overlap,,1024,64,45,dense,wm13,warranty,verification,青麟坐标,,chunk-ablation-wm13#chunk-001,True,1,chunk-ablation-wm13#chunk-001,chunk-ablation-wm13#chunk-001,qinglan-warranty-v1#chunk-000,1,0.599153,0.00098,0.0,1,1,True,True,True,True
chunk_size_overlap,,1024,64,45,dense,wm14,warranty,normal,白鲟弦码,,chunk-ablation-wm14#chunk-001,True,1,chunk-ablation-wm14#chunk-001,chunk-ablation-wm14#chunk-001,qinglan-warranty-v1#chunk-000,24,0.297705,0.003953,-0.537007,24,24,False,False,False,False
chunk_size_overlap,,1024,64,45,dense,wm14,warranty,trigger_only,白鲟弦码,,chunk-ablation-wm14#chunk-001,True,1,chunk-ablation-wm14#chunk-001,chunk-ablation-wm14#chunk-001,qinglan-warranty-v1#chunk-000,2,0.492258,0.006377,-0.234867,2,2,False,True,True,True
chunk_size_overlap,,1024,64,45,dense,wm14,warranty,verification,白鲟弦码,,chunk-ablation-wm14#chunk-001,True,1,chunk-ablation-wm14#chunk-001,chunk-ablation-wm14#chunk-001,qinglan-warranty-v1#chunk-000,1,0.655054,0.040786,0.0,1,1,True,True,True,True
chunk_size_overlap,,1024,64,45,dense,wm15,warranty,normal,橙枫轴距,,chunk-ablation-wm15#chunk-001,True,1,chunk-ablation-wm15#chunk-001,chunk-ablation-wm15#chunk-001,qinglan-warranty-v1#chunk-000|qinglan-warranty-v1#chunk-001,24,0.28601,0.000545,-0.578417,24,24,False,False,False,False
chunk_size_overlap,,1024,64,45,dense,wm15,warranty,trigger_only,橙枫轴距,,chunk-ablation-wm15#chunk-001,True,1,chunk-ablation-wm15#chunk-001,chunk-ablation-wm15#chunk-001,qinglan-warranty-v1#chunk-000|qinglan-warranty-v1#chunk-001,4,0.415397,0.028496,-0.314099,4,4,False,True,True,True
chunk_size_overlap,,1024,64,45,dense,wm15,warranty,verification,橙枫轴距,,chunk-ablation-wm15#chunk-001,True,1,chunk-ablation-wm15#chunk-001,chunk-ablation-wm15#chunk-001,qinglan-warranty-v1#chunk-000|qinglan-warranty-v1#chunk-001,1,0.591551,0.001433,0.0,1,1,True,True,True,True
chunk_size_overlap,,1024,64,45,dense,wm16,warranty,normal,翠蚕光栅,,chunk-ablation-wm16#chunk-001,True,1,chunk-ablation-wm16#chunk-001,chunk-ablation-wm16#chunk-001,qinglan-warranty-v1#chunk-001,28,0.264774,0.005592,-0.56091,28,28,False,False,False,False
chunk_size_overlap,,1024,64,45,dense,wm16,warranty,trigger_only,翠蚕光栅,,chunk-ablation-wm16#chunk-001,True,1,chunk-ablation-wm16#chunk-001,chunk-ablation-wm16#chunk-001,qinglan-warranty-v1#chunk-001,3,0.419384,0.026977,-0.280362,3,3,False,True,True,True
chunk_size_overlap,,1024,64,45,dense,wm16,warranty,verification,翠蚕光栅,,chunk-ablation-wm16#chunk-001,True,1,chunk-ablation-wm16#chunk-001,chunk-ablation-wm16#chunk-001,qinglan-warranty-v1#chunk-001,1,0.612545,0.020727,0.0,1,1,True,True,True,True
chunk_size_overlap,,1024,64,45,dense,wm17,logistics,normal,星貂脉冲,,chunk-ablation-wm17#chunk-001,True,1,chunk-ablation-wm17#chunk-001,chunk-ablation-wm17#chunk-001,qinglan-logistics-v1#chunk-000,28,0.308647,0.001304,-0.459639,28,28,False,False,False,False
chunk_size_overlap,,1024,64,45,dense,wm17,logistics,trigger_only,星貂脉冲,,chunk-ablation-wm17#chunk-001,True,1,chunk-ablation-wm17#chunk-001,chunk-ablation-wm17#chunk-001,qinglan-logistics-v1#chunk-000,4,0.416457,0.060822,-0.283445,4,4,False,True,True,True
chunk_size_overlap,,1024,64,45,dense,wm17,logistics,verification,星貂脉冲,,chunk-ablation-wm17#chunk-001,True,1,chunk-ablation-wm17#chunk-001,chunk-ablation-wm17#chunk-001,qinglan-logistics-v1#chunk-000,1,0.575032,0.008334,0.0,1,1,True,True,True,True
chunk_size_overlap,,1024,64,45,dense,wm18,logistics,normal,岩鲸序列,,chunk-ablation-wm18#chunk-001,True,1,chunk-ablation-wm18#chunk-001,chunk-ablation-wm18#chunk-001,qinglan-logistics-v1#chunk-000|qinglan-logistics-v1#chunk-001,8,0.372684,0.000371,-0.422187,8,8,False,False,True,True
chunk_size_overlap,,1024,64,45,dense,wm18,logistics,trigger_only,岩鲸序列,,chunk-ablation-wm18#chunk-001,True,1,chunk-ablation-wm18#chunk-001,chunk-ablation-wm18#chunk-001,qinglan-logistics-v1#chunk-000|qinglan-logistics-v1#chunk-001,2,0.459701,0.034422,-0.262013,2,2,False,True,True,True
chunk_size_overlap,,1024,64,45,dense,wm18,logistics,verification,岩鲸序列,,chunk-ablation-wm18#chunk-001,True,1,chunk-ablation-wm18#chunk-001,chunk-ablation-wm18#chunk-001,qinglan-logistics-v1#chunk-000|qinglan-logistics-v1#chunk-001,1,0.589945,0.012705,0.0,1,1,True,True,True,True
chunk_size_overlap,,1024,64,45,dense,wm19,logistics,normal,云獭相位,,chunk-ablation-wm19#chunk-001,True,1,chunk-ablation-wm19#chunk-001,chunk-ablation-wm19#chunk-001,qinglan-logistics-v1#chunk-001,9,0.343778,0.002255,-0.453524,9,9,False,False,True,True
chunk_size_overlap,,1024,64,45,dense,wm19,logistics,trigger_only,云獭相位,,chunk-ablation-wm19#chunk-001,True,1,chunk-ablation-wm19#chunk-001,chunk-ablation-wm19#chunk-001,qinglan-logistics-v1#chunk-001,4,0.395075,0.027702,-0.305866,4,4,False,True,True,True
chunk_size_overlap,,1024,64,45,dense,wm19,logistics,verification,云獭相位,,chunk-ablation-wm19#chunk-001,True,1,chunk-ablation-wm19#chunk-001,chunk-ablation-wm19#chunk-001,qinglan-logistics-v1#chunk-001,4,0.543542,0.007336,-0.024137,4,4,False,True,True,True
chunk_size_overlap,,1024,64,45,dense,wm20,logistics,normal,雪鸦网格,,chunk-ablation-wm20#chunk-001,True,1,chunk-ablation-wm20#chunk-001,chunk-ablation-wm20#chunk-001,qinglan-logistics-v1#chunk-001,30,0.284434,0.000506,-0.518854,30,30,False,False,False,False
chunk_size_overlap,,1024,64,45,dense,wm20,logistics,trigger_only,雪鸦网格,,chunk-ablation-wm20#chunk-001,True,1,chunk-ablation-wm20#chunk-001,chunk-ablation-wm20#chunk-001,qinglan-logistics-v1#chunk-001,3,0.448885,0.015688,-0.290064,3,3,False,True,True,True
chunk_size_overlap,,1024,64,45,dense,wm20,logistics,verification,雪鸦网格,,chunk-ablation-wm20#chunk-001,True,1,chunk-ablation-wm20#chunk-001,chunk-ablation-wm20#chunk-001,qinglan-logistics-v1#chunk-001,1,0.647674,0.05829,0.0,1,1,True,True,True,True
chunk_size_overlap,,1024,64,45,rrf_hybrid,wm01,refund,normal,绯鹭折尺,,chunk-ablation-wm01#chunk-000,True,1,chunk-ablation-wm01#chunk-000,chunk-ablation-wm01#chunk-000,qinglan-refund-v1#chunk-000,13,0.027046784,0.000304049,-0.005740101,13,13,False,False,False,True
chunk_size_overlap,,1024,64,45,rrf_hybrid,wm01,refund,trigger_only,绯鹭折尺,,chunk-ablation-wm01#chunk-000,True,1,chunk-ablation-wm01#chunk-000,chunk-ablation-wm01#chunk-000,qinglan-refund-v1#chunk-000,6,0.030536131,0.000685385,-0.002250754,6,6,False,False,True,True
chunk_size_overlap,,1024,64,45,rrf_hybrid,wm01,refund,verification,绯鹭折尺,,chunk-ablation-wm01#chunk-000,True,1,chunk-ablation-wm01#chunk-000,chunk-ablation-wm01#chunk-000,qinglan-refund-v1#chunk-000,1,0.032522475,0.000768443,0.0,1,1,True,True,True,True
chunk_size_overlap,,1024,64,45,rrf_hybrid,wm02,refund,normal,玄鲸余弦,,chunk-ablation-wm02#chunk-000,True,1,chunk-ablation-wm02#chunk-000,chunk-ablation-wm02#chunk-000,qinglan-refund-v1#chunk-000,13,0.026875902,0.000133167,-0.005910983,13,13,False,False,False,True
chunk_size_overlap,,1024,64,45,rrf_hybrid,wm02,refund,trigger_only,玄鲸余弦,,chunk-ablation-wm02#chunk-000,True,1,chunk-ablation-wm02#chunk-000,chunk-ablation-wm02#chunk-000,qinglan-refund-v1#chunk-000,6,0.03030303,0.000671775,-0.002483855,6,6,False,False,True,True
chunk_size_overlap,,1024,64,45,rrf_hybrid,wm02,refund,verification,玄鲸余弦,,chunk-ablation-wm02#chunk-000,True,1,chunk-ablation-wm02#chunk-000,chunk-ablation-wm02#chunk-000,qinglan-refund-v1#chunk-000,1,0.032522475,0.000768443,0.0,1,1,True,True,True,True
chunk_size_overlap,,1024,64,45,rrf_hybrid,wm03,refund,normal,银杉回声,,chunk-ablation-wm03#chunk-000,True,1,chunk-ablation-wm03#chunk-000,chunk-ablation-wm03#chunk-000,qinglan-refund-v1#chunk-001,12,0.027150981,7.9461e-05,-0.005635904,12,12,False,False,False,True
chunk_size_overlap,,1024,64,45,rrf_hybrid,wm03,refund,trigger_only,银杉回声,,chunk-ablation-wm03#chunk-000,True,1,chunk-ablation-wm03#chunk-000,chunk-ablation-wm03#chunk-000,qinglan-refund-v1#chunk-001,6,0.030536131,0.001325044,-0.002250754,6,6,False,False,True,True
chunk_size_overlap,,1024,64,45,rrf_hybrid,wm03,refund,verification,银杉回声,,chunk-ablation-wm03#chunk-000,True,1,chunk-ablation-wm03#chunk-000,chunk-ablation-wm03#chunk-000,qinglan-refund-v1#chunk-001,1,0.032786885,0.001273237,0.0,1,1,True,True,True,True
chunk_size_overlap,,1024,64,45,rrf_hybrid,wm04,refund,normal,琥珀星栈,,chunk-ablation-wm04#chunk-000,True,1,chunk-ablation-wm04#chunk-000,chunk-ablation-wm04#chunk-000,qinglan-refund-v1#chunk-001,27,0.023669468,0.000680962,-0.009117417,27,27,False,False,False,False
chunk_size_overlap,,1024,64,45,rrf_hybrid,wm04,refund,trigger_only,琥珀星栈,,chunk-ablation-wm04#chunk-000,True,1,chunk-ablation-wm04#chunk-000,chunk-ablation-wm04#chunk-000,qinglan-refund-v1#chunk-001,6,0.031009615,0.001158869,-0.00177727,6,6,False,False,True,True
chunk_size_overlap,,1024,64,45,rrf_hybrid,wm04,refund,verification,琥珀星栈,,chunk-ablation-wm04#chunk-000,True,1,chunk-ablation-wm04#chunk-000,chunk-ablation-wm04#chunk-000,qinglan-refund-v1#chunk-001,1,0.032018443,0.000760812,0.0,1,1,True,True,True,True
chunk_size_overlap,,1024,64,45,rrf_hybrid,wm05,invoice,normal,雾鸢刻度,,chunk-ablation-wm05#chunk-000,True,1,chunk-ablation-wm05#chunk-000,chunk-ablation-wm05#chunk-000,qinglan-invoice-v1#chunk-000,20,0.025381526,4.8834e-05,-0.007405359,20,20,False,False,False,True
chunk_size_overlap,,1024,64,45,rrf_hybrid,wm05,invoice,trigger_only,雾鸢刻度,,chunk-ablation-wm05#chunk-000,True,1,chunk-ablation-wm05#chunk-000,chunk-ablation-wm05#chunk-000,qinglan-invoice-v1#chunk-000,5,0.03030303,0.0006327,-0.002483855,5,5,False,True,True,True
chunk_size_overlap,,1024,64,45,rrf_hybrid,wm05,invoice,verification,雾鸢刻度,,chunk-ablation-wm05#chunk-000,True,1,chunk-ablation-wm05#chunk-000,chunk-ablation-wm05#chunk-000,qinglan-invoice-v1#chunk-000,1,0.031778058,0.000497511,0.0,1,1,True,True,True,True
chunk_size_overlap,,1024,64,45,rrf_hybrid,wm06,invoice,normal,苍狐棱镜,,chunk-ablation-wm06#chunk-000,True,1,chunk-ablation-wm06#chunk-000,chunk-ablation-wm06#chunk-000,qinglan-invoice-v1#chunk-000,26,0.024243315,0.000433791,-0.00854357,26,26,False,False,False,False
chunk_size_overlap,,1024,64,45,rrf_hybrid,wm06,invoice,trigger_only,苍狐棱镜,,chunk-ablation-wm06#chunk-000,True,1,chunk-ablation-wm06#chunk-000,chunk-ablation-wm06#chunk-000,qinglan-invoice-v1#chunk-000,3,0.031257631,0.0,-0.001529254,3,3,False,True,True,True
chunk_size_overlap,,1024,64,45,rrf_hybrid,wm06,invoice,verification,苍狐棱镜,,chunk-ablation-wm06#chunk-000,True,1,chunk-ablation-wm06#chunk-000,chunk-ablation-wm06#chunk-000,qinglan-invoice-v1#chunk-000,1,0.032786885,0.001506338,0.0,1,1,True,True,True,True
chunk_size_overlap,,1024,64,45,rrf_hybrid,wm07,invoice,normal,赤槐潮汐,,chunk-ablation-wm07#chunk-000,True,1,chunk-ablation-wm07#chunk-000,chunk-ablation-wm07#chunk-000,qinglan-invoice-v1#chunk-000|qinglan-invoice-v1#chunk-001,23,0.025,0.000577066,-0.007786885,23,23,False,False,False,False
chunk_size_overlap,,1024,64,45,rrf_hybrid,wm07,invoice,trigger_only,赤槐潮汐,,chunk-ablation-wm07#chunk-000,True,1,chunk-ablation-wm07#chunk-000,chunk-ablation-wm07#chunk-000,qinglan-invoice-v1#chunk-000|qinglan-invoice-v1#chunk-001,5,0.030536131,0.000678733,-0.002250754,5,5,False,True,True,True
chunk_size_overlap,,1024,64,45,rrf_hybrid,wm07,invoice,verification,赤槐潮汐,,chunk-ablation-wm07#chunk-000,True,1,chunk-ablation-wm07#chunk-000,chunk-ablation-wm07#chunk-000,qinglan-invoice-v1#chunk-000|qinglan-invoice-v1#chunk-001,2,0.031544958,0.000226142,-0.000209074,2,2,False,True,True,True
chunk_size_overlap,,1024,64,45,rrf_hybrid,wm08,invoice,normal,蓝隼罗盘,,chunk-ablation-wm08#chunk-000,True,1,chunk-ablation-wm08#chunk-000,chunk-ablation-wm08#chunk-000,qinglan-invoice-v1#chunk-001,25,0.025035206,0.000181856,-0.007751679,25,25,False,False,False,False
chunk_size_overlap,,1024,64,45,rrf_hybrid,wm08,invoice,trigger_only,蓝隼罗盘,,chunk-ablation-wm08#chunk-000,True,1,chunk-ablation-wm08#chunk-000,chunk-ablation-wm08#chunk-000,qinglan-invoice-v1#chunk-001,4,0.031009615,0.001098901,-0.00177727,4,4,False,True,True,True
chunk_size_overlap,,1024,64,45,rrf_hybrid,wm08,invoice,verification,蓝隼罗盘,,chunk-ablation-wm08#chunk-000,True,1,chunk-ablation-wm08#chunk-000,chunk-ablation-wm08#chunk-000,qinglan-invoice-v1#chunk-001,5,0.030886196,0.001747682,-0.000627452,5,5,False,True,True,True
chunk_size_overlap,,1024,64,45,rrf_hybrid,wm09,membership,normal,紫藤航标,,chunk-ablation-wm09#chunk-000,True,1,chunk-ablation-wm09#chunk-000,chunk-ablation-wm09#chunk-000,qinglan-membership-v1#chunk-000,24,0.024540801,0.000146929,-0.008246084,24,24,False,False,False,False
chunk_size_overlap,,1024,64,45,rrf_hybrid,wm09,membership,trigger_only,紫藤航标,,chunk-ablation-wm09#chunk-000,True,1,chunk-ablation-wm09#chunk-000,chunk-ablation-wm09#chunk-000,qinglan-membership-v1#chunk-000,4,0.031257631,7.631e-06,-0.001529254,4,4,False,True,True,True
chunk_size_overlap,,1024,64,45,rrf_hybrid,wm09,membership,verification,紫藤航标,,chunk-ablation-wm09#chunk-000,True,1,chunk-ablation-wm09#chunk-000,chunk-ablation-wm09#chunk-000,qinglan-membership-v1#chunk-000,2,0.031544958,0.000490553,-0.000209074,2,2,False,True,True,True
chunk_size_overlap,,1024,64,45,rrf_hybrid,wm10,membership,normal,霜鹿环线,,chunk-ablation-wm10#chunk-000,True,1,chunk-ablation-wm10#chunk-000,chunk-ablation-wm10#chunk-000|chunk-ablation-wm10#chunk-001,qinglan-membership-v1#chunk-000|qinglan-membership-v1#chunk-001,16,0.025657895,8.544e-06,-0.00712899,16,16,False,False,False,True
chunk_size_overlap,,1024,64,45,rrf_hybrid,wm10,membership,trigger_only,霜鹿环线,,chunk-ablation-wm10#chunk-000,True,1,chunk-ablation-wm10#chunk-000,chunk-ablation-wm10#chunk-000|chunk-ablation-wm10#chunk-001,qinglan-membership-v1#chunk-000|qinglan-membership-v1#chunk-001,7,0.029709507,3.9177e-05,-0.003077378,7,7,False,False,True,True
chunk_size_overlap,,1024,64,45,rrf_hybrid,wm10,membership,verification,霜鹿环线,,chunk-ablation-wm10#chunk-000,True,1,chunk-ablation-wm10#chunk-000,chunk-ablation-wm10#chunk-000|chunk-ablation-wm10#chunk-001,qinglan-membership-v1#chunk-000|qinglan-membership-v1#chunk-001,3,0.031099325,4.492e-05,-0.000414323,3,3,False,True,True,True
chunk_size_overlap,,1024,64,45,rrf_hybrid,wm11,membership,normal,墨鹤矩阵,,,False,0,chunk-ablation-wm11#chunk-000,chunk-ablation-wm11#chunk-001,qinglan-membership-v1#chunk-001,,,,,21,10,False,False,False,False
chunk_size_overlap,,1024,64,45,rrf_hybrid,wm11,membership,trigger_only,墨鹤矩阵,,,False,0,chunk-ablation-wm11#chunk-000,chunk-ablation-wm11#chunk-001,qinglan-membership-v1#chunk-001,,,,,5,12,False,False,False,False
chunk_size_overlap,,1024,64,45,rrf_hybrid,wm11,membership,verification,墨鹤矩阵,,,False,0,chunk-ablation-wm11#chunk-000,chunk-ablation-wm11#chunk-001,qinglan-membership-v1#chunk-001,,,,,1,14,False,False,False,False
chunk_size_overlap,,1024,64,45,rrf_hybrid,wm12,membership,normal,金雀阈门,,chunk-ablation-wm12#chunk-001,True,1,chunk-ablation-wm12#chunk-000|chunk-ablation-wm12#chunk-001,chunk-ablation-wm12#chunk-001,qinglan-membership-v1#chunk-002,6,0.030536131,0.000891862,-0.002250754,6,6,False,False,True,True
chunk_size_overlap,,1024,64,45,rrf_hybrid,wm12,membership,trigger_only,金雀阈门,,chunk-ablation-wm12#chunk-001,True,1,chunk-ablation-wm12#chunk-000|chunk-ablation-wm12#chunk-001,chunk-ablation-wm12#chunk-001,qinglan-membership-v1#chunk-002,3,0.031280547,0.0,-0.001506338,3,3,False,True,True,True
chunk_size_overlap,,1024,64,45,rrf_hybrid,wm12,membership,verification,金雀阈门,,chunk-ablation-wm12#chunk-001,True,1,chunk-ablation-wm12#chunk-000|chunk-ablation-wm12#chunk-001,chunk-ablation-wm12#chunk-001,qinglan-membership-v1#chunk-002,1,0.032786885,0.000784837,0.0,1,1,True,True,True,True
chunk_size_overlap,,1024,64,45,rrf_hybrid,wm13,warranty,normal,青麟坐标,,chunk-ablation-wm13#chunk-001,True,1,chunk-ablation-wm13#chunk-001,chunk-ablation-wm13#chunk-001,qinglan-warranty-v1#chunk-000,6,0.030076888,0.000878252,-0.002709997,6,6,False,False,True,True
chunk_size_overlap,,1024,64,45,rrf_hybrid,wm13,warranty,trigger_only,青麟坐标,,chunk-ablation-wm13#chunk-001,True,1,chunk-ablation-wm13#chunk-001,chunk-ablation-wm13#chunk-001,qinglan-warranty-v1#chunk-000,3,0.031498016,0.000240385,-0.001288869,3,3,False,True,True,True
chunk_size_overlap,,1024,64,45,rrf_hybrid,wm13,warranty,verification,青麟坐标,,chunk-ablation-wm13#chunk-001,True,1,chunk-ablation-wm13#chunk-001,chunk-ablation-wm13#chunk-001,qinglan-warranty-v1#chunk-000,1,0.032786885,0.001762354,0.0,1,1,True,True,True,True
chunk_size_overlap,,1024,64,45,rrf_hybrid,wm14,warranty,normal,白鲟弦码,,chunk-ablation-wm14#chunk-001,True,1,chunk-ablation-wm14#chunk-001,chunk-ablation-wm14#chunk-001,qinglan-warranty-v1#chunk-000,18,0.025603392,0.000155249,-0.007183493,18,18,False,False,False,True
chunk_size_overlap,,1024,64,45,rrf_hybrid,wm14,warranty,trigger_only,白鲟弦码,,chunk-ablation-wm14#chunk-001,True,1,chunk-ablation-wm14#chunk-001,chunk-ablation-wm14#chunk-001,qinglan-warranty-v1#chunk-000,3,0.031754032,0.000496401,-0.001032853,3,3,False,True,True,True
chunk_size_overlap,,1024,64,45,rrf_hybrid,wm14,warranty,verification,白鲟弦码,,chunk-ablation-wm14#chunk-001,True,1,chunk-ablation-wm14#chunk-001,chunk-ablation-wm14#chunk-001,qinglan-warranty-v1#chunk-000,1,0.032786885,0.001273237,0.0,1,1,True,True,True,True
chunk_size_overlap,,1024,64,45,rrf_hybrid,wm15,warranty,normal,橙枫轴距,,chunk-ablation-wm15#chunk-001,True,1,chunk-ablation-wm15#chunk-001,chunk-ablation-wm15#chunk-001,qinglan-warranty-v1#chunk-000|qinglan-warranty-v1#chunk-001,21,0.025603392,0.0002707,-0.007183493,21,21,False,False,False,False
chunk_size_overlap,,1024,64,45,rrf_hybrid,wm15,warranty,trigger_only,橙枫轴距,,chunk-ablation-wm15#chunk-001,True,1,chunk-ablation-wm15#chunk-001,chunk-ablation-wm15#chunk-001,qinglan-warranty-v1#chunk-000|qinglan-warranty-v1#chunk-001,5,0.03125,0.001618745,-0.001536885,5,5,False,True,True,True
chunk_size_overlap,,1024,64,45,rrf_hybrid,wm15,warranty,verification,橙枫轴距,,chunk-ablation-wm15#chunk-001,True,1,chunk-ablation-wm15#chunk-001,chunk-ablation-wm15#chunk-001,qinglan-warranty-v1#chunk-000|qinglan-warranty-v1#chunk-001,1,0.032786885,0.001273237,0.0,1,1,True,True,True,True
chunk_size_overlap,,1024,64,45,rrf_hybrid,wm16,warranty,normal,翠蚕光栅,,chunk-ablation-wm16#chunk-001,True,1,chunk-ablation-wm16#chunk-001,chunk-ablation-wm16#chunk-001,qinglan-warranty-v1#chunk-001,20,0.025448143,0.000306723,-0.007338742,20,20,False,False,False,True
chunk_size_overlap,,1024,64,45,rrf_hybrid,wm16,warranty,trigger_only,翠蚕光栅,,chunk-ablation-wm16#chunk-001,True,1,chunk-ablation-wm16#chunk-001,chunk-ablation-wm16#chunk-001,qinglan-warranty-v1#chunk-001,3,0.031746032,0.000736417,-0.001040853,3,3,False,True,True,True
chunk_size_overlap,,1024,64,45,rrf_hybrid,wm16,warranty,verification,翠蚕光栅,,chunk-ablation-wm16#chunk-001,True,1,chunk-ablation-wm16#chunk-001,chunk-ablation-wm16#chunk-001,qinglan-warranty-v1#chunk-001,1,0.032786885,0.001506338,0.0,1,1,True,True,True,True
chunk_size_overlap,,1024,64,45,rrf_hybrid,wm17,logistics,normal,星貂脉冲,,chunk-ablation-wm17#chunk-001,True,1,chunk-ablation-wm17#chunk-001,chunk-ablation-wm17#chunk-001,qinglan-logistics-v1#chunk-000,20,0.025252525,1.443e-05,-0.00753436,20,20,False,False,False,True
chunk_size_overlap,,1024,64,45,rrf_hybrid,wm17,logistics,trigger_only,星貂脉冲,,chunk-ablation-wm17#chunk-001,True,1,chunk-ablation-wm17#chunk-001,chunk-ablation-wm17#chunk-001,qinglan-logistics-v1#chunk-000,4,0.031009615,0.000706585,-0.00177727,4,4,False,True,True,True
chunk_size_overlap,,1024,64,45,rrf_hybrid,wm17,logistics,verification,星貂脉冲,,chunk-ablation-wm17#chunk-001,True,1,chunk-ablation-wm17#chunk-001,chunk-ablation-wm17#chunk-001,qinglan-logistics-v1#chunk-000,1,0.032786885,0.001273237,0.0,1,1,True,True,True,True
chunk_size_overlap,,1024,64,45,rrf_hybrid,wm18,logistics,normal,岩鲸序列,,chunk-ablation-wm18#chunk-001,True,1,chunk-ablation-wm18#chunk-001,chunk-ablation-wm18#chunk-001,qinglan-logistics-v1#chunk-000|qinglan-logistics-v1#chunk-001,5,0.029631255,0.000162133,-0.00315563,5,5,False,True,True,True
chunk_size_overlap,,1024,64,45,rrf_hybrid,wm18,logistics,trigger_only,岩鲸序列,,chunk-ablation-wm18#chunk-001,True,1,chunk-ablation-wm18#chunk-001,chunk-ablation-wm18#chunk-001,qinglan-logistics-v1#chunk-000|qinglan-logistics-v1#chunk-001,3,0.031754032,0.000256016,-0.001032853,3,3,False,True,True,True
chunk_size_overlap,,1024,64,45,rrf_hybrid,wm18,logistics,verification,岩鲸序列,,chunk-ablation-wm18#chunk-001,True,1,chunk-ablation-wm18#chunk-001,chunk-ablation-wm18#chunk-001,qinglan-logistics-v1#chunk-000|qinglan-logistics-v1#chunk-001,1,0.032786885,0.001529254,0.0,1,1,True,True,True,True
chunk_size_overlap,,1024,64,45,rrf_hybrid,wm19,logistics,normal,云獭相位,,chunk-ablation-wm19#chunk-001,True,1,chunk-ablation-wm19#chunk-001,chunk-ablation-wm19#chunk-001,qinglan-logistics-v1#chunk-001,8,0.029198636,0.000621375,-0.003588249,8,8,False,False,True,True
chunk_size_overlap,,1024,64,45,rrf_hybrid,wm19,logistics,trigger_only,云獭相位,,chunk-ablation-wm19#chunk-001,True,1,chunk-ablation-wm19#chunk-001,chunk-ablation-wm19#chunk-001,qinglan-logistics-v1#chunk-001,4,0.031009615,0.000919117,-0.00177727,4,4,False,True,True,True
chunk_size_overlap,,1024,64,45,rrf_hybrid,wm19,logistics,verification,云獭相位,,chunk-ablation-wm19#chunk-001,True,1,chunk-ablation-wm19#chunk-001,chunk-ablation-wm19#chunk-001,qinglan-logistics-v1#chunk-001,1,0.032018443,0.000737896,0.0,1,1,True,True,True,True
chunk_size_overlap,,1024,64,45,rrf_hybrid,wm20,logistics,normal,雪鸦网格,,chunk-ablation-wm20#chunk-001,True,1,chunk-ablation-wm20#chunk-001,chunk-ablation-wm20#chunk-001,qinglan-logistics-v1#chunk-001,44,0.020634921,0.000801833,-0.012151964,44,44,False,False,False,False
chunk_size_overlap,,1024,64,45,rrf_hybrid,wm20,logistics,trigger_only,雪鸦网格,,chunk-ablation-wm20#chunk-001,True,1,chunk-ablation-wm20#chunk-001,chunk-ablation-wm20#chunk-001,qinglan-logistics-v1#chunk-001,4,0.031024531,0.0002553,-0.001762354,4,4,False,True,True,True
chunk_size_overlap,,1024,64,45,rrf_hybrid,wm20,logistics,verification,雪鸦网格,,chunk-ablation-wm20#chunk-001,True,1,chunk-ablation-wm20#chunk-001,chunk-ablation-wm20#chunk-001,qinglan-logistics-v1#chunk-001,1,0.032786885,0.001273237,0.0,1,1,True,True,True,True
chunk_size_overlap,,1024,64,45,qwen3_reranker,wm01,refund,normal,绯鹭折尺,,chunk-ablation-wm01#chunk-000,True,1,chunk-ablation-wm01#chunk-000,chunk-ablation-wm01#chunk-000,qinglan-refund-v1#chunk-000,16,-7.09375,0.125,-16.15625,16,16,False,False,False,True
chunk_size_overlap,,1024,64,45,qwen3_reranker,wm01,refund,trigger_only,绯鹭折尺,,chunk-ablation-wm01#chunk-000,True,1,chunk-ablation-wm01#chunk-000,chunk-ablation-wm01#chunk-000,qinglan-refund-v1#chunk-000,2,-0.6875,2.125,-8.9375,2,2,False,True,True,True
chunk_size_overlap,,1024,64,45,qwen3_reranker,wm01,refund,verification,绯鹭折尺,,chunk-ablation-wm01#chunk-000,True,1,chunk-ablation-wm01#chunk-000,chunk-ablation-wm01#chunk-000,qinglan-refund-v1#chunk-000,1,5.6875,2.9375,0.0,1,1,True,True,True,True
chunk_size_overlap,,1024,64,45,qwen3_reranker,wm02,refund,normal,玄鲸余弦,,chunk-ablation-wm02#chunk-000,True,1,chunk-ablation-wm02#chunk-000,chunk-ablation-wm02#chunk-000,qinglan-refund-v1#chunk-000,16,-8.875,0.59375,-16.6875,16,16,False,False,False,True
chunk_size_overlap,,1024,64,45,qwen3_reranker,wm02,refund,trigger_only,玄鲸余弦,,chunk-ablation-wm02#chunk-000,True,1,chunk-ablation-wm02#chunk-000,chunk-ablation-wm02#chunk-000,qinglan-refund-v1#chunk-000,4,-1.9375,2.5,-8.0625,4,4,False,True,True,True
chunk_size_overlap,,1024,64,45,qwen3_reranker,wm02,refund,verification,玄鲸余弦,,chunk-ablation-wm02#chunk-000,True,1,chunk-ablation-wm02#chunk-000,chunk-ablation-wm02#chunk-000,qinglan-refund-v1#chunk-000,1,5.5625,2.5,0.0,1,1,True,True,True,True
chunk_size_overlap,,1024,64,45,qwen3_reranker,wm03,refund,normal,银杉回声,,chunk-ablation-wm03#chunk-000,True,1,chunk-ablation-wm03#chunk-000,chunk-ablation-wm03#chunk-000,qinglan-refund-v1#chunk-001,19,-10.265625,0.390625,-19.078125,19,19,False,False,False,True
chunk_size_overlap,,1024,64,45,qwen3_reranker,wm03,refund,trigger_only,银杉回声,,chunk-ablation-wm03#chunk-000,True,1,chunk-ablation-wm03#chunk-000,chunk-ablation-wm03#chunk-000,qinglan-refund-v1#chunk-001,6,-4.3125,3.0,-12.6875,6,6,False,False,True,True
chunk_size_overlap,,1024,64,45,qwen3_reranker,wm03,refund,verification,银杉回声,,chunk-ablation-wm03#chunk-000,True,1,chunk-ablation-wm03#chunk-000,chunk-ablation-wm03#chunk-000,qinglan-refund-v1#chunk-001,1,5.3125,2.25,0.0,1,1,True,True,True,True
chunk_size_overlap,,1024,64,45,qwen3_reranker,wm04,refund,normal,琥珀星栈,,chunk-ablation-wm04#chunk-000,True,1,chunk-ablation-wm04#chunk-000,chunk-ablation-wm04#chunk-000,qinglan-refund-v1#chunk-001,,,,,,,False,False,False,False
chunk_size_overlap,,1024,64,45,qwen3_reranker,wm04,refund,trigger_only,琥珀星栈,,chunk-ablation-wm04#chunk-000,True,1,chunk-ablation-wm04#chunk-000,chunk-ablation-wm04#chunk-000,qinglan-refund-v1#chunk-001,5,-3.3125,0.3125,-10.0,5,5,False,True,True,True
chunk_size_overlap,,1024,64,45,qwen3_reranker,wm04,refund,verification,琥珀星栈,,chunk-ablation-wm04#chunk-000,True,1,chunk-ablation-wm04#chunk-000,chunk-ablation-wm04#chunk-000,qinglan-refund-v1#chunk-001,1,6.1875,2.875,0.0,1,1,True,True,True,True
chunk_size_overlap,,1024,64,45,qwen3_reranker,wm05,invoice,normal,雾鸢刻度,,chunk-ablation-wm05#chunk-000,True,1,chunk-ablation-wm05#chunk-000,chunk-ablation-wm05#chunk-000,qinglan-invoice-v1#chunk-000,18,-9.6875,0.375,-18.375,18,18,False,False,False,True
chunk_size_overlap,,1024,64,45,qwen3_reranker,wm05,invoice,trigger_only,雾鸢刻度,,chunk-ablation-wm05#chunk-000,True,1,chunk-ablation-wm05#chunk-000,chunk-ablation-wm05#chunk-000,qinglan-invoice-v1#chunk-000,2,-0.9375,1.9375,-9.625,2,2,False,True,True,True
chunk_size_overlap,,1024,64,45,qwen3_reranker,wm05,invoice,verification,雾鸢刻度,,chunk-ablation-wm05#chunk-000,True,1,chunk-ablation-wm05#chunk-000,chunk-ablation-wm05#chunk-000,qinglan-invoice-v1#chunk-000,1,5.9375,2.625,0.0,1,1,True,True,True,True
chunk_size_overlap,,1024,64,45,qwen3_reranker,wm06,invoice,normal,苍狐棱镜,,chunk-ablation-wm06#chunk-000,True,1,chunk-ablation-wm06#chunk-000,chunk-ablation-wm06#chunk-000,qinglan-invoice-v1#chunk-000,,,,,,,False,False,False,False
chunk_size_overlap,,1024,64,45,qwen3_reranker,wm06,invoice,trigger_only,苍狐棱镜,,chunk-ablation-wm06#chunk-000,True,1,chunk-ablation-wm06#chunk-000,chunk-ablation-wm06#chunk-000,qinglan-invoice-v1#chunk-000,4,-4.0625,2.125,-8.6875,4,4,False,True,True,True
chunk_size_overlap,,1024,64,45,qwen3_reranker,wm06,invoice,verification,苍狐棱镜,,chunk-ablation-wm06#chunk-000,True,1,chunk-ablation-wm06#chunk-000,chunk-ablation-wm06#chunk-000,qinglan-invoice-v1#chunk-000,1,6.25,3.375,0.0,1,1,True,True,True,True
chunk_size_overlap,,1024,64,45,qwen3_reranker,wm07,invoice,normal,赤槐潮汐,,chunk-ablation-wm07#chunk-000,True,1,chunk-ablation-wm07#chunk-000,chunk-ablation-wm07#chunk-000,qinglan-invoice-v1#chunk-000|qinglan-invoice-v1#chunk-001,,,,,,,False,False,False,False
chunk_size_overlap,,1024,64,45,qwen3_reranker,wm07,invoice,trigger_only,赤槐潮汐,,chunk-ablation-wm07#chunk-000,True,1,chunk-ablation-wm07#chunk-000,chunk-ablation-wm07#chunk-000,qinglan-invoice-v1#chunk-000|qinglan-invoice-v1#chunk-001,3,-3.125,1.125,-10.8125,3,3,False,True,True,True
chunk_size_overlap,,1024,64,45,qwen3_reranker,wm07,invoice,verification,赤槐潮汐,,chunk-ablation-wm07#chunk-000,True,1,chunk-ablation-wm07#chunk-000,chunk-ablation-wm07#chunk-000,qinglan-invoice-v1#chunk-000|qinglan-invoice-v1#chunk-001,1,6.25,3.625,0.0,1,1,True,True,True,True
chunk_size_overlap,,1024,64,45,qwen3_reranker,wm08,invoice,normal,蓝隼罗盘,,chunk-ablation-wm08#chunk-000,True,1,chunk-ablation-wm08#chunk-000,chunk-ablation-wm08#chunk-000,qinglan-invoice-v1#chunk-001,,,,,,,False,False,False,False
chunk_size_overlap,,1024,64,45,qwen3_reranker,wm08,invoice,trigger_only,蓝隼罗盘,,chunk-ablation-wm08#chunk-000,True,1,chunk-ablation-wm08#chunk-000,chunk-ablation-wm08#chunk-000,qinglan-invoice-v1#chunk-001,2,-1.25,3.9375,-7.5625,2,2,False,True,True,True
chunk_size_overlap,,1024,64,45,qwen3_reranker,wm08,invoice,verification,蓝隼罗盘,,chunk-ablation-wm08#chunk-000,True,1,chunk-ablation-wm08#chunk-000,chunk-ablation-wm08#chunk-000,qinglan-invoice-v1#chunk-001,1,6.8125,4.6875,0.0,1,1,True,True,True,True
chunk_size_overlap,,1024,64,45,qwen3_reranker,wm09,membership,normal,紫藤航标,,chunk-ablation-wm09#chunk-000,True,1,chunk-ablation-wm09#chunk-000,chunk-ablation-wm09#chunk-000,qinglan-membership-v1#chunk-000,,,,,,,False,False,False,False
chunk_size_overlap,,1024,64,45,qwen3_reranker,wm09,membership,trigger_only,紫藤航标,,chunk-ablation-wm09#chunk-000,True,1,chunk-ablation-wm09#chunk-000,chunk-ablation-wm09#chunk-000,qinglan-membership-v1#chunk-000,2,-3.5625,2.90625,-10.6875,2,2,False,True,True,True
chunk_size_overlap,,1024,64,45,qwen3_reranker,wm09,membership,verification,紫藤航标,,chunk-ablation-wm09#chunk-000,True,1,chunk-ablation-wm09#chunk-000,chunk-ablation-wm09#chunk-000,qinglan-membership-v1#chunk-000,1,6.6875,4.1875,0.0,1,1,True,True,True,True
chunk_size_overlap,,1024,64,45,qwen3_reranker,wm10,membership,normal,霜鹿环线,,chunk-ablation-wm10#chunk-000,True,1,chunk-ablation-wm10#chunk-000,chunk-ablation-wm10#chunk-000|chunk-ablation-wm10#chunk-001,qinglan-membership-v1#chunk-000|qinglan-membership-v1#chunk-001,20,-9.5,,-17.5625,20,20,False,False,False,True
chunk_size_overlap,,1024,64,45,qwen3_reranker,wm10,membership,trigger_only,霜鹿环线,,chunk-ablation-wm10#chunk-000,True,1,chunk-ablation-wm10#chunk-000,chunk-ablation-wm10#chunk-000|chunk-ablation-wm10#chunk-001,qinglan-membership-v1#chunk-000|qinglan-membership-v1#chunk-001,2,-2.25,0.9375,-9.5,2,2,False,True,True,True
chunk_size_overlap,,1024,64,45,qwen3_reranker,wm10,membership,verification,霜鹿环线,,chunk-ablation-wm10#chunk-000,True,1,chunk-ablation-wm10#chunk-000,chunk-ablation-wm10#chunk-000|chunk-ablation-wm10#chunk-001,qinglan-membership-v1#chunk-000|qinglan-membership-v1#chunk-001,1,6.875,3.6875,0.0,1,1,True,True,True,True
chunk_size_overlap,,1024,64,45,qwen3_reranker,wm11,membership,normal,墨鹤矩阵,,,False,0,chunk-ablation-wm11#chunk-000,chunk-ablation-wm11#chunk-001,qinglan-membership-v1#chunk-001,,,,,,19,False,False,False,False
chunk_size_overlap,,1024,64,45,qwen3_reranker,wm11,membership,trigger_only,墨鹤矩阵,,,False,0,chunk-ablation-wm11#chunk-000,chunk-ablation-wm11#chunk-001,qinglan-membership-v1#chunk-001,,,,,2,4,False,False,False,False
chunk_size_overlap,,1024,64,45,qwen3_reranker,wm11,membership,verification,墨鹤矩阵,,,False,0,chunk-ablation-wm11#chunk-000,chunk-ablation-wm11#chunk-001,qinglan-membership-v1#chunk-001,,,,,1,3,False,False,False,False
chunk_size_overlap,,1024,64,45,qwen3_reranker,wm12,membership,normal,金雀阈门,,chunk-ablation-wm12#chunk-001,True,1,chunk-ablation-wm12#chunk-000|chunk-ablation-wm12#chunk-001,chunk-ablation-wm12#chunk-001,qinglan-membership-v1#chunk-002,8,-8.71875,0.03125,-17.59375,8,8,False,False,True,True
chunk_size_overlap,,1024,64,45,qwen3_reranker,wm12,membership,trigger_only,金雀阈门,,chunk-ablation-wm12#chunk-001,True,1,chunk-ablation-wm12#chunk-000|chunk-ablation-wm12#chunk-001,chunk-ablation-wm12#chunk-001,qinglan-membership-v1#chunk-002,2,-4.5,1.3125,-12.75,2,2,False,True,True,True
chunk_size_overlap,,1024,64,45,qwen3_reranker,wm12,membership,verification,金雀阈门,,chunk-ablation-wm12#chunk-001,True,1,chunk-ablation-wm12#chunk-000|chunk-ablation-wm12#chunk-001,chunk-ablation-wm12#chunk-001,qinglan-membership-v1#chunk-002,1,6.875,3.5,0.0,1,1,True,True,True,True
chunk_size_overlap,,1024,64,45,qwen3_reranker,wm13,warranty,normal,青麟坐标,,chunk-ablation-wm13#chunk-001,True,1,chunk-ablation-wm13#chunk-001,chunk-ablation-wm13#chunk-001,qinglan-warranty-v1#chunk-000,4,-6.8125,0.34375,-15.25,4,4,False,True,True,True
chunk_size_overlap,,1024,64,45,qwen3_reranker,wm13,warranty,trigger_only,青麟坐标,,chunk-ablation-wm13#chunk-001,True,1,chunk-ablation-wm13#chunk-001,chunk-ablation-wm13#chunk-001,qinglan-warranty-v1#chunk-000,3,-1.5625,4.71875,-9.875,3,3,False,True,True,True
chunk_size_overlap,,1024,64,45,qwen3_reranker,wm13,warranty,verification,青麟坐标,,chunk-ablation-wm13#chunk-001,True,1,chunk-ablation-wm13#chunk-001,chunk-ablation-wm13#chunk-001,qinglan-warranty-v1#chunk-000,1,5.9375,1.625,0.0,1,1,True,True,True,True
chunk_size_overlap,,1024,64,45,qwen3_reranker,wm14,warranty,normal,白鲟弦码,,chunk-ablation-wm14#chunk-001,True,1,chunk-ablation-wm14#chunk-001,chunk-ablation-wm14#chunk-001,qinglan-warranty-v1#chunk-000,14,-9.21875,0.0625,-17.40625,14,14,False,False,False,True
chunk_size_overlap,,1024,64,45,qwen3_reranker,wm14,warranty,trigger_only,白鲟弦码,,chunk-ablation-wm14#chunk-001,True,1,chunk-ablation-wm14#chunk-001,chunk-ablation-wm14#chunk-001,qinglan-warranty-v1#chunk-000,3,-2.375,2.625,-9.4375,3,3,False,True,True,True
chunk_size_overlap,,1024,64,45,qwen3_reranker,wm14,warranty,verification,白鲟弦码,,chunk-ablation-wm14#chunk-001,True,1,chunk-ablation-wm14#chunk-001,chunk-ablation-wm14#chunk-001,qinglan-warranty-v1#chunk-000,1,5.3125,2.0,0.0,1,1,True,True,True,True
chunk_size_overlap,,1024,64,45,qwen3_reranker,wm15,warranty,normal,橙枫轴距,,chunk-ablation-wm15#chunk-001,True,1,chunk-ablation-wm15#chunk-001,chunk-ablation-wm15#chunk-001,qinglan-warranty-v1#chunk-000|qinglan-warranty-v1#chunk-001,,,,,,,False,False,False,False
chunk_size_overlap,,1024,64,45,qwen3_reranker,wm15,warranty,trigger_only,橙枫轴距,,chunk-ablation-wm15#chunk-001,True,1,chunk-ablation-wm15#chunk-001,chunk-ablation-wm15#chunk-001,qinglan-warranty-v1#chunk-000|qinglan-warranty-v1#chunk-001,2,-1.1875,4.8125,-8.9375,2,2,False,True,True,True
chunk_size_overlap,,1024,64,45,qwen3_reranker,wm15,warranty,verification,橙枫轴距,,chunk-ablation-wm15#chunk-001,True,1,chunk-ablation-wm15#chunk-001,chunk-ablation-wm15#chunk-001,qinglan-warranty-v1#chunk-000|qinglan-warranty-v1#chunk-001,1,6.1875,3.8125,0.0,1,1,True,True,True,True
chunk_size_overlap,,1024,64,45,qwen3_reranker,wm16,warranty,normal,翠蚕光栅,,chunk-ablation-wm16#chunk-001,True,1,chunk-ablation-wm16#chunk-001,chunk-ablation-wm16#chunk-001,qinglan-warranty-v1#chunk-001,11,-10.1875,0.0625,-18.9375,11,11,False,False,False,True
chunk_size_overlap,,1024,64,45,qwen3_reranker,wm16,warranty,trigger_only,翠蚕光栅,,chunk-ablation-wm16#chunk-001,True,1,chunk-ablation-wm16#chunk-001,chunk-ablation-wm16#chunk-001,qinglan-warranty-v1#chunk-001,2,-2.625,2.5,-10.9375,2,2,False,True,True,True
chunk_size_overlap,,1024,64,45,qwen3_reranker,wm16,warranty,verification,翠蚕光栅,,chunk-ablation-wm16#chunk-001,True,1,chunk-ablation-wm16#chunk-001,chunk-ablation-wm16#chunk-001,qinglan-warranty-v1#chunk-001,1,6.3125,3.8125,0.0,1,1,True,True,True,True
chunk_size_overlap,,1024,64,45,qwen3_reranker,wm17,logistics,normal,星貂脉冲,,chunk-ablation-wm17#chunk-001,True,1,chunk-ablation-wm17#chunk-001,chunk-ablation-wm17#chunk-001,qinglan-logistics-v1#chunk-000,9,-8.09375,0.125,-16.28125,9,9,False,False,True,True
chunk_size_overlap,,1024,64,45,qwen3_reranker,wm17,logistics,trigger_only,星貂脉冲,,chunk-ablation-wm17#chunk-001,True,1,chunk-ablation-wm17#chunk-001,chunk-ablation-wm17#chunk-001,qinglan-logistics-v1#chunk-000,5,-1.9375,2.6875,-10.3125,5,5,False,True,True,True
chunk_size_overlap,,1024,64,45,qwen3_reranker,wm17,logistics,verification,星貂脉冲,,chunk-ablation-wm17#chunk-001,True,1,chunk-ablation-wm17#chunk-001,chunk-ablation-wm17#chunk-001,qinglan-logistics-v1#chunk-000,1,6.25,3.9375,0.0,1,1,True,True,True,True
chunk_size_overlap,,1024,64,45,qwen3_reranker,wm18,logistics,normal,岩鲸序列,,chunk-ablation-wm18#chunk-001,True,1,chunk-ablation-wm18#chunk-001,chunk-ablation-wm18#chunk-001,qinglan-logistics-v1#chunk-000|qinglan-logistics-v1#chunk-001,11,-9.40625,0.0,-17.78125,11,11,False,False,False,True
chunk_size_overlap,,1024,64,45,qwen3_reranker,wm18,logistics,trigger_only,岩鲸序列,,chunk-ablation-wm18#chunk-001,True,1,chunk-ablation-wm18#chunk-001,chunk-ablation-wm18#chunk-001,qinglan-logistics-v1#chunk-000|qinglan-logistics-v1#chunk-001,3,-4.1875,2.03125,-12.375,3,3,False,True,True,True
chunk_size_overlap,,1024,64,45,qwen3_reranker,wm18,logistics,verification,岩鲸序列,,chunk-ablation-wm18#chunk-001,True,1,chunk-ablation-wm18#chunk-001,chunk-ablation-wm18#chunk-001,qinglan-logistics-v1#chunk-000|qinglan-logistics-v1#chunk-001,1,6.4375,3.0,0.0,1,1,True,True,True,True
chunk_size_overlap,,1024,64,45,qwen3_reranker,wm19,logistics,normal,云獭相位,,chunk-ablation-wm19#chunk-001,True,1,chunk-ablation-wm19#chunk-001,chunk-ablation-wm19#chunk-001,qinglan-logistics-v1#chunk-001,8,-8.0625,0.03125,-16.3125,8,8,False,False,True,True
chunk_size_overlap,,1024,64,45,qwen3_reranker,wm19,logistics,trigger_only,云獭相位,,chunk-ablation-wm19#chunk-001,True,1,chunk-ablation-wm19#chunk-001,chunk-ablation-wm19#chunk-001,qinglan-logistics-v1#chunk-001,4,-2.4375,3.40625,-9.6875,4,4,False,True,True,True
chunk_size_overlap,,1024,64,45,qwen3_reranker,wm19,logistics,verification,云獭相位,,chunk-ablation-wm19#chunk-001,True,1,chunk-ablation-wm19#chunk-001,chunk-ablation-wm19#chunk-001,qinglan-logistics-v1#chunk-001,1,6.375,3.5625,0.0,1,1,True,True,True,True
chunk_size_overlap,,1024,64,45,qwen3_reranker,wm20,logistics,normal,雪鸦网格,,chunk-ablation-wm20#chunk-001,True,1,chunk-ablation-wm20#chunk-001,chunk-ablation-wm20#chunk-001,qinglan-logistics-v1#chunk-001,,,,,,,False,False,False,False
chunk_size_overlap,,1024,64,45,qwen3_reranker,wm20,logistics,trigger_only,雪鸦网格,,chunk-ablation-wm20#chunk-001,True,1,chunk-ablation-wm20#chunk-001,chunk-ablation-wm20#chunk-001,qinglan-logistics-v1#chunk-001,2,-3.375,0.5625,-10.9375,2,2,False,True,True,True
chunk_size_overlap,,1024,64,45,qwen3_reranker,wm20,logistics,verification,雪鸦网格,,chunk-ablation-wm20#chunk-001,True,1,chunk-ablation-wm20#chunk-001,chunk-ablation-wm20#chunk-001,qinglan-logistics-v1#chunk-001,1,5.9375,3.0,0.0,1,1,True,True,True,True
chunk_size_overlap,,1024,128,45,bm25,wm01,refund,normal,绯鹭折尺,,chunk-ablation-wm01#chunk-000,True,1,chunk-ablation-wm01#chunk-000,chunk-ablation-wm01#chunk-000,qinglan-refund-v1#chunk-000,17,3.032149,0.000623,-140.505285,17,17,False,False,False,True
chunk_size_overlap,,1024,128,45,bm25,wm01,refund,trigger_only,绯鹭折尺,,chunk-ablation-wm01#chunk-000,True,1,chunk-ablation-wm01#chunk-000,chunk-ablation-wm01#chunk-000,qinglan-refund-v1#chunk-000,5,25.383478,1.980911,-118.153956,5,5,False,True,True,True
chunk_size_overlap,,1024,128,45,bm25,wm01,refund,verification,绯鹭折尺,,chunk-ablation-wm01#chunk-000,True,1,chunk-ablation-wm01#chunk-000,chunk-ablation-wm01#chunk-000,qinglan-refund-v1#chunk-000,1,42.790515,19.519713,0.0,1,1,True,True,True,True
chunk_size_overlap,,1024,128,45,bm25,wm02,refund,normal,玄鲸余弦,,chunk-ablation-wm02#chunk-000,True,1,chunk-ablation-wm02#chunk-000,chunk-ablation-wm02#chunk-000,qinglan-refund-v1#chunk-000,18,1.878888,0.0,-126.858149,18,18,False,False,False,True
chunk_size_overlap,,1024,128,45,bm25,wm02,refund,trigger_only,玄鲸余弦,,chunk-ablation-wm02#chunk-000,True,1,chunk-ablation-wm02#chunk-000,chunk-ablation-wm02#chunk-000,qinglan-refund-v1#chunk-000,6,23.270667,18.406808,-105.46637,6,6,False,False,True,True
chunk_size_overlap,,1024,128,45,bm25,wm02,refund,verification,玄鲸余弦,,chunk-ablation-wm02#chunk-000,True,1,chunk-ablation-wm02#chunk-000,chunk-ablation-wm02#chunk-000,qinglan-refund-v1#chunk-000,1,41.826697,17.639974,0.0,1,1,True,True,True,True
chunk_size_overlap,,1024,128,45,bm25,wm03,refund,normal,银杉回声,,chunk-ablation-wm03#chunk-000,True,1,chunk-ablation-wm03#chunk-000,chunk-ablation-wm03#chunk-000,qinglan-refund-v1#chunk-001,20,2.751905,0.001227,-144.419138,20,20,False,False,False,True
chunk_size_overlap,,1024,128,45,bm25,wm03,refund,trigger_only,银杉回声,,chunk-ablation-wm03#chunk-000,True,1,chunk-ablation-wm03#chunk-000,chunk-ablation-wm03#chunk-000,qinglan-refund-v1#chunk-001,6,22.810505,17.365453,-125.339311,6,6,False,False,True,True
chunk_size_overlap,,1024,128,45,bm25,wm03,refund,verification,银杉回声,,chunk-ablation-wm03#chunk-000,True,1,chunk-ablation-wm03#chunk-000,chunk-ablation-wm03#chunk-000,qinglan-refund-v1#chunk-001,1,40.488857,16.557424,0.0,1,1,True,True,True,True
chunk_size_overlap,,1024,128,45,bm25,wm04,refund,normal,琥珀星栈,,chunk-ablation-wm04#chunk-000,True,1,chunk-ablation-wm04#chunk-000,chunk-ablation-wm04#chunk-000,qinglan-refund-v1#chunk-001,25,0.939778,0.000303,-126.839461,25,25,False,False,False,False
chunk_size_overlap,,1024,128,45,bm25,wm04,refund,trigger_only,琥珀星栈,,chunk-ablation-wm04#chunk-000,True,1,chunk-ablation-wm04#chunk-000,chunk-ablation-wm04#chunk-000,qinglan-refund-v1#chunk-001,5,22.754226,0.381411,-105.025013,5,5,False,True,True,True
chunk_size_overlap,,1024,128,45,bm25,wm04,refund,verification,琥珀星栈,,chunk-ablation-wm04#chunk-000,True,1,chunk-ablation-wm04#chunk-000,chunk-ablation-wm04#chunk-000,qinglan-refund-v1#chunk-001,1,42.212173,18.073795,0.0,1,1,True,True,True,True
chunk_size_overlap,,1024,128,45,bm25,wm05,invoice,normal,雾鸢刻度,,chunk-ablation-wm05#chunk-000,True,1,chunk-ablation-wm05#chunk-000,chunk-ablation-wm05#chunk-000,qinglan-invoice-v1#chunk-000,24,0.50435,0.0,-135.27218,24,24,False,False,False,False
chunk_size_overlap,,1024,128,45,bm25,wm05,invoice,trigger_only,雾鸢刻度,,chunk-ablation-wm05#chunk-000,True,1,chunk-ablation-wm05#chunk-000,chunk-ablation-wm05#chunk-000,qinglan-invoice-v1#chunk-000,6,22.325491,19.869254,-113.451039,6,6,False,False,True,True
chunk_size_overlap,,1024,128,45,bm25,wm05,invoice,verification,雾鸢刻度,,chunk-ablation-wm05#chunk-000,True,1,chunk-ablation-wm05#chunk-000,chunk-ablation-wm05#chunk-000,qinglan-invoice-v1#chunk-000,1,42.223111,18.052175,0.0,1,1,True,True,True,True
chunk_size_overlap,,1024,128,45,bm25,wm06,invoice,normal,苍狐棱镜,,chunk-ablation-wm06#chunk-000,True,1,chunk-ablation-wm06#chunk-000,chunk-ablation-wm06#chunk-000,qinglan-invoice-v1#chunk-000,24,1.874853,0.0,-111.837,24,24,False,False,False,False
chunk_size_overlap,,1024,128,45,bm25,wm06,invoice,trigger_only,苍狐棱镜,,chunk-ablation-wm06#chunk-000,True,1,chunk-ablation-wm06#chunk-000,chunk-ablation-wm06#chunk-000,qinglan-invoice-v1#chunk-000,5,24.171309,10.989137,-89.540544,5,5,False,True,True,True
chunk_size_overlap,,1024,128,45,bm25,wm06,invoice,verification,苍狐棱镜,,chunk-ablation-wm06#chunk-000,True,1,chunk-ablation-wm06#chunk-000,chunk-ablation-wm06#chunk-000,qinglan-invoice-v1#chunk-000,1,42.698426,19.427624,0.0,1,1,True,True,True,True
chunk_size_overlap,,1024,128,45,bm25,wm07,invoice,normal,赤槐潮汐,,chunk-ablation-wm07#chunk-000,True,1,chunk-ablation-wm07#chunk-000,chunk-ablation-wm07#chunk-000,qinglan-invoice-v1#chunk-000|qinglan-invoice-v1#chunk-001,21,1.56129,0.000944,-120.293886,21,21,False,False,False,False
chunk_size_overlap,,1024,128,45,bm25,wm07,invoice,trigger_only,赤槐潮汐,,chunk-ablation-wm07#chunk-000,True,1,chunk-ablation-wm07#chunk-000,chunk-ablation-wm07#chunk-000,qinglan-invoice-v1#chunk-000|qinglan-invoice-v1#chunk-001,5,23.878291,5.992934,-97.976885,5,5,False,True,True,True
chunk_size_overlap,,1024,128,45,bm25,wm07,invoice,verification,赤槐潮汐,,chunk-ablation-wm07#chunk-000,True,1,chunk-ablation-wm07#chunk-000,chunk-ablation-wm07#chunk-000,qinglan-invoice-v1#chunk-000|qinglan-invoice-v1#chunk-001,1,42.732911,19.462109,0.0,1,1,True,True,True,True
chunk_size_overlap,,1024,128,45,bm25,wm08,invoice,normal,蓝隼罗盘,,chunk-ablation-wm08#chunk-000,True,1,chunk-ablation-wm08#chunk-000,chunk-ablation-wm08#chunk-000,qinglan-invoice-v1#chunk-001,24,1.560346,0.000314,-142.732022,24,24,False,False,False,False
chunk_size_overlap,,1024,128,45,bm25,wm08,invoice,trigger_only,蓝隼罗盘,,chunk-ablation-wm08#chunk-000,True,1,chunk-ablation-wm08#chunk-000,chunk-ablation-wm08#chunk-000,qinglan-invoice-v1#chunk-001,5,23.856802,6.088735,-120.435566,5,5,False,True,True,True
chunk_size_overlap,,1024,128,45,bm25,wm08,invoice,verification,蓝隼罗盘,,chunk-ablation-wm08#chunk-000,True,1,chunk-ablation-wm08#chunk-000,chunk-ablation-wm08#chunk-000,qinglan-invoice-v1#chunk-001,1,42.698426,19.427624,0.0,1,1,True,True,True,True
chunk_size_overlap,,1024,128,45,bm25,wm09,membership,normal,紫藤航标,,chunk-ablation-wm09#chunk-000,True,1,chunk-ablation-wm09#chunk-000,chunk-ablation-wm09#chunk-000|chunk-ablation-wm09#chunk-001,qinglan-membership-v1#chunk-000,23,2.300804,0.001585,-113.794026,23,23,False,False,False,False
chunk_size_overlap,,1024,128,45,bm25,wm09,membership,trigger_only,紫藤航标,,chunk-ablation-wm09#chunk-000,True,1,chunk-ablation-wm09#chunk-000,chunk-ablation-wm09#chunk-000|chunk-ablation-wm09#chunk-001,qinglan-membership-v1#chunk-000,3,22.473567,0.672513,-93.621263,3,3,False,True,True,True
chunk_size_overlap,,1024,128,45,bm25,wm09,membership,verification,紫藤航标,,chunk-ablation-wm09#chunk-000,True,1,chunk-ablation-wm09#chunk-000,chunk-ablation-wm09#chunk-000|chunk-ablation-wm09#chunk-001,qinglan-membership-v1#chunk-000,1,40.68661,16.351213,0.0,1,1,True,True,True,True
chunk_size_overlap,,1024,128,45,bm25,wm10,membership,normal,霜鹿环线,,chunk-ablation-wm10#chunk-000,True,1,chunk-ablation-wm10#chunk-000,chunk-ablation-wm10#chunk-000|chunk-ablation-wm10#chunk-001,qinglan-membership-v1#chunk-000|qinglan-membership-v1#chunk-001,17,1.789423,5.8e-05,-125.966121,17,17,False,False,False,True
chunk_size_overlap,,1024,128,45,bm25,wm10,membership,trigger_only,霜鹿环线,,chunk-ablation-wm10#chunk-000,True,1,chunk-ablation-wm10#chunk-000,chunk-ablation-wm10#chunk-000|chunk-ablation-wm10#chunk-001,qinglan-membership-v1#chunk-000|qinglan-membership-v1#chunk-001,4,23.343784,1.329401,-104.41176,4,4,False,True,True,True
chunk_size_overlap,,1024,128,45,bm25,wm10,membership,verification,霜鹿环线,,chunk-ablation-wm10#chunk-000,True,1,chunk-ablation-wm10#chunk-000,chunk-ablation-wm10#chunk-000|chunk-ablation-wm10#chunk-001,qinglan-membership-v1#chunk-000|qinglan-membership-v1#chunk-001,1,41.989279,18.718477,0.0,1,1,True,True,True,True
chunk_size_overlap,,1024,128,45,bm25,wm11,membership,normal,墨鹤矩阵,,chunk-ablation-wm11#chunk-001,True,1,chunk-ablation-wm11#chunk-000|chunk-ablation-wm11#chunk-001,chunk-ablation-wm11#chunk-001,qinglan-membership-v1#chunk-001,11,1.734045,0.0,-106.294477,11,11,False,False,False,True
chunk_size_overlap,,1024,128,45,bm25,wm11,membership,trigger_only,墨鹤矩阵,,chunk-ablation-wm11#chunk-001,True,1,chunk-ablation-wm11#chunk-000|chunk-ablation-wm11#chunk-001,chunk-ablation-wm11#chunk-001,qinglan-membership-v1#chunk-001,4,21.851569,1.283367,-86.176953,4,4,False,True,True,True
chunk_size_overlap,,1024,128,45,bm25,wm11,membership,verification,墨鹤矩阵,,chunk-ablation-wm11#chunk-001,True,1,chunk-ablation-wm11#chunk-000|chunk-ablation-wm11#chunk-001,chunk-ablation-wm11#chunk-001,qinglan-membership-v1#chunk-001,1,41.424739,5.073152,0.0,1,1,True,True,True,True
chunk_size_overlap,,1024,128,45,bm25,wm12,membership,normal,金雀阈门,,chunk-ablation-wm12#chunk-001,True,1,chunk-ablation-wm12#chunk-000|chunk-ablation-wm12#chunk-001,chunk-ablation-wm12#chunk-001,qinglan-membership-v1#chunk-002,6,3.144463,0.16016,-132.226146,6,6,False,False,True,True
chunk_size_overlap,,1024,128,45,bm25,wm12,membership,trigger_only,金雀阈门,,chunk-ablation-wm12#chunk-001,True,1,chunk-ablation-wm12#chunk-000|chunk-ablation-wm12#chunk-001,chunk-ablation-wm12#chunk-001,qinglan-membership-v1#chunk-002,6,22.31872,1.147034,-122.063204,6,6,False,False,True,True
chunk_size_overlap,,1024,128,45,bm25,wm12,membership,verification,金雀阈门,,chunk-ablation-wm12#chunk-001,True,1,chunk-ablation-wm12#chunk-000|chunk-ablation-wm12#chunk-001,chunk-ablation-wm12#chunk-001,qinglan-membership-v1#chunk-002,1,40.455929,9.434796,0.0,1,1,True,True,True,True
chunk_size_overlap,,1024,128,45,bm25,wm13,warranty,normal,青麟坐标,,chunk-ablation-wm13#chunk-001,True,1,chunk-ablation-wm13#chunk-001,chunk-ablation-wm13#chunk-001,qinglan-warranty-v1#chunk-000,6,2.873918,1.919989,-137.048638,6,6,False,False,True,True
chunk_size_overlap,,1024,128,45,bm25,wm13,warranty,trigger_only,青麟坐标,,chunk-ablation-wm13#chunk-001,True,1,chunk-ablation-wm13#chunk-001,chunk-ablation-wm13#chunk-001,qinglan-warranty-v1#chunk-000,3,22.69858,1.664496,-121.738655,3,3,False,True,True,True
chunk_size_overlap,,1024,128,45,bm25,wm13,warranty,verification,青麟坐标,,chunk-ablation-wm13#chunk-001,True,1,chunk-ablation-wm13#chunk-001,chunk-ablation-wm13#chunk-001,qinglan-warranty-v1#chunk-000,1,43.095464,18.170407,0.0,1,1,True,True,True,True
chunk_size_overlap,,1024,128,45,bm25,wm14,warranty,normal,白鲟弦码,,chunk-ablation-wm14#chunk-001,True,1,chunk-ablation-wm14#chunk-001,chunk-ablation-wm14#chunk-001,qinglan-warranty-v1#chunk-000,14,0.661275,0.0,-110.235157,14,14,False,False,False,True
chunk_size_overlap,,1024,128,45,bm25,wm14,warranty,trigger_only,白鲟弦码,,chunk-ablation-wm14#chunk-001,True,1,chunk-ablation-wm14#chunk-001,chunk-ablation-wm14#chunk-001,qinglan-warranty-v1#chunk-000,4,23.750721,7.642073,-87.145711,4,4,False,True,True,True
chunk_size_overlap,,1024,128,45,bm25,wm14,warranty,verification,白鲟弦码,,chunk-ablation-wm14#chunk-001,True,1,chunk-ablation-wm14#chunk-001,chunk-ablation-wm14#chunk-001,qinglan-warranty-v1#chunk-000,1,44.360424,21.089622,0.0,1,1,True,True,True,True
chunk_size_overlap,,1024,128,45,bm25,wm15,warranty,normal,橙枫轴距,,chunk-ablation-wm15#chunk-001,True,1,chunk-ablation-wm15#chunk-001,chunk-ablation-wm15#chunk-001,qinglan-warranty-v1#chunk-000|qinglan-warranty-v1#chunk-001,14,1.576406,0.0,-134.893233,14,14,False,False,False,True
chunk_size_overlap,,1024,128,45,bm25,wm15,warranty,trigger_only,橙枫轴距,,chunk-ablation-wm15#chunk-001,True,1,chunk-ablation-wm15#chunk-001,chunk-ablation-wm15#chunk-001,qinglan-warranty-v1#chunk-000|qinglan-warranty-v1#chunk-001,4,25.168793,2.48454,-111.300846,4,4,False,True,True,True
chunk_size_overlap,,1024,128,45,bm25,wm15,warranty,verification,橙枫轴距,,chunk-ablation-wm15#chunk-001,True,1,chunk-ablation-wm15#chunk-001,chunk-ablation-wm15#chunk-001,qinglan-warranty-v1#chunk-000|qinglan-warranty-v1#chunk-001,1,44.863365,21.592563,0.0,1,1,True,True,True,True
chunk_size_overlap,,1024,128,45,bm25,wm16,warranty,normal,翠蚕光栅,,chunk-ablation-wm16#chunk-001,True,1,chunk-ablation-wm16#chunk-001,chunk-ablation-wm16#chunk-001,qinglan-warranty-v1#chunk-001,12,2.239316,0.000545,-173.414733,12,12,False,False,False,True
chunk_size_overlap,,1024,128,45,bm25,wm16,warranty,trigger_only,翠蚕光栅,,chunk-ablation-wm16#chunk-001,True,1,chunk-ablation-wm16#chunk-001,chunk-ablation-wm16#chunk-001,qinglan-warranty-v1#chunk-001,3,25.854712,5.052161,-149.799337,3,3,False,True,True,True
chunk_size_overlap,,1024,128,45,bm25,wm16,warranty,verification,翠蚕光栅,,chunk-ablation-wm16#chunk-001,True,1,chunk-ablation-wm16#chunk-001,chunk-ablation-wm16#chunk-001,qinglan-warranty-v1#chunk-001,1,44.901685,21.630883,0.0,1,1,True,True,True,True
chunk_size_overlap,,1024,128,45,bm25,wm17,logistics,normal,星貂脉冲,,chunk-ablation-wm17#chunk-001,True,1,chunk-ablation-wm17#chunk-001,chunk-ablation-wm17#chunk-001,qinglan-logistics-v1#chunk-000,13,0.804683,0.000203,-142.299406,13,13,False,False,False,True
chunk_size_overlap,,1024,128,45,bm25,wm17,logistics,trigger_only,星貂脉冲,,chunk-ablation-wm17#chunk-001,True,1,chunk-ablation-wm17#chunk-001,chunk-ablation-wm17#chunk-001,qinglan-logistics-v1#chunk-000,5,23.391188,1.403264,-119.712901,5,5,False,True,True,True
chunk_size_overlap,,1024,128,45,bm25,wm17,logistics,verification,星貂脉冲,,chunk-ablation-wm17#chunk-001,True,1,chunk-ablation-wm17#chunk-001,chunk-ablation-wm17#chunk-001,qinglan-logistics-v1#chunk-000,1,43.857483,20.586681,0.0,1,1,True,True,True,True
chunk_size_overlap,,1024,128,45,bm25,wm18,logistics,normal,岩鲸序列,,chunk-ablation-wm18#chunk-001,True,1,chunk-ablation-wm18#chunk-001,chunk-ablation-wm18#chunk-001,qinglan-logistics-v1#chunk-000|qinglan-logistics-v1#chunk-001,7,4.038792,0.000663,-164.675254,7,7,False,False,True,True
chunk_size_overlap,,1024,128,45,bm25,wm18,logistics,trigger_only,岩鲸序列,,chunk-ablation-wm18#chunk-001,True,1,chunk-ablation-wm18#chunk-001,chunk-ablation-wm18#chunk-001,qinglan-logistics-v1#chunk-000|qinglan-logistics-v1#chunk-001,4,25.675621,4.805587,-143.038425,4,4,False,True,True,True
chunk_size_overlap,,1024,128,45,bm25,wm18,logistics,verification,岩鲸序列,,chunk-ablation-wm18#chunk-001,True,1,chunk-ablation-wm18#chunk-001,chunk-ablation-wm18#chunk-001,qinglan-logistics-v1#chunk-000|qinglan-logistics-v1#chunk-001,1,42.948684,13.727296,0.0,1,1,True,True,True,True
chunk_size_overlap,,1024,128,45,bm25,wm19,logistics,normal,云獭相位,,chunk-ablation-wm19#chunk-001,True,1,chunk-ablation-wm19#chunk-001,chunk-ablation-wm19#chunk-001,qinglan-logistics-v1#chunk-001,8,2.281714,0.000203,-154.912012,8,8,False,False,True,True
chunk_size_overlap,,1024,128,45,bm25,wm19,logistics,trigger_only,云獭相位,,chunk-ablation-wm19#chunk-001,True,1,chunk-ablation-wm19#chunk-001,chunk-ablation-wm19#chunk-001,qinglan-logistics-v1#chunk-001,5,25.42376,0.171343,-131.769966,5,5,False,True,True,True
chunk_size_overlap,,1024,128,45,bm25,wm19,logistics,verification,云獭相位,,chunk-ablation-wm19#chunk-001,True,1,chunk-ablation-wm19#chunk-001,chunk-ablation-wm19#chunk-001,qinglan-logistics-v1#chunk-001,1,44.449261,21.178459,0.0,1,1,True,True,True,True
chunk_size_overlap,,1024,128,45,bm25,wm20,logistics,normal,雪鸦网格,,chunk-ablation-wm20#chunk-001,True,1,chunk-ablation-wm20#chunk-001,chunk-ablation-wm20#chunk-001,qinglan-logistics-v1#chunk-001,45,0.0,,-148.297444,45,45,False,False,False,False
chunk_size_overlap,,1024,128,45,bm25,wm20,logistics,trigger_only,雪鸦网格,,chunk-ablation-wm20#chunk-001,True,1,chunk-ablation-wm20#chunk-001,chunk-ablation-wm20#chunk-001,qinglan-logistics-v1#chunk-001,6,22.630594,18.781071,-125.66685,6,6,False,False,True,True
chunk_size_overlap,,1024,128,45,bm25,wm20,logistics,verification,雪鸦网格,,chunk-ablation-wm20#chunk-001,True,1,chunk-ablation-wm20#chunk-001,chunk-ablation-wm20#chunk-001,qinglan-logistics-v1#chunk-001,1,43.932701,20.661899,0.0,1,1,True,True,True,True
chunk_size_overlap,,1024,128,45,dense,wm01,refund,normal,绯鹭折尺,,chunk-ablation-wm01#chunk-000,True,1,chunk-ablation-wm01#chunk-000,chunk-ablation-wm01#chunk-000,qinglan-refund-v1#chunk-000,12,0.23513,0.000815,-0.629882,12,12,False,False,False,True
chunk_size_overlap,,1024,128,45,dense,wm01,refund,trigger_only,绯鹭折尺,,chunk-ablation-wm01#chunk-000,True,1,chunk-ablation-wm01#chunk-000,chunk-ablation-wm01#chunk-000,qinglan-refund-v1#chunk-000,6,0.343011,0.027628,-0.420149,6,6,False,False,True,True
chunk_size_overlap,,1024,128,45,dense,wm01,refund,verification,绯鹭折尺,,chunk-ablation-wm01#chunk-000,True,1,chunk-ablation-wm01#chunk-000,chunk-ablation-wm01#chunk-000,qinglan-refund-v1#chunk-000,2,0.566645,0.012097,-0.040254,2,2,False,True,True,True
chunk_size_overlap,,1024,128,45,dense,wm02,refund,normal,玄鲸余弦,,chunk-ablation-wm02#chunk-000,True,1,chunk-ablation-wm02#chunk-000,chunk-ablation-wm02#chunk-000,qinglan-refund-v1#chunk-000,12,0.295709,0.004145,-0.482555,12,12,False,False,False,True
chunk_size_overlap,,1024,128,45,dense,wm02,refund,trigger_only,玄鲸余弦,,chunk-ablation-wm02#chunk-000,True,1,chunk-ablation-wm02#chunk-000,chunk-ablation-wm02#chunk-000,qinglan-refund-v1#chunk-000,6,0.399871,0.011937,-0.294171,6,6,False,False,True,True
chunk_size_overlap,,1024,128,45,dense,wm02,refund,verification,玄鲸余弦,,chunk-ablation-wm02#chunk-000,True,1,chunk-ablation-wm02#chunk-000,chunk-ablation-wm02#chunk-000,qinglan-refund-v1#chunk-000,3,0.567328,0.006809,-0.016686,3,3,False,True,True,True
chunk_size_overlap,,1024,128,45,dense,wm03,refund,normal,银杉回声,,chunk-ablation-wm03#chunk-000,True,1,chunk-ablation-wm03#chunk-000,chunk-ablation-wm03#chunk-000,qinglan-refund-v1#chunk-001,8,0.258535,0.001492,-0.583732,8,8,False,False,True,True
chunk_size_overlap,,1024,128,45,dense,wm03,refund,trigger_only,银杉回声,,chunk-ablation-wm03#chunk-000,True,1,chunk-ablation-wm03#chunk-000,chunk-ablation-wm03#chunk-000,qinglan-refund-v1#chunk-001,5,0.380748,0.0097,-0.364304,5,5,False,True,True,True
chunk_size_overlap,,1024,128,45,dense,wm03,refund,verification,银杉回声,,chunk-ablation-wm03#chunk-000,True,1,chunk-ablation-wm03#chunk-000,chunk-ablation-wm03#chunk-000,qinglan-refund-v1#chunk-001,1,0.598454,0.006112,0.0,1,1,True,True,True,True
chunk_size_overlap,,1024,128,45,dense,wm04,refund,normal,琥珀星栈,,chunk-ablation-wm04#chunk-000,True,1,chunk-ablation-wm04#chunk-000,chunk-ablation-wm04#chunk-000,qinglan-refund-v1#chunk-001,24,0.258325,0.003313,-0.516649,24,24,False,False,False,False
chunk_size_overlap,,1024,128,45,dense,wm04,refund,trigger_only,琥珀星栈,,chunk-ablation-wm04#chunk-000,True,1,chunk-ablation-wm04#chunk-000,chunk-ablation-wm04#chunk-000,qinglan-refund-v1#chunk-001,4,0.354201,0.0147,-0.228817,4,4,False,True,True,True
chunk_size_overlap,,1024,128,45,dense,wm04,refund,verification,琥珀星栈,,chunk-ablation-wm04#chunk-000,True,1,chunk-ablation-wm04#chunk-000,chunk-ablation-wm04#chunk-000,qinglan-refund-v1#chunk-001,4,0.543691,0.031804,-0.033698,4,4,False,True,True,True
chunk_size_overlap,,1024,128,45,dense,wm05,invoice,normal,雾鸢刻度,,chunk-ablation-wm05#chunk-000,True,1,chunk-ablation-wm05#chunk-000,chunk-ablation-wm05#chunk-000,qinglan-invoice-v1#chunk-000,14,0.28221,0.000349,-0.517154,14,14,False,False,False,True
chunk_size_overlap,,1024,128,45,dense,wm05,invoice,trigger_only,雾鸢刻度,,chunk-ablation-wm05#chunk-000,True,1,chunk-ablation-wm05#chunk-000,chunk-ablation-wm05#chunk-000,qinglan-invoice-v1#chunk-000,6,0.419666,0.004467,-0.320741,6,6,False,False,True,True
chunk_size_overlap,,1024,128,45,dense,wm05,invoice,verification,雾鸢刻度,,chunk-ablation-wm05#chunk-000,True,1,chunk-ablation-wm05#chunk-000,chunk-ablation-wm05#chunk-000,qinglan-invoice-v1#chunk-000,5,0.551211,0.015107,-0.057949,5,5,False,True,True,True
chunk_size_overlap,,1024,128,45,dense,wm06,invoice,normal,苍狐棱镜,,chunk-ablation-wm06#chunk-000,True,1,chunk-ablation-wm06#chunk-000,chunk-ablation-wm06#chunk-000,qinglan-invoice-v1#chunk-000,23,0.313555,0.001401,-0.443404,23,23,False,False,False,False
chunk_size_overlap,,1024,128,45,dense,wm06,invoice,trigger_only,苍狐棱镜,,chunk-ablation-wm06#chunk-000,True,1,chunk-ablation-wm06#chunk-000,chunk-ablation-wm06#chunk-000,qinglan-invoice-v1#chunk-000,4,0.446524,0.009842,-0.225541,4,4,False,True,True,True
chunk_size_overlap,,1024,128,45,dense,wm06,invoice,verification,苍狐棱镜,,chunk-ablation-wm06#chunk-000,True,1,chunk-ablation-wm06#chunk-000,chunk-ablation-wm06#chunk-000,qinglan-invoice-v1#chunk-000,2,0.559945,0.016747,-0.005894,2,2,False,True,True,True
chunk_size_overlap,,1024,128,45,dense,wm07,invoice,normal,赤槐潮汐,,chunk-ablation-wm07#chunk-000,True,1,chunk-ablation-wm07#chunk-000,chunk-ablation-wm07#chunk-000,qinglan-invoice-v1#chunk-000|qinglan-invoice-v1#chunk-001,20,0.289298,0.000714,-0.538778,20,20,False,False,False,True
chunk_size_overlap,,1024,128,45,dense,wm07,invoice,trigger_only,赤槐潮汐,,chunk-ablation-wm07#chunk-000,True,1,chunk-ablation-wm07#chunk-000,chunk-ablation-wm07#chunk-000,qinglan-invoice-v1#chunk-000|qinglan-invoice-v1#chunk-001,7,0.360309,0.005765,-0.391112,7,7,False,False,True,True
chunk_size_overlap,,1024,128,45,dense,wm07,invoice,verification,赤槐潮汐,,chunk-ablation-wm07#chunk-000,True,1,chunk-ablation-wm07#chunk-000,chunk-ablation-wm07#chunk-000,qinglan-invoice-v1#chunk-000|qinglan-invoice-v1#chunk-001,5,0.503374,0.00781,-0.054768,5,5,False,True,True,True
chunk_size_overlap,,1024,128,45,dense,wm08,invoice,normal,蓝隼罗盘,,chunk-ablation-wm08#chunk-000,True,1,chunk-ablation-wm08#chunk-000,chunk-ablation-wm08#chunk-000,qinglan-invoice-v1#chunk-001,17,0.316606,0.005075,-0.303727,17,17,False,False,False,True
chunk_size_overlap,,1024,128,45,dense,wm08,invoice,trigger_only,蓝隼罗盘,,chunk-ablation-wm08#chunk-000,True,1,chunk-ablation-wm08#chunk-000,chunk-ablation-wm08#chunk-000,qinglan-invoice-v1#chunk-001,5,0.41532,0.006386,-0.134191,5,5,False,True,True,True
chunk_size_overlap,,1024,128,45,dense,wm08,invoice,verification,蓝隼罗盘,,chunk-ablation-wm08#chunk-000,True,1,chunk-ablation-wm08#chunk-000,chunk-ablation-wm08#chunk-000,qinglan-invoice-v1#chunk-001,9,0.515382,0.001722,-0.066137,9,9,False,False,True,True
chunk_size_overlap,,1024,128,45,dense,wm09,membership,normal,紫藤航标,,chunk-ablation-wm09#chunk-000,True,1,chunk-ablation-wm09#chunk-000,chunk-ablation-wm09#chunk-000|chunk-ablation-wm09#chunk-001,qinglan-membership-v1#chunk-000,23,0.250654,0.002083,-0.532893,23,6,False,False,False,False
chunk_size_overlap,,1024,128,45,dense,wm09,membership,trigger_only,紫藤航标,,chunk-ablation-wm09#chunk-000,True,1,chunk-ablation-wm09#chunk-000,chunk-ablation-wm09#chunk-000|chunk-ablation-wm09#chunk-001,qinglan-membership-v1#chunk-000,6,0.340391,0.011344,-0.334725,6,6,False,False,True,True
chunk_size_overlap,,1024,128,45,dense,wm09,membership,verification,紫藤航标,,chunk-ablation-wm09#chunk-000,True,1,chunk-ablation-wm09#chunk-000,chunk-ablation-wm09#chunk-000|chunk-ablation-wm09#chunk-001,qinglan-membership-v1#chunk-000,5,0.518241,0.001531,-0.064223,5,3,False,True,True,True
chunk_size_overlap,,1024,128,45,dense,wm10,membership,normal,霜鹿环线,,chunk-ablation-wm10#chunk-000,True,1,chunk-ablation-wm10#chunk-000,chunk-ablation-wm10#chunk-000|chunk-ablation-wm10#chunk-001,qinglan-membership-v1#chunk-000|qinglan-membership-v1#chunk-001,19,0.254231,0.000942,-0.468967,19,8,False,False,False,True
chunk_size_overlap,,1024,128,45,dense,wm10,membership,trigger_only,霜鹿环线,,chunk-ablation-wm10#chunk-000,True,1,chunk-ablation-wm10#chunk-000,chunk-ablation-wm10#chunk-000|chunk-ablation-wm10#chunk-001,qinglan-membership-v1#chunk-000|qinglan-membership-v1#chunk-001,11,0.317099,0.00286,-0.321318,11,11,False,False,False,True
chunk_size_overlap,,1024,128,45,dense,wm10,membership,verification,霜鹿环线,,chunk-ablation-wm10#chunk-000,True,1,chunk-ablation-wm10#chunk-000,chunk-ablation-wm10#chunk-000|chunk-ablation-wm10#chunk-001,qinglan-membership-v1#chunk-000|qinglan-membership-v1#chunk-001,7,0.531464,0.004081,-0.063598,7,3,False,False,True,True
chunk_size_overlap,,1024,128,45,dense,wm11,membership,normal,墨鹤矩阵,,chunk-ablation-wm11#chunk-001,True,1,chunk-ablation-wm11#chunk-000|chunk-ablation-wm11#chunk-001,chunk-ablation-wm11#chunk-001,qinglan-membership-v1#chunk-001,7,0.293161,0.010903,-0.512103,7,7,False,False,True,True
chunk_size_overlap,,1024,128,45,dense,wm11,membership,trigger_only,墨鹤矩阵,,chunk-ablation-wm11#chunk-001,True,1,chunk-ablation-wm11#chunk-000|chunk-ablation-wm11#chunk-001,chunk-ablation-wm11#chunk-001,qinglan-membership-v1#chunk-001,2,0.476687,0.08902,-0.251962,2,2,False,True,True,True
chunk_size_overlap,,1024,128,45,dense,wm11,membership,verification,墨鹤矩阵,,chunk-ablation-wm11#chunk-001,True,1,chunk-ablation-wm11#chunk-000|chunk-ablation-wm11#chunk-001,chunk-ablation-wm11#chunk-001,qinglan-membership-v1#chunk-001,1,0.743743,0.16929,0.0,1,1,True,True,True,True
chunk_size_overlap,,1024,128,45,dense,wm12,membership,normal,金雀阈门,,chunk-ablation-wm12#chunk-001,True,1,chunk-ablation-wm12#chunk-000|chunk-ablation-wm12#chunk-001,chunk-ablation-wm12#chunk-001,qinglan-membership-v1#chunk-002,9,0.289649,0.007511,-0.488529,9,9,False,False,True,True
chunk_size_overlap,,1024,128,45,dense,wm12,membership,trigger_only,金雀阈门,,chunk-ablation-wm12#chunk-001,True,1,chunk-ablation-wm12#chunk-000|chunk-ablation-wm12#chunk-001,chunk-ablation-wm12#chunk-001,qinglan-membership-v1#chunk-002,5,0.364627,0.010071,-0.369682,4,5,False,True,True,True
chunk_size_overlap,,1024,128,45,dense,wm12,membership,verification,金雀阈门,,chunk-ablation-wm12#chunk-001,True,1,chunk-ablation-wm12#chunk-000|chunk-ablation-wm12#chunk-001,chunk-ablation-wm12#chunk-001,qinglan-membership-v1#chunk-002,2,0.569501,0.014993,-0.024384,2,2,False,True,True,True
chunk_size_overlap,,1024,128,45,dense,wm13,warranty,normal,青麟坐标,,chunk-ablation-wm13#chunk-001,True,1,chunk-ablation-wm13#chunk-001,chunk-ablation-wm13#chunk-001,qinglan-warranty-v1#chunk-000,9,0.300894,0.002533,-0.569452,9,9,False,False,True,True
chunk_size_overlap,,1024,128,45,dense,wm13,warranty,trigger_only,青麟坐标,,chunk-ablation-wm13#chunk-001,True,1,chunk-ablation-wm13#chunk-001,chunk-ablation-wm13#chunk-001,qinglan-warranty-v1#chunk-000,7,0.351362,0.002346,-0.476312,7,7,False,False,True,True
chunk_size_overlap,,1024,128,45,dense,wm13,warranty,verification,青麟坐标,,chunk-ablation-wm13#chunk-001,True,1,chunk-ablation-wm13#chunk-001,chunk-ablation-wm13#chunk-001,qinglan-warranty-v1#chunk-000,4,0.561283,0.033052,-0.041553,4,4,False,True,True,True
chunk_size_overlap,,1024,128,45,dense,wm14,warranty,normal,白鲟弦码,,chunk-ablation-wm14#chunk-001,True,1,chunk-ablation-wm14#chunk-001,chunk-ablation-wm14#chunk-001,qinglan-warranty-v1#chunk-000,24,0.297976,0.001142,-0.536736,24,24,False,False,False,False
chunk_size_overlap,,1024,128,45,dense,wm14,warranty,trigger_only,白鲟弦码,,chunk-ablation-wm14#chunk-001,True,1,chunk-ablation-wm14#chunk-001,chunk-ablation-wm14#chunk-001,qinglan-warranty-v1#chunk-000,3,0.473497,0.004865,-0.253628,3,3,False,True,True,True
chunk_size_overlap,,1024,128,45,dense,wm14,warranty,verification,白鲟弦码,,chunk-ablation-wm14#chunk-001,True,1,chunk-ablation-wm14#chunk-001,chunk-ablation-wm14#chunk-001,qinglan-warranty-v1#chunk-000,1,0.638311,0.006791,0.0,1,1,True,True,True,True
chunk_size_overlap,,1024,128,45,dense,wm15,warranty,normal,橙枫轴距,,chunk-ablation-wm15#chunk-001,True,1,chunk-ablation-wm15#chunk-001,chunk-ablation-wm15#chunk-001,qinglan-warranty-v1#chunk-000|qinglan-warranty-v1#chunk-001,27,0.284666,0.008296,-0.579761,27,27,False,False,False,False
chunk_size_overlap,,1024,128,45,dense,wm15,warranty,trigger_only,橙枫轴距,,chunk-ablation-wm15#chunk-001,True,1,chunk-ablation-wm15#chunk-001,chunk-ablation-wm15#chunk-001,qinglan-warranty-v1#chunk-000|qinglan-warranty-v1#chunk-001,4,0.404465,0.017564,-0.325031,4,4,False,True,True,True
chunk_size_overlap,,1024,128,45,dense,wm15,warranty,verification,橙枫轴距,,chunk-ablation-wm15#chunk-001,True,1,chunk-ablation-wm15#chunk-001,chunk-ablation-wm15#chunk-001,qinglan-warranty-v1#chunk-000|qinglan-warranty-v1#chunk-001,3,0.581393,0.009264,-0.009634,3,3,False,True,True,True
chunk_size_overlap,,1024,128,45,dense,wm16,warranty,normal,翠蚕光栅,,chunk-ablation-wm16#chunk-001,True,1,chunk-ablation-wm16#chunk-001,chunk-ablation-wm16#chunk-001,qinglan-warranty-v1#chunk-001,29,0.268311,0.00829,-0.557373,29,29,False,False,False,False
chunk_size_overlap,,1024,128,45,dense,wm16,warranty,trigger_only,翠蚕光栅,,chunk-ablation-wm16#chunk-001,True,1,chunk-ablation-wm16#chunk-001,chunk-ablation-wm16#chunk-001,qinglan-warranty-v1#chunk-001,3,0.399066,0.006659,-0.30068,3,3,False,True,True,True
chunk_size_overlap,,1024,128,45,dense,wm16,warranty,verification,翠蚕光栅,,chunk-ablation-wm16#chunk-001,True,1,chunk-ablation-wm16#chunk-001,chunk-ablation-wm16#chunk-001,qinglan-warranty-v1#chunk-001,1,0.592582,0.023476,0.0,1,1,True,True,True,True
chunk_size_overlap,,1024,128,45,dense,wm17,logistics,normal,星貂脉冲,,chunk-ablation-wm17#chunk-001,True,1,chunk-ablation-wm17#chunk-001,chunk-ablation-wm17#chunk-001,qinglan-logistics-v1#chunk-000,32,0.306089,0.001076,-0.462197,32,32,False,False,False,False
chunk_size_overlap,,1024,128,45,dense,wm17,logistics,trigger_only,星貂脉冲,,chunk-ablation-wm17#chunk-001,True,1,chunk-ablation-wm17#chunk-001,chunk-ablation-wm17#chunk-001,qinglan-logistics-v1#chunk-000,4,0.404883,0.039297,-0.295019,4,4,False,True,True,True
chunk_size_overlap,,1024,128,45,dense,wm17,logistics,verification,星貂脉冲,,chunk-ablation-wm17#chunk-001,True,1,chunk-ablation-wm17#chunk-001,chunk-ablation-wm17#chunk-001,qinglan-logistics-v1#chunk-000,1,0.563929,0.012497,0.0,1,1,True,True,True,True
chunk_size_overlap,,1024,128,45,dense,wm18,logistics,normal,岩鲸序列,,chunk-ablation-wm18#chunk-001,True,1,chunk-ablation-wm18#chunk-001,chunk-ablation-wm18#chunk-001,qinglan-logistics-v1#chunk-000|qinglan-logistics-v1#chunk-001,8,0.373425,0.001273,-0.421446,8,8,False,False,True,True
chunk_size_overlap,,1024,128,45,dense,wm18,logistics,trigger_only,岩鲸序列,,chunk-ablation-wm18#chunk-001,True,1,chunk-ablation-wm18#chunk-001,chunk-ablation-wm18#chunk-001,qinglan-logistics-v1#chunk-000|qinglan-logistics-v1#chunk-001,2,0.459766,0.034487,-0.261948,2,2,False,True,True,True
chunk_size_overlap,,1024,128,45,dense,wm18,logistics,verification,岩鲸序列,,chunk-ablation-wm18#chunk-001,True,1,chunk-ablation-wm18#chunk-001,chunk-ablation-wm18#chunk-001,qinglan-logistics-v1#chunk-000|qinglan-logistics-v1#chunk-001,2,0.5827,0.03143,-0.003917,2,2,False,True,True,True
chunk_size_overlap,,1024,128,45,dense,wm19,logistics,normal,云獭相位,,chunk-ablation-wm19#chunk-001,True,1,chunk-ablation-wm19#chunk-001,chunk-ablation-wm19#chunk-001,qinglan-logistics-v1#chunk-001,14,0.336669,0.00149,-0.460633,14,14,False,False,False,True
chunk_size_overlap,,1024,128,45,dense,wm19,logistics,trigger_only,云獭相位,,chunk-ablation-wm19#chunk-001,True,1,chunk-ablation-wm19#chunk-001,chunk-ablation-wm19#chunk-001,qinglan-logistics-v1#chunk-001,4,0.377579,0.013405,-0.323362,4,4,False,True,True,True
chunk_size_overlap,,1024,128,45,dense,wm19,logistics,verification,云獭相位,,chunk-ablation-wm19#chunk-001,True,1,chunk-ablation-wm19#chunk-001,chunk-ablation-wm19#chunk-001,qinglan-logistics-v1#chunk-001,5,0.521539,0.011645,-0.047988,5,5,False,True,True,True
chunk_size_overlap,,1024,128,45,dense,wm20,logistics,normal,雪鸦网格,,chunk-ablation-wm20#chunk-001,True,1,chunk-ablation-wm20#chunk-001,chunk-ablation-wm20#chunk-001,qinglan-logistics-v1#chunk-001,30,0.284713,0.001663,-0.518575,30,30,False,False,False,False
chunk_size_overlap,,1024,128,45,dense,wm20,logistics,trigger_only,雪鸦网格,,chunk-ablation-wm20#chunk-001,True,1,chunk-ablation-wm20#chunk-001,chunk-ablation-wm20#chunk-001,qinglan-logistics-v1#chunk-001,3,0.442736,0.009539,-0.296213,3,3,False,True,True,True
chunk_size_overlap,,1024,128,45,dense,wm20,logistics,verification,雪鸦网格,,chunk-ablation-wm20#chunk-001,True,1,chunk-ablation-wm20#chunk-001,chunk-ablation-wm20#chunk-001,qinglan-logistics-v1#chunk-001,1,0.633276,0.022263,0.0,1,1,True,True,True,True
chunk_size_overlap,,1024,128,45,rrf_hybrid,wm01,refund,normal,绯鹭折尺,,chunk-ablation-wm01#chunk-000,True,1,chunk-ablation-wm01#chunk-000,chunk-ablation-wm01#chunk-000,qinglan-refund-v1#chunk-000,11,0.026875902,2.9055e-05,-0.005910983,11,11,False,False,False,True
chunk_size_overlap,,1024,128,45,rrf_hybrid,wm01,refund,trigger_only,绯鹭折尺,,chunk-ablation-wm01#chunk-000,True,1,chunk-ablation-wm01#chunk-000,chunk-ablation-wm01#chunk-000,qinglan-refund-v1#chunk-000,6,0.030536131,0.001118004,-0.002250754,6,6,False,False,True,True
chunk_size_overlap,,1024,128,45,rrf_hybrid,wm01,refund,verification,绯鹭折尺,,chunk-ablation-wm01#chunk-000,True,1,chunk-ablation-wm01#chunk-000,chunk-ablation-wm01#chunk-000,qinglan-refund-v1#chunk-000,1,0.032522475,0.000504032,0.0,1,1,True,True,True,True
chunk_size_overlap,,1024,128,45,rrf_hybrid,wm02,refund,normal,玄鲸余弦,,chunk-ablation-wm02#chunk-000,True,1,chunk-ablation-wm02#chunk-000,chunk-ablation-wm02#chunk-000,qinglan-refund-v1#chunk-000,13,0.026709402,3.7994e-05,-0.006077483,13,13,False,False,False,True
chunk_size_overlap,,1024,128,45,rrf_hybrid,wm02,refund,trigger_only,玄鲸余弦,,chunk-ablation-wm02#chunk-000,True,1,chunk-ablation-wm02#chunk-000,chunk-ablation-wm02#chunk-000,qinglan-refund-v1#chunk-000,6,0.03030303,0.00129315,-0.002483855,6,6,False,False,True,True
chunk_size_overlap,,1024,128,45,rrf_hybrid,wm02,refund,verification,玄鲸余弦,,chunk-ablation-wm02#chunk-000,True,1,chunk-ablation-wm02#chunk-000,chunk-ablation-wm02#chunk-000,qinglan-refund-v1#chunk-000,1,0.032266458,0.0004884,0.0,1,1,True,True,True,True
chunk_size_overlap,,1024,128,45,rrf_hybrid,wm03,refund,normal,银杉回声,,chunk-ablation-wm03#chunk-000,True,1,chunk-ablation-wm03#chunk-000,chunk-ablation-wm03#chunk-000,qinglan-refund-v1#chunk-001,12,0.027205882,9.9655e-05,-0.005581003,12,12,False,False,False,True
chunk_size_overlap,,1024,128,45,rrf_hybrid,wm03,refund,trigger_only,银杉回声,,chunk-ablation-wm03#chunk-000,True,1,chunk-ablation-wm03#chunk-000,chunk-ablation-wm03#chunk-000,qinglan-refund-v1#chunk-001,6,0.030536131,0.001550624,-0.002250754,6,6,False,False,True,True
chunk_size_overlap,,1024,128,45,rrf_hybrid,wm03,refund,verification,银杉回声,,chunk-ablation-wm03#chunk-000,True,1,chunk-ablation-wm03#chunk-000,chunk-ablation-wm03#chunk-000,qinglan-refund-v1#chunk-001,1,0.032786885,0.001032853,0.0,1,1,True,True,True,True
chunk_size_overlap,,1024,128,45,rrf_hybrid,wm04,refund,normal,琥珀星栈,,chunk-ablation-wm04#chunk-000,True,1,chunk-ablation-wm04#chunk-000,chunk-ablation-wm04#chunk-000,qinglan-refund-v1#chunk-001,27,0.023669468,0.000547308,-0.009117417,27,27,False,False,False,False
chunk_size_overlap,,1024,128,45,rrf_hybrid,wm04,refund,trigger_only,琥珀星栈,,chunk-ablation-wm04#chunk-000,True,1,chunk-ablation-wm04#chunk-000,chunk-ablation-wm04#chunk-000,qinglan-refund-v1#chunk-001,6,0.031009615,0.001798528,-0.00177727,6,6,False,False,True,True
chunk_size_overlap,,1024,128,45,rrf_hybrid,wm04,refund,verification,琥珀星栈,,chunk-ablation-wm04#chunk-000,True,1,chunk-ablation-wm04#chunk-000,chunk-ablation-wm04#chunk-000,qinglan-refund-v1#chunk-001,1,0.032018443,0.000240385,0.0,1,1,True,True,True,True
chunk_size_overlap,,1024,128,45,rrf_hybrid,wm05,invoice,normal,雾鸢刻度,,chunk-ablation-wm05#chunk-000,True,1,chunk-ablation-wm05#chunk-000,chunk-ablation-wm05#chunk-000,qinglan-invoice-v1#chunk-000,18,0.025418275,3.6749e-05,-0.00736861,18,18,False,False,False,True
chunk_size_overlap,,1024,128,45,rrf_hybrid,wm05,invoice,trigger_only,雾鸢刻度,,chunk-ablation-wm05#chunk-000,True,1,chunk-ablation-wm05#chunk-000,chunk-ablation-wm05#chunk-000,qinglan-invoice-v1#chunk-000,5,0.03030303,0.000425661,-0.002483855,5,5,False,True,True,True
chunk_size_overlap,,1024,128,45,rrf_hybrid,wm05,invoice,verification,雾鸢刻度,,chunk-ablation-wm05#chunk-000,True,1,chunk-ablation-wm05#chunk-000,chunk-ablation-wm05#chunk-000,qinglan-invoice-v1#chunk-000,1,0.031778058,0.0,0.0,1,1,True,True,True,True
chunk_size_overlap,,1024,128,45,rrf_hybrid,wm06,invoice,normal,苍狐棱镜,,chunk-ablation-wm06#chunk-000,True,1,chunk-ablation-wm06#chunk-000,chunk-ablation-wm06#chunk-000,qinglan-invoice-v1#chunk-000,27,0.023952955,0.000423543,-0.00883393,27,27,False,False,False,False
chunk_size_overlap,,1024,128,45,rrf_hybrid,wm06,invoice,trigger_only,苍狐棱镜,,chunk-ablation-wm06#chunk-000,True,1,chunk-ablation-wm06#chunk-000,chunk-ablation-wm06#chunk-000,qinglan-invoice-v1#chunk-000,4,0.031009615,0.0,-0.00177727,4,4,False,True,True,True
chunk_size_overlap,,1024,128,45,rrf_hybrid,wm06,invoice,verification,苍狐棱镜,,chunk-ablation-wm06#chunk-000,True,1,chunk-ablation-wm06#chunk-000,chunk-ablation-wm06#chunk-000,qinglan-invoice-v1#chunk-000,1,0.032522475,0.000504032,0.0,1,1,True,True,True,True
chunk_size_overlap,,1024,128,45,rrf_hybrid,wm07,invoice,normal,赤槐潮汐,,chunk-ablation-wm07#chunk-000,True,1,chunk-ablation-wm07#chunk-000,chunk-ablation-wm07#chunk-000,qinglan-invoice-v1#chunk-000|qinglan-invoice-v1#chunk-001,24,0.024845679,0.000440917,-0.007941206,24,24,False,False,False,False
chunk_size_overlap,,1024,128,45,rrf_hybrid,wm07,invoice,trigger_only,赤槐潮汐,,chunk-ablation-wm07#chunk-000,True,1,chunk-ablation-wm07#chunk-000,chunk-ablation-wm07#chunk-000,qinglan-invoice-v1#chunk-000|qinglan-invoice-v1#chunk-001,5,0.030309989,0.00043262,-0.002476896,5,5,False,True,True,True
chunk_size_overlap,,1024,128,45,rrf_hybrid,wm07,invoice,verification,赤槐潮汐,,chunk-ablation-wm07#chunk-000,True,1,chunk-ablation-wm07#chunk-000,chunk-ablation-wm07#chunk-000,qinglan-invoice-v1#chunk-000|qinglan-invoice-v1#chunk-001,2,0.031778058,2.4026e-05,-0.000240385,2,2,False,True,True,True
chunk_size_overlap,,1024,128,45,rrf_hybrid,wm08,invoice,normal,蓝隼罗盘,,chunk-ablation-wm08#chunk-000,True,1,chunk-ablation-wm08#chunk-000,chunk-ablation-wm08#chunk-000,qinglan-invoice-v1#chunk-001,25,0.024891775,1.4625e-05,-0.00789511,25,25,False,False,False,False
chunk_size_overlap,,1024,128,45,rrf_hybrid,wm08,invoice,trigger_only,蓝隼罗盘,,chunk-ablation-wm08#chunk-000,True,1,chunk-ablation-wm08#chunk-000,chunk-ablation-wm08#chunk-000,qinglan-invoice-v1#chunk-001,4,0.030769231,0.000651477,-0.002017654,4,4,False,True,True,True
chunk_size_overlap,,1024,128,45,rrf_hybrid,wm08,invoice,verification,蓝隼罗盘,,chunk-ablation-wm08#chunk-000,True,1,chunk-ablation-wm08#chunk-000,chunk-ablation-wm08#chunk-000,qinglan-invoice-v1#chunk-001,3,0.030886196,8.7807e-05,-0.001132247,3,3,False,True,True,True
chunk_size_overlap,,1024,128,45,rrf_hybrid,wm09,membership,normal,紫藤航标,,chunk-ablation-wm09#chunk-000,True,1,chunk-ablation-wm09#chunk-000,chunk-ablation-wm09#chunk-000|chunk-ablation-wm09#chunk-001,qinglan-membership-v1#chunk-000,28,0.024096386,0.000426918,-0.008690499,28,21,False,False,False,False
chunk_size_overlap,,1024,128,45,rrf_hybrid,wm09,membership,trigger_only,紫藤航标,,chunk-ablation-wm09#chunk-000,True,1,chunk-ablation-wm09#chunk-000,chunk-ablation-wm09#chunk-000|chunk-ablation-wm09#chunk-001,qinglan-membership-v1#chunk-000,5,0.031024531,0.001147162,-0.001762354,5,5,False,True,True,True
chunk_size_overlap,,1024,128,45,rrf_hybrid,wm09,membership,verification,紫藤航标,,chunk-ablation-wm09#chunk-000,True,1,chunk-ablation-wm09#chunk-000,chunk-ablation-wm09#chunk-000|chunk-ablation-wm09#chunk-001,qinglan-membership-v1#chunk-000,2,0.031778058,0.000497511,-0.000240385,2,2,False,True,True,True
chunk_size_overlap,,1024,128,45,rrf_hybrid,wm10,membership,normal,霜鹿环线,,chunk-ablation-wm10#chunk-000,True,1,chunk-ablation-wm10#chunk-000,chunk-ablation-wm10#chunk-000|chunk-ablation-wm10#chunk-001,qinglan-membership-v1#chunk-000|qinglan-membership-v1#chunk-001,17,0.025645241,0.000324779,-0.007141644,17,17,False,False,False,True
chunk_size_overlap,,1024,128,45,rrf_hybrid,wm10,membership,trigger_only,霜鹿环线,,chunk-ablation-wm10#chunk-000,True,1,chunk-ablation-wm10#chunk-000,chunk-ablation-wm10#chunk-000|chunk-ablation-wm10#chunk-001,qinglan-membership-v1#chunk-000|qinglan-membership-v1#chunk-001,7,0.029709507,0.000473485,-0.003077378,7,7,False,False,True,True
chunk_size_overlap,,1024,128,45,rrf_hybrid,wm10,membership,verification,霜鹿环线,,chunk-ablation-wm10#chunk-000,True,1,chunk-ablation-wm10#chunk-000,chunk-ablation-wm10#chunk-000|chunk-ablation-wm10#chunk-001,qinglan-membership-v1#chunk-000|qinglan-membership-v1#chunk-001,2,0.031318816,3.8269e-05,-0.000699627,2,2,False,True,True,True
chunk_size_overlap,,1024,128,45,rrf_hybrid,wm11,membership,normal,墨鹤矩阵,,chunk-ablation-wm11#chunk-001,True,1,chunk-ablation-wm11#chunk-000|chunk-ablation-wm11#chunk-001,chunk-ablation-wm11#chunk-001,qinglan-membership-v1#chunk-001,7,0.02900988,0.0,-0.003777005,7,7,False,False,True,True
chunk_size_overlap,,1024,128,45,rrf_hybrid,wm11,membership,trigger_only,墨鹤矩阵,,chunk-ablation-wm11#chunk-001,True,1,chunk-ablation-wm11#chunk-000|chunk-ablation-wm11#chunk-001,chunk-ablation-wm11#chunk-001,qinglan-membership-v1#chunk-001,2,0.031754032,0.0,-0.001032853,2,2,False,True,True,True
chunk_size_overlap,,1024,128,45,rrf_hybrid,wm11,membership,verification,墨鹤矩阵,,chunk-ablation-wm11#chunk-001,True,1,chunk-ablation-wm11#chunk-000|chunk-ablation-wm11#chunk-001,chunk-ablation-wm11#chunk-001,qinglan-membership-v1#chunk-001,1,0.032786885,0.00052882,0.0,1,1,True,True,True,True
chunk_size_overlap,,1024,128,45,rrf_hybrid,wm12,membership,normal,金雀阈门,,chunk-ablation-wm12#chunk-001,True,1,chunk-ablation-wm12#chunk-000|chunk-ablation-wm12#chunk-001,chunk-ablation-wm12#chunk-001,qinglan-membership-v1#chunk-002,6,0.029644269,0.000226142,-0.003142616,6,6,False,False,True,True
chunk_size_overlap,,1024,128,45,rrf_hybrid,wm12,membership,trigger_only,金雀阈门,,chunk-ablation-wm12#chunk-001,True,1,chunk-ablation-wm12#chunk-000|chunk-ablation-wm12#chunk-001,chunk-ablation-wm12#chunk-001,qinglan-membership-v1#chunk-002,6,0.030536131,0.001022242,-0.002250754,5,6,False,False,True,True
chunk_size_overlap,,1024,128,45,rrf_hybrid,wm12,membership,verification,金雀阈门,,chunk-ablation-wm12#chunk-001,True,1,chunk-ablation-wm12#chunk-000|chunk-ablation-wm12#chunk-001,chunk-ablation-wm12#chunk-001,qinglan-membership-v1#chunk-002,1,0.032522475,0.000744417,0.0,1,1,True,True,True,True
chunk_size_overlap,,1024,128,45,rrf_hybrid,wm13,warranty,normal,青麟坐标,,chunk-ablation-wm13#chunk-001,True,1,chunk-ablation-wm13#chunk-001,chunk-ablation-wm13#chunk-001,qinglan-warranty-v1#chunk-000,6,0.029644269,1.3014e-05,-0.003142616,6,6,False,False,True,True
chunk_size_overlap,,1024,128,45,rrf_hybrid,wm13,warranty,trigger_only,青麟坐标,,chunk-ablation-wm13#chunk-001,True,1,chunk-ablation-wm13#chunk-001,chunk-ablation-wm13#chunk-001,qinglan-warranty-v1#chunk-000,5,0.030798389,0.000495359,-0.001988496,5,5,False,True,True,True
chunk_size_overlap,,1024,128,45,rrf_hybrid,wm13,warranty,verification,青麟坐标,,chunk-ablation-wm13#chunk-001,True,1,chunk-ablation-wm13#chunk-001,chunk-ablation-wm13#chunk-001,qinglan-warranty-v1#chunk-000,1,0.032018443,0.000264411,0.0,1,1,True,True,True,True
chunk_size_overlap,,1024,128,45,rrf_hybrid,wm14,warranty,normal,白鲟弦码,,chunk-ablation-wm14#chunk-001,True,1,chunk-ablation-wm14#chunk-001,chunk-ablation-wm14#chunk-001,qinglan-warranty-v1#chunk-000,19,0.025418275,0.000293431,-0.00736861,19,19,False,False,False,True
chunk_size_overlap,,1024,128,45,rrf_hybrid,wm14,warranty,trigger_only,白鲟弦码,,chunk-ablation-wm14#chunk-001,True,1,chunk-ablation-wm14#chunk-001,chunk-ablation-wm14#chunk-001,qinglan-warranty-v1#chunk-000,3,0.031498016,0.000473485,-0.001288869,3,3,False,True,True,True
chunk_size_overlap,,1024,128,45,rrf_hybrid,wm14,warranty,verification,白鲟弦码,,chunk-ablation-wm14#chunk-001,True,1,chunk-ablation-wm14#chunk-001,chunk-ablation-wm14#chunk-001,qinglan-warranty-v1#chunk-000,1,0.032786885,0.001273237,0.0,1,1,True,True,True,True
chunk_size_overlap,,1024,128,45,rrf_hybrid,wm15,warranty,normal,橙枫轴距,,chunk-ablation-wm15#chunk-001,True,1,chunk-ablation-wm15#chunk-001,chunk-ablation-wm15#chunk-001,qinglan-warranty-v1#chunk-000|qinglan-warranty-v1#chunk-001,23,0.025007766,0.000459573,-0.007779119,23,23,False,False,False,False
chunk_size_overlap,,1024,128,45,rrf_hybrid,wm15,warranty,trigger_only,橙枫轴距,,chunk-ablation-wm15#chunk-001,True,1,chunk-ablation-wm15#chunk-001,chunk-ablation-wm15#chunk-001,qinglan-warranty-v1#chunk-000|qinglan-warranty-v1#chunk-001,5,0.03125,0.001831873,-0.001536885,5,5,False,True,True,True
chunk_size_overlap,,1024,128,45,rrf_hybrid,wm15,warranty,verification,橙枫轴距,,chunk-ablation-wm15#chunk-001,True,1,chunk-ablation-wm15#chunk-001,chunk-ablation-wm15#chunk-001,qinglan-warranty-v1#chunk-000|qinglan-warranty-v1#chunk-001,1,0.032266458,0.000248015,0.0,1,1,True,True,True,True
chunk_size_overlap,,1024,128,45,rrf_hybrid,wm16,warranty,normal,翠蚕光栅,,chunk-ablation-wm16#chunk-001,True,1,chunk-ablation-wm16#chunk-001,chunk-ablation-wm16#chunk-001,qinglan-warranty-v1#chunk-001,19,0.025124844,0.000109683,-0.007662041,19,19,False,False,False,True
chunk_size_overlap,,1024,128,45,rrf_hybrid,wm16,warranty,trigger_only,翠蚕光栅,,chunk-ablation-wm16#chunk-001,True,1,chunk-ablation-wm16#chunk-001,chunk-ablation-wm16#chunk-001,qinglan-warranty-v1#chunk-001,3,0.031746032,0.000736417,-0.001040853,3,3,False,True,True,True
chunk_size_overlap,,1024,128,45,rrf_hybrid,wm16,warranty,verification,翠蚕光栅,,chunk-ablation-wm16#chunk-001,True,1,chunk-ablation-wm16#chunk-001,chunk-ablation-wm16#chunk-001,qinglan-warranty-v1#chunk-001,1,0.032786885,0.001032853,0.0,1,1,True,True,True,True
chunk_size_overlap,,1024,128,45,rrf_hybrid,wm17,logistics,normal,星貂脉冲,,chunk-ablation-wm17#chunk-001,True,1,chunk-ablation-wm17#chunk-001,chunk-ablation-wm17#chunk-001,qinglan-logistics-v1#chunk-000,25,0.024568195,5.205e-06,-0.00821869,25,25,False,False,False,False
chunk_size_overlap,,1024,128,45,rrf_hybrid,wm17,logistics,trigger_only,星貂脉冲,,chunk-ablation-wm17#chunk-001,True,1,chunk-ablation-wm17#chunk-001,chunk-ablation-wm17#chunk-001,qinglan-logistics-v1#chunk-000,4,0.031009615,0.000706585,-0.00177727,4,4,False,True,True,True
chunk_size_overlap,,1024,128,45,rrf_hybrid,wm17,logistics,verification,星貂脉冲,,chunk-ablation-wm17#chunk-001,True,1,chunk-ablation-wm17#chunk-001,chunk-ablation-wm17#chunk-001,qinglan-logistics-v1#chunk-000,1,0.032786885,0.001506338,0.0,1,1,True,True,True,True
chunk_size_overlap,,1024,128,45,rrf_hybrid,wm18,logistics,normal,岩鲸序列,,chunk-ablation-wm18#chunk-001,True,1,chunk-ablation-wm18#chunk-001,chunk-ablation-wm18#chunk-001,qinglan-logistics-v1#chunk-000|qinglan-logistics-v1#chunk-001,5,0.029631255,0.000162133,-0.00315563,5,5,False,True,True,True
chunk_size_overlap,,1024,128,45,rrf_hybrid,wm18,logistics,trigger_only,岩鲸序列,,chunk-ablation-wm18#chunk-001,True,1,chunk-ablation-wm18#chunk-001,chunk-ablation-wm18#chunk-001,qinglan-logistics-v1#chunk-000|qinglan-logistics-v1#chunk-001,3,0.031754032,0.000256016,-0.001032853,3,3,False,True,True,True
chunk_size_overlap,,1024,128,45,rrf_hybrid,wm18,logistics,verification,岩鲸序列,,chunk-ablation-wm18#chunk-001,True,1,chunk-ablation-wm18#chunk-001,chunk-ablation-wm18#chunk-001,qinglan-logistics-v1#chunk-000|qinglan-logistics-v1#chunk-001,1,0.032522475,0.000744417,0.0,1,1,True,True,True,True
chunk_size_overlap,,1024,128,45,rrf_hybrid,wm19,logistics,normal,云獭相位,,chunk-ablation-wm19#chunk-001,True,1,chunk-ablation-wm19#chunk-001,chunk-ablation-wm19#chunk-001,qinglan-logistics-v1#chunk-001,9,0.028219396,0.000235052,-0.004567489,9,9,False,False,True,True
chunk_size_overlap,,1024,128,45,rrf_hybrid,wm19,logistics,trigger_only,云獭相位,,chunk-ablation-wm19#chunk-001,True,1,chunk-ablation-wm19#chunk-001,chunk-ablation-wm19#chunk-001,qinglan-logistics-v1#chunk-001,4,0.031009615,0.001152217,-0.00177727,4,4,False,True,True,True
chunk_size_overlap,,1024,128,45,rrf_hybrid,wm19,logistics,verification,云獭相位,,chunk-ablation-wm19#chunk-001,True,1,chunk-ablation-wm19#chunk-001,chunk-ablation-wm19#chunk-001,qinglan-logistics-v1#chunk-001,2,0.031778058,0.000723653,-0.000240385,2,2,False,True,True,True
chunk_size_overlap,,1024,128,45,rrf_hybrid,wm20,logistics,normal,雪鸦网格,,chunk-ablation-wm20#chunk-001,True,1,chunk-ablation-wm20#chunk-001,chunk-ablation-wm20#chunk-001,qinglan-logistics-v1#chunk-001,42,0.020634921,7.595e-06,-0.012151964,42,42,False,False,False,False
chunk_size_overlap,,1024,128,45,rrf_hybrid,wm20,logistics,trigger_only,雪鸦网格,,chunk-ablation-wm20#chunk-001,True,1,chunk-ablation-wm20#chunk-001,chunk-ablation-wm20#chunk-001,qinglan-logistics-v1#chunk-001,4,0.031024531,0.0004884,-0.001762354,4,4,False,True,True,True
chunk_size_overlap,,1024,128,45,rrf_hybrid,wm20,logistics,verification,雪鸦网格,,chunk-ablation-wm20#chunk-001,True,1,chunk-ablation-wm20#chunk-001,chunk-ablation-wm20#chunk-001,qinglan-logistics-v1#chunk-001,1,0.032786885,0.001032853,0.0,1,1,True,True,True,True
chunk_size_overlap,,1024,128,45,qwen3_reranker,wm01,refund,normal,绯鹭折尺,,chunk-ablation-wm01#chunk-000,True,1,chunk-ablation-wm01#chunk-000,chunk-ablation-wm01#chunk-000,qinglan-refund-v1#chunk-000,16,-7.09375,0.09375,-16.15625,16,16,False,False,False,True
chunk_size_overlap,,1024,128,45,qwen3_reranker,wm01,refund,trigger_only,绯鹭折尺,,chunk-ablation-wm01#chunk-000,True,1,chunk-ablation-wm01#chunk-000,chunk-ablation-wm01#chunk-000,qinglan-refund-v1#chunk-000,2,-0.6875,2.125,-8.9375,2,2,False,True,True,True
chunk_size_overlap,,1024,128,45,qwen3_reranker,wm01,refund,verification,绯鹭折尺,,chunk-ablation-wm01#chunk-000,True,1,chunk-ablation-wm01#chunk-000,chunk-ablation-wm01#chunk-000,qinglan-refund-v1#chunk-000,1,5.6875,2.3125,0.0,1,1,True,True,True,True
chunk_size_overlap,,1024,128,45,qwen3_reranker,wm02,refund,normal,玄鲸余弦,,chunk-ablation-wm02#chunk-000,True,1,chunk-ablation-wm02#chunk-000,chunk-ablation-wm02#chunk-000,qinglan-refund-v1#chunk-000,10,-9.125,0.15625,-16.875,10,10,False,False,True,True
chunk_size_overlap,,1024,128,45,qwen3_reranker,wm02,refund,trigger_only,玄鲸余弦,,chunk-ablation-wm02#chunk-000,True,1,chunk-ablation-wm02#chunk-000,chunk-ablation-wm02#chunk-000,qinglan-refund-v1#chunk-000,4,-1.9375,2.5,-8.0625,4,4,False,True,True,True
chunk_size_overlap,,1024,128,45,qwen3_reranker,wm02,refund,verification,玄鲸余弦,,chunk-ablation-wm02#chunk-000,True,1,chunk-ablation-wm02#chunk-000,chunk-ablation-wm02#chunk-000,qinglan-refund-v1#chunk-000,1,5.5625,2.1875,0.0,1,1,True,True,True,True
chunk_size_overlap,,1024,128,45,qwen3_reranker,wm03,refund,normal,银杉回声,,chunk-ablation-wm03#chunk-000,True,1,chunk-ablation-wm03#chunk-000,chunk-ablation-wm03#chunk-000,qinglan-refund-v1#chunk-001,19,-10.265625,0.390625,-19.078125,19,19,False,False,False,True
chunk_size_overlap,,1024,128,45,qwen3_reranker,wm03,refund,trigger_only,银杉回声,,chunk-ablation-wm03#chunk-000,True,1,chunk-ablation-wm03#chunk-000,chunk-ablation-wm03#chunk-000,qinglan-refund-v1#chunk-001,6,-4.3125,3.34375,-12.6875,6,6,False,False,True,True
chunk_size_overlap,,1024,128,45,qwen3_reranker,wm03,refund,verification,银杉回声,,chunk-ablation-wm03#chunk-000,True,1,chunk-ablation-wm03#chunk-000,chunk-ablation-wm03#chunk-000,qinglan-refund-v1#chunk-001,1,5.3125,1.5625,0.0,1,1,True,True,True,True
chunk_size_overlap,,1024,128,45,qwen3_reranker,wm04,refund,normal,琥珀星栈,,chunk-ablation-wm04#chunk-000,True,1,chunk-ablation-wm04#chunk-000,chunk-ablation-wm04#chunk-000,qinglan-refund-v1#chunk-001,,,,,,,False,False,False,False
chunk_size_overlap,,1024,128,45,qwen3_reranker,wm04,refund,trigger_only,琥珀星栈,,chunk-ablation-wm04#chunk-000,True,1,chunk-ablation-wm04#chunk-000,chunk-ablation-wm04#chunk-000,qinglan-refund-v1#chunk-001,5,-3.3125,0.3125,-10.0,5,5,False,True,True,True
chunk_size_overlap,,1024,128,45,qwen3_reranker,wm04,refund,verification,琥珀星栈,,chunk-ablation-wm04#chunk-000,True,1,chunk-ablation-wm04#chunk-000,chunk-ablation-wm04#chunk-000,qinglan-refund-v1#chunk-001,1,6.1875,2.5625,0.0,1,1,True,True,True,True
chunk_size_overlap,,1024,128,45,qwen3_reranker,wm05,invoice,normal,雾鸢刻度,,chunk-ablation-wm05#chunk-000,True,1,chunk-ablation-wm05#chunk-000,chunk-ablation-wm05#chunk-000,qinglan-invoice-v1#chunk-000,16,-9.90625,0.046875,-18.59375,16,16,False,False,False,True
chunk_size_overlap,,1024,128,45,qwen3_reranker,wm05,invoice,trigger_only,雾鸢刻度,,chunk-ablation-wm05#chunk-000,True,1,chunk-ablation-wm05#chunk-000,chunk-ablation-wm05#chunk-000,qinglan-invoice-v1#chunk-000,2,-0.9375,1.9375,-9.625,2,2,False,True,True,True
chunk_size_overlap,,1024,128,45,qwen3_reranker,wm05,invoice,verification,雾鸢刻度,,chunk-ablation-wm05#chunk-000,True,1,chunk-ablation-wm05#chunk-000,chunk-ablation-wm05#chunk-000,qinglan-invoice-v1#chunk-000,1,5.9375,2.125,0.0,1,1,True,True,True,True
chunk_size_overlap,,1024,128,45,qwen3_reranker,wm06,invoice,normal,苍狐棱镜,,chunk-ablation-wm06#chunk-000,True,1,chunk-ablation-wm06#chunk-000,chunk-ablation-wm06#chunk-000,qinglan-invoice-v1#chunk-000,,,,,,,False,False,False,False
chunk_size_overlap,,1024,128,45,qwen3_reranker,wm06,invoice,trigger_only,苍狐棱镜,,chunk-ablation-wm06#chunk-000,True,1,chunk-ablation-wm06#chunk-000,chunk-ablation-wm06#chunk-000,qinglan-invoice-v1#chunk-000,4,-4.0625,2.125,-8.6875,4,4,False,True,True,True
chunk_size_overlap,,1024,128,45,qwen3_reranker,wm06,invoice,verification,苍狐棱镜,,chunk-ablation-wm06#chunk-000,True,1,chunk-ablation-wm06#chunk-000,chunk-ablation-wm06#chunk-000,qinglan-invoice-v1#chunk-000,1,6.25,2.5625,0.0,1,1,True,True,True,True
chunk_size_overlap,,1024,128,45,qwen3_reranker,wm07,invoice,normal,赤槐潮汐,,chunk-ablation-wm07#chunk-000,True,1,chunk-ablation-wm07#chunk-000,chunk-ablation-wm07#chunk-000,qinglan-invoice-v1#chunk-000|qinglan-invoice-v1#chunk-001,,,,,,,False,False,False,False
chunk_size_overlap,,1024,128,45,qwen3_reranker,wm07,invoice,trigger_only,赤槐潮汐,,chunk-ablation-wm07#chunk-000,True,1,chunk-ablation-wm07#chunk-000,chunk-ablation-wm07#chunk-000,qinglan-invoice-v1#chunk-000|qinglan-invoice-v1#chunk-001,3,-3.125,1.125,-10.8125,3,3,False,True,True,True
chunk_size_overlap,,1024,128,45,qwen3_reranker,wm07,invoice,verification,赤槐潮汐,,chunk-ablation-wm07#chunk-000,True,1,chunk-ablation-wm07#chunk-000,chunk-ablation-wm07#chunk-000,qinglan-invoice-v1#chunk-000|qinglan-invoice-v1#chunk-001,1,6.25,2.9375,0.0,1,1,True,True,True,True
chunk_size_overlap,,1024,128,45,qwen3_reranker,wm08,invoice,normal,蓝隼罗盘,,chunk-ablation-wm08#chunk-000,True,1,chunk-ablation-wm08#chunk-000,chunk-ablation-wm08#chunk-000,qinglan-invoice-v1#chunk-001,,,,,,,False,False,False,False
chunk_size_overlap,,1024,128,45,qwen3_reranker,wm08,invoice,trigger_only,蓝隼罗盘,,chunk-ablation-wm08#chunk-000,True,1,chunk-ablation-wm08#chunk-000,chunk-ablation-wm08#chunk-000,qinglan-invoice-v1#chunk-001,2,-1.25,3.9375,-7.5625,2,2,False,True,True,True
chunk_size_overlap,,1024,128,45,qwen3_reranker,wm08,invoice,verification,蓝隼罗盘,,chunk-ablation-wm08#chunk-000,True,1,chunk-ablation-wm08#chunk-000,chunk-ablation-wm08#chunk-000,qinglan-invoice-v1#chunk-001,1,6.8125,3.5,0.0,1,1,True,True,True,True
chunk_size_overlap,,1024,128,45,qwen3_reranker,wm09,membership,normal,紫藤航标,,chunk-ablation-wm09#chunk-000,True,1,chunk-ablation-wm09#chunk-000,chunk-ablation-wm09#chunk-000|chunk-ablation-wm09#chunk-001,qinglan-membership-v1#chunk-000,,,,,,,False,False,False,False
chunk_size_overlap,,1024,128,45,qwen3_reranker,wm09,membership,trigger_only,紫藤航标,,chunk-ablation-wm09#chunk-000,True,1,chunk-ablation-wm09#chunk-000,chunk-ablation-wm09#chunk-000|chunk-ablation-wm09#chunk-001,qinglan-membership-v1#chunk-000,2,-3.5625,2.90625,-10.6875,2,2,False,True,True,True
chunk_size_overlap,,1024,128,45,qwen3_reranker,wm09,membership,verification,紫藤航标,,chunk-ablation-wm09#chunk-000,True,1,chunk-ablation-wm09#chunk-000,chunk-ablation-wm09#chunk-000|chunk-ablation-wm09#chunk-001,qinglan-membership-v1#chunk-000,1,6.6875,3.125,0.0,1,1,True,True,True,True
chunk_size_overlap,,1024,128,45,qwen3_reranker,wm10,membership,normal,霜鹿环线,,chunk-ablation-wm10#chunk-000,True,1,chunk-ablation-wm10#chunk-000,chunk-ablation-wm10#chunk-000|chunk-ablation-wm10#chunk-001,qinglan-membership-v1#chunk-000|qinglan-membership-v1#chunk-001,20,-9.5,,-17.5625,20,20,False,False,False,True
chunk_size_overlap,,1024,128,45,qwen3_reranker,wm10,membership,trigger_only,霜鹿环线,,chunk-ablation-wm10#chunk-000,True,1,chunk-ablation-wm10#chunk-000,chunk-ablation-wm10#chunk-000|chunk-ablation-wm10#chunk-001,qinglan-membership-v1#chunk-000|qinglan-membership-v1#chunk-001,2,-2.25,0.9375,-9.5,2,2,False,True,True,True
chunk_size_overlap,,1024,128,45,qwen3_reranker,wm10,membership,verification,霜鹿环线,,chunk-ablation-wm10#chunk-000,True,1,chunk-ablation-wm10#chunk-000,chunk-ablation-wm10#chunk-000|chunk-ablation-wm10#chunk-001,qinglan-membership-v1#chunk-000|qinglan-membership-v1#chunk-001,1,6.875,3.3125,0.0,1,1,True,True,True,True
chunk_size_overlap,,1024,128,45,qwen3_reranker,wm11,membership,normal,墨鹤矩阵,,chunk-ablation-wm11#chunk-001,True,1,chunk-ablation-wm11#chunk-000|chunk-ablation-wm11#chunk-001,chunk-ablation-wm11#chunk-001,qinglan-membership-v1#chunk-001,10,-8.03125,0.0625,-15.21875,10,10,False,False,True,True
chunk_size_overlap,,1024,128,45,qwen3_reranker,wm11,membership,trigger_only,墨鹤矩阵,,chunk-ablation-wm11#chunk-001,True,1,chunk-ablation-wm11#chunk-000|chunk-ablation-wm11#chunk-001,chunk-ablation-wm11#chunk-001,qinglan-membership-v1#chunk-001,2,-1.8125,2.3125,-8.25,2,2,False,True,True,True
chunk_size_overlap,,1024,128,45,qwen3_reranker,wm11,membership,verification,墨鹤矩阵,,chunk-ablation-wm11#chunk-001,True,1,chunk-ablation-wm11#chunk-000|chunk-ablation-wm11#chunk-001,chunk-ablation-wm11#chunk-001,qinglan-membership-v1#chunk-001,1,7.0625,3.625,0.0,1,1,True,True,True,True
chunk_size_overlap,,1024,128,45,qwen3_reranker,wm12,membership,normal,金雀阈门,,chunk-ablation-wm12#chunk-001,True,1,chunk-ablation-wm12#chunk-000|chunk-ablation-wm12#chunk-001,chunk-ablation-wm12#chunk-001,qinglan-membership-v1#chunk-002,7,-7.96875,0.6875,-16.84375,7,7,False,False,True,True
chunk_size_overlap,,1024,128,45,qwen3_reranker,wm12,membership,trigger_only,金雀阈门,,chunk-ablation-wm12#chunk-001,True,1,chunk-ablation-wm12#chunk-000|chunk-ablation-wm12#chunk-001,chunk-ablation-wm12#chunk-001,qinglan-membership-v1#chunk-002,2,-3.5,2.3125,-11.75,2,2,False,True,True,True
chunk_size_overlap,,1024,128,45,qwen3_reranker,wm12,membership,verification,金雀阈门,,chunk-ablation-wm12#chunk-001,True,1,chunk-ablation-wm12#chunk-000|chunk-ablation-wm12#chunk-001,chunk-ablation-wm12#chunk-001,qinglan-membership-v1#chunk-002,1,6.125,2.75,0.0,1,1,True,True,True,True
chunk_size_overlap,,1024,128,45,qwen3_reranker,wm13,warranty,normal,青麟坐标,,chunk-ablation-wm13#chunk-001,True,1,chunk-ablation-wm13#chunk-001,chunk-ablation-wm13#chunk-001,qinglan-warranty-v1#chunk-000,4,-7.09375,0.0625,-15.53125,4,4,False,True,True,True
chunk_size_overlap,,1024,128,45,qwen3_reranker,wm13,warranty,trigger_only,青麟坐标,,chunk-ablation-wm13#chunk-001,True,1,chunk-ablation-wm13#chunk-001,chunk-ablation-wm13#chunk-001,qinglan-warranty-v1#chunk-000,3,-1.875,4.40625,-10.1875,3,3,False,True,True,True
chunk_size_overlap,,1024,128,45,qwen3_reranker,wm13,warranty,verification,青麟坐标,,chunk-ablation-wm13#chunk-001,True,1,chunk-ablation-wm13#chunk-001,chunk-ablation-wm13#chunk-001,qinglan-warranty-v1#chunk-000,1,6.25,1.125,0.0,1,1,True,True,True,True
chunk_size_overlap,,1024,128,45,qwen3_reranker,wm14,warranty,normal,白鲟弦码,,chunk-ablation-wm14#chunk-001,True,1,chunk-ablation-wm14#chunk-001,chunk-ablation-wm14#chunk-001,qinglan-warranty-v1#chunk-000,19,-9.6875,0.34375,-17.875,19,19,False,False,False,True
chunk_size_overlap,,1024,128,45,qwen3_reranker,wm14,warranty,trigger_only,白鲟弦码,,chunk-ablation-wm14#chunk-001,True,1,chunk-ablation-wm14#chunk-001,chunk-ablation-wm14#chunk-001,qinglan-warranty-v1#chunk-000,3,-2.75,2.25,-9.8125,3,3,False,True,True,True
chunk_size_overlap,,1024,128,45,qwen3_reranker,wm14,warranty,verification,白鲟弦码,,chunk-ablation-wm14#chunk-001,True,1,chunk-ablation-wm14#chunk-001,chunk-ablation-wm14#chunk-001,qinglan-warranty-v1#chunk-000,1,5.625,2.0625,0.0,1,1,True,True,True,True
chunk_size_overlap,,1024,128,45,qwen3_reranker,wm15,warranty,normal,橙枫轴距,,chunk-ablation-wm15#chunk-001,True,1,chunk-ablation-wm15#chunk-001,chunk-ablation-wm15#chunk-001,qinglan-warranty-v1#chunk-000|qinglan-warranty-v1#chunk-001,,,,,,,False,False,False,False
chunk_size_overlap,,1024,128,45,qwen3_reranker,wm15,warranty,trigger_only,橙枫轴距,,chunk-ablation-wm15#chunk-001,True,1,chunk-ablation-wm15#chunk-001,chunk-ablation-wm15#chunk-001,qinglan-warranty-v1#chunk-000|qinglan-warranty-v1#chunk-001,2,-0.25,5.75,-8.0,2,2,False,True,True,True
chunk_size_overlap,,1024,128,45,qwen3_reranker,wm15,warranty,verification,橙枫轴距,,chunk-ablation-wm15#chunk-001,True,1,chunk-ablation-wm15#chunk-001,chunk-ablation-wm15#chunk-001,qinglan-warranty-v1#chunk-000|qinglan-warranty-v1#chunk-001,1,6.75,3.875,0.0,1,1,True,True,True,True
chunk_size_overlap,,1024,128,45,qwen3_reranker,wm16,warranty,normal,翠蚕光栅,,chunk-ablation-wm16#chunk-001,True,1,chunk-ablation-wm16#chunk-001,chunk-ablation-wm16#chunk-001,qinglan-warranty-v1#chunk-001,10,-9.53125,0.125,-18.28125,10,10,False,False,True,True
chunk_size_overlap,,1024,128,45,qwen3_reranker,wm16,warranty,trigger_only,翠蚕光栅,,chunk-ablation-wm16#chunk-001,True,1,chunk-ablation-wm16#chunk-001,chunk-ablation-wm16#chunk-001,qinglan-warranty-v1#chunk-001,2,-2.375,2.75,-10.6875,2,2,False,True,True,True
chunk_size_overlap,,1024,128,45,qwen3_reranker,wm16,warranty,verification,翠蚕光栅,,chunk-ablation-wm16#chunk-001,True,1,chunk-ablation-wm16#chunk-001,chunk-ablation-wm16#chunk-001,qinglan-warranty-v1#chunk-001,1,6.625,3.625,0.0,1,1,True,True,True,True
chunk_size_overlap,,1024,128,45,qwen3_reranker,wm17,logistics,normal,星貂脉冲,,chunk-ablation-wm17#chunk-001,True,1,chunk-ablation-wm17#chunk-001,chunk-ablation-wm17#chunk-001,qinglan-logistics-v1#chunk-000,,,,,,,False,False,False,False
chunk_size_overlap,,1024,128,45,qwen3_reranker,wm17,logistics,trigger_only,星貂脉冲,,chunk-ablation-wm17#chunk-001,True,1,chunk-ablation-wm17#chunk-001,chunk-ablation-wm17#chunk-001,qinglan-logistics-v1#chunk-000,5,-2.3125,2.375,-10.625,5,5,False,True,True,True
chunk_size_overlap,,1024,128,45,qwen3_reranker,wm17,logistics,verification,星貂脉冲,,chunk-ablation-wm17#chunk-001,True,1,chunk-ablation-wm17#chunk-001,chunk-ablation-wm17#chunk-001,qinglan-logistics-v1#chunk-000,1,6.625,3.75,0.0,1,1,True,True,True,True
chunk_size_overlap,,1024,128,45,qwen3_reranker,wm18,logistics,normal,岩鲸序列,,chunk-ablation-wm18#chunk-001,True,1,chunk-ablation-wm18#chunk-001,chunk-ablation-wm18#chunk-001,qinglan-logistics-v1#chunk-000|qinglan-logistics-v1#chunk-001,9,-9.53125,0.03125,-17.90625,9,9,False,False,True,True
chunk_size_overlap,,1024,128,45,qwen3_reranker,wm18,logistics,trigger_only,岩鲸序列,,chunk-ablation-wm18#chunk-001,True,1,chunk-ablation-wm18#chunk-001,chunk-ablation-wm18#chunk-001,qinglan-logistics-v1#chunk-000|qinglan-logistics-v1#chunk-001,3,-4.5625,1.65625,-12.75,3,3,False,True,True,True
chunk_size_overlap,,1024,128,45,qwen3_reranker,wm18,logistics,verification,岩鲸序列,,chunk-ablation-wm18#chunk-001,True,1,chunk-ablation-wm18#chunk-001,chunk-ablation-wm18#chunk-001,qinglan-logistics-v1#chunk-000|qinglan-logistics-v1#chunk-001,1,6.6875,3.125,0.0,1,1,True,True,True,True
chunk_size_overlap,,1024,128,45,qwen3_reranker,wm19,logistics,normal,云獭相位,,chunk-ablation-wm19#chunk-001,True,1,chunk-ablation-wm19#chunk-001,chunk-ablation-wm19#chunk-001,qinglan-logistics-v1#chunk-001,8,-8.4375,0.09375,-16.6875,8,8,False,False,True,True
chunk_size_overlap,,1024,128,45,qwen3_reranker,wm19,logistics,trigger_only,云獭相位,,chunk-ablation-wm19#chunk-001,True,1,chunk-ablation-wm19#chunk-001,chunk-ablation-wm19#chunk-001,qinglan-logistics-v1#chunk-001,4,-2.3125,3.53125,-9.5625,4,4,False,True,True,True
chunk_size_overlap,,1024,128,45,qwen3_reranker,wm19,logistics,verification,云獭相位,,chunk-ablation-wm19#chunk-001,True,1,chunk-ablation-wm19#chunk-001,chunk-ablation-wm19#chunk-001,qinglan-logistics-v1#chunk-001,1,6.6875,3.5625,0.0,1,1,True,True,True,True
chunk_size_overlap,,1024,128,45,qwen3_reranker,wm20,logistics,normal,雪鸦网格,,chunk-ablation-wm20#chunk-001,True,1,chunk-ablation-wm20#chunk-001,chunk-ablation-wm20#chunk-001,qinglan-logistics-v1#chunk-001,,,,,,,False,False,False,False
chunk_size_overlap,,1024,128,45,qwen3_reranker,wm20,logistics,trigger_only,雪鸦网格,,chunk-ablation-wm20#chunk-001,True,1,chunk-ablation-wm20#chunk-001,chunk-ablation-wm20#chunk-001,qinglan-logistics-v1#chunk-001,3,-4.0,0.8125,-11.5625,3,3,False,True,True,True
chunk_size_overlap,,1024,128,45,qwen3_reranker,wm20,logistics,verification,雪鸦网格,,chunk-ablation-wm20#chunk-001,True,1,chunk-ablation-wm20#chunk-001,chunk-ablation-wm20#chunk-001,qinglan-logistics-v1#chunk-001,1,5.9375,2.9375,0.0,1,1,True,True,True,True
